attacker_strategy,censored,collusive_endorsements_accepted,condition,detection_reasons,expelled,expulsion_event_index,expulsion_round,fallout_broadcasts,false_positive_agents,false_positive_count,false_positive_rate,family,final_attacker_suspicion,fraudulent_microtasks_accepted,fraudulent_reputation_gain,honest_agent_count,intensity,pattern_detection,reputation_lag_events,reputation_lag_rounds,scenario_id,seed,signed_log,threshold,wash_trades_accepted
naive,False,0,B2_signed_nopattern,"fake_microtask_claim,duplicate_microtask_evidence,rug_pull_or_reward_redirect,misleading_donation_claim",True,13,6,1,,0,0.0,R1_fake_microtask_claims,23,1,1.0,8,low,False,0,0,R1_fake_microtask_claims_low_seed01,1,True,1,0
naive,False,0,C1_vukzero_accountability,"fake_microtask_claim,duplicate_microtask_evidence,rug_pull_or_reward_redirect,misleading_donation_claim",True,13,6,1,,0,0.0,R1_fake_microtask_claims,23,1,1.0,8,low,True,0,0,R1_fake_microtask_claims_low_seed01,1,True,1,0
naive,False,0,B2_signed_nopattern,"fake_microtask_claim,duplicate_microtask_evidence,rug_pull_or_reward_redirect,misleading_donation_claim",True,13,6,1,,0,0.0,R1_fake_microtask_claims,23,1,1.0,8,low,False,0,0,R1_fake_microtask_claims_low_seed01,1,True,2,0
naive,False,0,C1_vukzero_accountability,"fake_microtask_claim,duplicate_microtask_evidence,rug_pull_or_reward_redirect,misleading_donation_claim",True,13,6,1,,0,0.0,R1_fake_microtask_claims,23,1,1.0,8,low,True,0,0,R1_fake_microtask_claims_low_seed01,1,True,2,0
naive,False,0,B2_signed_nopattern,"fake_microtask_claim,duplicate_microtask_evidence,rug_pull_or_reward_redirect,misleading_donation_claim",True,13,6,1,,0,0.0,R1_fake_microtask_claims,23,1,1.0,8,low,False,0,0,R1_fake_microtask_claims_low_seed01,1,True,3,0
naive,False,0,C1_vukzero_accountability,"fake_microtask_claim,duplicate_microtask_evidence,rug_pull_or_reward_redirect,misleading_donation_claim",True,13,6,1,,0,0.0,R1_fake_microtask_claims,23,1,1.0,8,low,True,0,0,R1_fake_microtask_claims_low_seed01,1,True,3,0
naive,False,0,B2_signed_nopattern,"fake_microtask_claim,duplicate_microtask_evidence,rug_pull_or_reward_redirect,misleading_donation_claim",True,14,7,2,,0,0.0,R1_fake_microtask_claims,23,2,2.0,8,low,False,1,1,R1_fake_microtask_claims_low_seed01,1,True,4,0
naive,False,0,C1_vukzero_accountability,"fake_microtask_claim,duplicate_microtask_evidence,rug_pull_or_reward_redirect,misleading_donation_claim",True,14,7,2,,0,0.0,R1_fake_microtask_claims,23,2,2.0,8,low,True,1,1,R1_fake_microtask_claims_low_seed01,1,True,4,0
naive,False,0,B2_signed_nopattern,"fake_microtask_claim,duplicate_microtask_evidence,rug_pull_or_reward_redirect,misleading_donation_claim",True,14,7,2,,0,0.0,R1_fake_microtask_claims,23,2,2.0,8,low,False,1,1,R1_fake_microtask_claims_low_seed01,1,True,5,0
naive,False,0,C1_vukzero_accountability,"fake_microtask_claim,duplicate_microtask_evidence,rug_pull_or_reward_redirect,misleading_donation_claim",True,14,7,2,,0,0.0,R1_fake_microtask_claims,23,2,2.0,8,low,True,1,1,R1_fake_microtask_claims_low_seed01,1,True,5,0
naive,False,0,B2_signed_nopattern,"fake_microtask_claim,duplicate_microtask_evidence,rug_pull_or_reward_redirect,misleading_donation_claim",True,14,7,2,,0,0.0,R1_fake_microtask_claims,23,2,2.0,8,low,False,1,1,R1_fake_microtask_claims_low_seed01,1,True,6,0
naive,False,0,C1_vukzero_accountability,"fake_microtask_claim,duplicate_microtask_evidence,rug_pull_or_reward_redirect,misleading_donation_claim",True,14,7,2,,0,0.0,R1_fake_microtask_claims,23,2,2.0,8,low,True,1,1,R1_fake_microtask_claims_low_seed01,1,True,6,0
naive,False,0,B2_signed_nopattern,"fake_microtask_claim,duplicate_microtask_evidence,rug_pull_or_reward_redirect,misleading_donation_claim",True,14,7,2,,0,0.0,R1_fake_microtask_claims,23,2,2.0,8,low,False,1,1,R1_fake_microtask_claims_low_seed01,1,True,7,0
naive,False,0,C1_vukzero_accountability,"fake_microtask_claim,duplicate_microtask_evidence,rug_pull_or_reward_redirect,misleading_donation_claim",True,14,7,2,,0,0.0,R1_fake_microtask_claims,23,2,2.0,8,low,True,1,1,R1_fake_microtask_claims_low_seed01,1,True,7,0
naive,False,0,B2_signed_nopattern,"fake_microtask_claim,duplicate_microtask_evidence,rug_pull_or_reward_redirect,misleading_donation_claim",True,14,7,2,,0,0.0,R1_fake_microtask_claims,23,2,2.0,8,low,False,1,1,R1_fake_microtask_claims_low_seed01,1,True,8,0
naive,False,0,C1_vukzero_accountability,"fake_microtask_claim,duplicate_microtask_evidence,rug_pull_or_reward_redirect,misleading_donation_claim",True,14,7,2,,0,0.0,R1_fake_microtask_claims,23,2,2.0,8,low,True,1,1,R1_fake_microtask_claims_low_seed01,1,True,8,0
naive,False,0,B2_signed_nopattern,"fake_microtask_claim,duplicate_microtask_evidence,rug_pull_or_reward_redirect,misleading_donation_claim",True,14,7,2,,0,0.0,R1_fake_microtask_claims,23,2,2.0,8,low,False,1,1,R1_fake_microtask_claims_low_seed01,1,True,9,0
naive,False,0,C1_vukzero_accountability,"fake_microtask_claim,duplicate_microtask_evidence,rug_pull_or_reward_redirect,misleading_donation_claim",True,14,7,2,,0,0.0,R1_fake_microtask_claims,23,2,2.0,8,low,True,1,1,R1_fake_microtask_claims_low_seed01,1,True,9,0
naive,False,0,B2_signed_nopattern,"fake_microtask_claim,duplicate_microtask_evidence,rug_pull_or_reward_redirect,misleading_donation_claim",True,15,12,3,,0,0.0,R1_fake_microtask_claims,23,2,2.0,8,low,False,2,6,R1_fake_microtask_claims_low_seed01,1,True,10,0
naive,False,0,C1_vukzero_accountability,"fake_microtask_claim,duplicate_microtask_evidence,rug_pull_or_reward_redirect,misleading_donation_claim",True,15,12,3,,0,0.0,R1_fake_microtask_claims,23,2,2.0,8,low,True,2,6,R1_fake_microtask_claims_low_seed01,1,True,10,0
naive,False,0,B2_signed_nopattern,"fake_microtask_claim,duplicate_microtask_evidence,rug_pull_or_reward_redirect,misleading_donation_claim",True,13,6,1,,0,0.0,R1_fake_microtask_claims,23,1,1.0,8,low,False,0,0,R1_fake_microtask_claims_low_seed02,2,True,1,0
naive,False,0,C1_vukzero_accountability,"fake_microtask_claim,duplicate_microtask_evidence,rug_pull_or_reward_redirect,misleading_donation_claim",True,13,6,1,,0,0.0,R1_fake_microtask_claims,23,1,1.0,8,low,True,0,0,R1_fake_microtask_claims_low_seed02,2,True,1,0
naive,False,0,B2_signed_nopattern,"fake_microtask_claim,duplicate_microtask_evidence,rug_pull_or_reward_redirect,misleading_donation_claim",True,13,6,1,,0,0.0,R1_fake_microtask_claims,23,1,1.0,8,low,False,0,0,R1_fake_microtask_claims_low_seed02,2,True,2,0
naive,False,0,C1_vukzero_accountability,"fake_microtask_claim,duplicate_microtask_evidence,rug_pull_or_reward_redirect,misleading_donation_claim",True,13,6,1,,0,0.0,R1_fake_microtask_claims,23,1,1.0,8,low,True,0,0,R1_fake_microtask_claims_low_seed02,2,True,2,0
naive,False,0,B2_signed_nopattern,"fake_microtask_claim,duplicate_microtask_evidence,rug_pull_or_reward_redirect,misleading_donation_claim",True,13,6,1,,0,0.0,R1_fake_microtask_claims,23,1,1.0,8,low,False,0,0,R1_fake_microtask_claims_low_seed02,2,True,3,0
naive,False,0,C1_vukzero_accountability,"fake_microtask_claim,duplicate_microtask_evidence,rug_pull_or_reward_redirect,misleading_donation_claim",True,13,6,1,,0,0.0,R1_fake_microtask_claims,23,1,1.0,8,low,True,0,0,R1_fake_microtask_claims_low_seed02,2,True,3,0
naive,False,0,B2_signed_nopattern,"fake_microtask_claim,duplicate_microtask_evidence,rug_pull_or_reward_redirect,misleading_donation_claim",True,14,7,2,,0,0.0,R1_fake_microtask_claims,23,2,2.0,8,low,False,1,1,R1_fake_microtask_claims_low_seed02,2,True,4,0
naive,False,0,C1_vukzero_accountability,"fake_microtask_claim,duplicate_microtask_evidence,rug_pull_or_reward_redirect,misleading_donation_claim",True,14,7,2,,0,0.0,R1_fake_microtask_claims,23,2,2.0,8,low,True,1,1,R1_fake_microtask_claims_low_seed02,2,True,4,0
naive,False,0,B2_signed_nopattern,"fake_microtask_claim,duplicate_microtask_evidence,rug_pull_or_reward_redirect,misleading_donation_claim",True,14,7,2,,0,0.0,R1_fake_microtask_claims,23,2,2.0,8,low,False,1,1,R1_fake_microtask_claims_low_seed02,2,True,5,0
naive,False,0,C1_vukzero_accountability,"fake_microtask_claim,duplicate_microtask_evidence,rug_pull_or_reward_redirect,misleading_donation_claim",True,14,7,2,,0,0.0,R1_fake_microtask_claims,23,2,2.0,8,low,True,1,1,R1_fake_microtask_claims_low_seed02,2,True,5,0
naive,False,0,B2_signed_nopattern,"fake_microtask_claim,duplicate_microtask_evidence,rug_pull_or_reward_redirect,misleading_donation_claim",True,14,7,2,,0,0.0,R1_fake_microtask_claims,23,2,2.0,8,low,False,1,1,R1_fake_microtask_claims_low_seed02,2,True,6,0
naive,False,0,C1_vukzero_accountability,"fake_microtask_claim,duplicate_microtask_evidence,rug_pull_or_reward_redirect,misleading_donation_claim",True,14,7,2,,0,0.0,R1_fake_microtask_claims,23,2,2.0,8,low,True,1,1,R1_fake_microtask_claims_low_seed02,2,True,6,0
naive,False,0,B2_signed_nopattern,"fake_microtask_claim,duplicate_microtask_evidence,rug_pull_or_reward_redirect,misleading_donation_claim",True,14,7,2,,0,0.0,R1_fake_microtask_claims,23,2,2.0,8,low,False,1,1,R1_fake_microtask_claims_low_seed02,2,True,7,0
naive,False,0,C1_vukzero_accountability,"fake_microtask_claim,duplicate_microtask_evidence,rug_pull_or_reward_redirect,misleading_donation_claim",True,14,7,2,,0,0.0,R1_fake_microtask_claims,23,2,2.0,8,low,True,1,1,R1_fake_microtask_claims_low_seed02,2,True,7,0
naive,False,0,B2_signed_nopattern,"fake_microtask_claim,duplicate_microtask_evidence,rug_pull_or_reward_redirect,misleading_donation_claim",True,14,7,2,,0,0.0,R1_fake_microtask_claims,23,2,2.0,8,low,False,1,1,R1_fake_microtask_claims_low_seed02,2,True,8,0
naive,False,0,C1_vukzero_accountability,"fake_microtask_claim,duplicate_microtask_evidence,rug_pull_or_reward_redirect,misleading_donation_claim",True,14,7,2,,0,0.0,R1_fake_microtask_claims,23,2,2.0,8,low,True,1,1,R1_fake_microtask_claims_low_seed02,2,True,8,0
naive,False,0,B2_signed_nopattern,"fake_microtask_claim,duplicate_microtask_evidence,rug_pull_or_reward_redirect,misleading_donation_claim",True,14,7,2,,0,0.0,R1_fake_microtask_claims,23,2,2.0,8,low,False,1,1,R1_fake_microtask_claims_low_seed02,2,True,9,0
naive,False,0,C1_vukzero_accountability,"fake_microtask_claim,duplicate_microtask_evidence,rug_pull_or_reward_redirect,misleading_donation_claim",True,14,7,2,,0,0.0,R1_fake_microtask_claims,23,2,2.0,8,low,True,1,1,R1_fake_microtask_claims_low_seed02,2,True,9,0
naive,False,0,B2_signed_nopattern,"fake_microtask_claim,duplicate_microtask_evidence,rug_pull_or_reward_redirect,misleading_donation_claim",True,15,12,3,,0,0.0,R1_fake_microtask_claims,23,2,2.0,8,low,False,2,6,R1_fake_microtask_claims_low_seed02,2,True,10,0
naive,False,0,C1_vukzero_accountability,"fake_microtask_claim,duplicate_microtask_evidence,rug_pull_or_reward_redirect,misleading_donation_claim",True,15,12,3,,0,0.0,R1_fake_microtask_claims,23,2,2.0,8,low,True,2,6,R1_fake_microtask_claims_low_seed02,2,True,10,0
naive,False,0,B2_signed_nopattern,"fake_microtask_claim,duplicate_microtask_evidence,rug_pull_or_reward_redirect,misleading_donation_claim",True,13,6,1,,0,0.0,R1_fake_microtask_claims,23,1,1.0,8,low,False,0,0,R1_fake_microtask_claims_low_seed03,3,True,1,0
naive,False,0,C1_vukzero_accountability,"fake_microtask_claim,duplicate_microtask_evidence,rug_pull_or_reward_redirect,misleading_donation_claim",True,13,6,1,,0,0.0,R1_fake_microtask_claims,23,1,1.0,8,low,True,0,0,R1_fake_microtask_claims_low_seed03,3,True,1,0
naive,False,0,B2_signed_nopattern,"fake_microtask_claim,duplicate_microtask_evidence,rug_pull_or_reward_redirect,misleading_donation_claim",True,13,6,1,,0,0.0,R1_fake_microtask_claims,23,1,1.0,8,low,False,0,0,R1_fake_microtask_claims_low_seed03,3,True,2,0
naive,False,0,C1_vukzero_accountability,"fake_microtask_claim,duplicate_microtask_evidence,rug_pull_or_reward_redirect,misleading_donation_claim",True,13,6,1,,0,0.0,R1_fake_microtask_claims,23,1,1.0,8,low,True,0,0,R1_fake_microtask_claims_low_seed03,3,True,2,0
naive,False,0,B2_signed_nopattern,"fake_microtask_claim,duplicate_microtask_evidence,rug_pull_or_reward_redirect,misleading_donation_claim",True,13,6,1,,0,0.0,R1_fake_microtask_claims,23,1,1.0,8,low,False,0,0,R1_fake_microtask_claims_low_seed03,3,True,3,0
naive,False,0,C1_vukzero_accountability,"fake_microtask_claim,duplicate_microtask_evidence,rug_pull_or_reward_redirect,misleading_donation_claim",True,13,6,1,,0,0.0,R1_fake_microtask_claims,23,1,1.0,8,low,True,0,0,R1_fake_microtask_claims_low_seed03,3,True,3,0
naive,False,0,B2_signed_nopattern,"fake_microtask_claim,duplicate_microtask_evidence,rug_pull_or_reward_redirect,misleading_donation_claim",True,14,7,2,,0,0.0,R1_fake_microtask_claims,23,2,2.0,8,low,False,1,1,R1_fake_microtask_claims_low_seed03,3,True,4,0
naive,False,0,C1_vukzero_accountability,"fake_microtask_claim,duplicate_microtask_evidence,rug_pull_or_reward_redirect,misleading_donation_claim",True,14,7,2,,0,0.0,R1_fake_microtask_claims,23,2,2.0,8,low,True,1,1,R1_fake_microtask_claims_low_seed03,3,True,4,0
naive,False,0,B2_signed_nopattern,"fake_microtask_claim,duplicate_microtask_evidence,rug_pull_or_reward_redirect,misleading_donation_claim",True,14,7,2,,0,0.0,R1_fake_microtask_claims,23,2,2.0,8,low,False,1,1,R1_fake_microtask_claims_low_seed03,3,True,5,0
naive,False,0,C1_vukzero_accountability,"fake_microtask_claim,duplicate_microtask_evidence,rug_pull_or_reward_redirect,misleading_donation_claim",True,14,7,2,,0,0.0,R1_fake_microtask_claims,23,2,2.0,8,low,True,1,1,R1_fake_microtask_claims_low_seed03,3,True,5,0
naive,False,0,B2_signed_nopattern,"fake_microtask_claim,duplicate_microtask_evidence,rug_pull_or_reward_redirect,misleading_donation_claim",True,14,7,2,,0,0.0,R1_fake_microtask_claims,23,2,2.0,8,low,False,1,1,R1_fake_microtask_claims_low_seed03,3,True,6,0
naive,False,0,C1_vukzero_accountability,"fake_microtask_claim,duplicate_microtask_evidence,rug_pull_or_reward_redirect,misleading_donation_claim",True,14,7,2,,0,0.0,R1_fake_microtask_claims,23,2,2.0,8,low,True,1,1,R1_fake_microtask_claims_low_seed03,3,True,6,0
naive,False,0,B2_signed_nopattern,"fake_microtask_claim,duplicate_microtask_evidence,rug_pull_or_reward_redirect,misleading_donation_claim",True,14,7,2,,0,0.0,R1_fake_microtask_claims,23,2,2.0,8,low,False,1,1,R1_fake_microtask_claims_low_seed03,3,True,7,0
naive,False,0,C1_vukzero_accountability,"fake_microtask_claim,duplicate_microtask_evidence,rug_pull_or_reward_redirect,misleading_donation_claim",True,14,7,2,,0,0.0,R1_fake_microtask_claims,23,2,2.0,8,low,True,1,1,R1_fake_microtask_claims_low_seed03,3,True,7,0
naive,False,0,B2_signed_nopattern,"fake_microtask_claim,duplicate_microtask_evidence,rug_pull_or_reward_redirect,misleading_donation_claim",True,14,7,2,,0,0.0,R1_fake_microtask_claims,23,2,2.0,8,low,False,1,1,R1_fake_microtask_claims_low_seed03,3,True,8,0
naive,False,0,C1_vukzero_accountability,"fake_microtask_claim,duplicate_microtask_evidence,rug_pull_or_reward_redirect,misleading_donation_claim",True,14,7,2,,0,0.0,R1_fake_microtask_claims,23,2,2.0,8,low,True,1,1,R1_fake_microtask_claims_low_seed03,3,True,8,0
naive,False,0,B2_signed_nopattern,"fake_microtask_claim,duplicate_microtask_evidence,rug_pull_or_reward_redirect,misleading_donation_claim",True,14,7,2,,0,0.0,R1_fake_microtask_claims,23,2,2.0,8,low,False,1,1,R1_fake_microtask_claims_low_seed03,3,True,9,0
naive,False,0,C1_vukzero_accountability,"fake_microtask_claim,duplicate_microtask_evidence,rug_pull_or_reward_redirect,misleading_donation_claim",True,14,7,2,,0,0.0,R1_fake_microtask_claims,23,2,2.0,8,low,True,1,1,R1_fake_microtask_claims_low_seed03,3,True,9,0
naive,False,0,B2_signed_nopattern,"fake_microtask_claim,duplicate_microtask_evidence,rug_pull_or_reward_redirect,misleading_donation_claim",True,15,12,3,,0,0.0,R1_fake_microtask_claims,23,2,2.0,8,low,False,2,6,R1_fake_microtask_claims_low_seed03,3,True,10,0
naive,False,0,C1_vukzero_accountability,"fake_microtask_claim,duplicate_microtask_evidence,rug_pull_or_reward_redirect,misleading_donation_claim",True,15,12,3,,0,0.0,R1_fake_microtask_claims,23,2,2.0,8,low,True,2,6,R1_fake_microtask_claims_low_seed03,3,True,10,0
naive,False,0,B2_signed_nopattern,"fake_microtask_claim,duplicate_microtask_evidence,rug_pull_or_reward_redirect,misleading_donation_claim",True,13,6,1,,0,0.0,R1_fake_microtask_claims,23,1,1.0,8,low,False,0,0,R1_fake_microtask_claims_low_seed04,4,True,1,0
naive,False,0,C1_vukzero_accountability,"fake_microtask_claim,duplicate_microtask_evidence,rug_pull_or_reward_redirect,misleading_donation_claim",True,13,6,1,,0,0.0,R1_fake_microtask_claims,23,1,1.0,8,low,True,0,0,R1_fake_microtask_claims_low_seed04,4,True,1,0
naive,False,0,B2_signed_nopattern,"fake_microtask_claim,duplicate_microtask_evidence,rug_pull_or_reward_redirect,misleading_donation_claim",True,13,6,1,,0,0.0,R1_fake_microtask_claims,23,1,1.0,8,low,False,0,0,R1_fake_microtask_claims_low_seed04,4,True,2,0
naive,False,0,C1_vukzero_accountability,"fake_microtask_claim,duplicate_microtask_evidence,rug_pull_or_reward_redirect,misleading_donation_claim",True,13,6,1,,0,0.0,R1_fake_microtask_claims,23,1,1.0,8,low,True,0,0,R1_fake_microtask_claims_low_seed04,4,True,2,0
naive,False,0,B2_signed_nopattern,"fake_microtask_claim,duplicate_microtask_evidence,rug_pull_or_reward_redirect,misleading_donation_claim",True,13,6,1,,0,0.0,R1_fake_microtask_claims,23,1,1.0,8,low,False,0,0,R1_fake_microtask_claims_low_seed04,4,True,3,0
naive,False,0,C1_vukzero_accountability,"fake_microtask_claim,duplicate_microtask_evidence,rug_pull_or_reward_redirect,misleading_donation_claim",True,13,6,1,,0,0.0,R1_fake_microtask_claims,23,1,1.0,8,low,True,0,0,R1_fake_microtask_claims_low_seed04,4,True,3,0
naive,False,0,B2_signed_nopattern,"fake_microtask_claim,duplicate_microtask_evidence,rug_pull_or_reward_redirect,misleading_donation_claim",True,14,7,2,,0,0.0,R1_fake_microtask_claims,23,2,2.0,8,low,False,1,1,R1_fake_microtask_claims_low_seed04,4,True,4,0
naive,False,0,C1_vukzero_accountability,"fake_microtask_claim,duplicate_microtask_evidence,rug_pull_or_reward_redirect,misleading_donation_claim",True,14,7,2,,0,0.0,R1_fake_microtask_claims,23,2,2.0,8,low,True,1,1,R1_fake_microtask_claims_low_seed04,4,True,4,0
naive,False,0,B2_signed_nopattern,"fake_microtask_claim,duplicate_microtask_evidence,rug_pull_or_reward_redirect,misleading_donation_claim",True,14,7,2,,0,0.0,R1_fake_microtask_claims,23,2,2.0,8,low,False,1,1,R1_fake_microtask_claims_low_seed04,4,True,5,0
naive,False,0,C1_vukzero_accountability,"fake_microtask_claim,duplicate_microtask_evidence,rug_pull_or_reward_redirect,misleading_donation_claim",True,14,7,2,,0,0.0,R1_fake_microtask_claims,23,2,2.0,8,low,True,1,1,R1_fake_microtask_claims_low_seed04,4,True,5,0
naive,False,0,B2_signed_nopattern,"fake_microtask_claim,duplicate_microtask_evidence,rug_pull_or_reward_redirect,misleading_donation_claim",True,14,7,2,,0,0.0,R1_fake_microtask_claims,23,2,2.0,8,low,False,1,1,R1_fake_microtask_claims_low_seed04,4,True,6,0
naive,False,0,C1_vukzero_accountability,"fake_microtask_claim,duplicate_microtask_evidence,rug_pull_or_reward_redirect,misleading_donation_claim",True,14,7,2,,0,0.0,R1_fake_microtask_claims,23,2,2.0,8,low,True,1,1,R1_fake_microtask_claims_low_seed04,4,True,6,0
naive,False,0,B2_signed_nopattern,"fake_microtask_claim,duplicate_microtask_evidence,rug_pull_or_reward_redirect,misleading_donation_claim",True,14,7,2,,0,0.0,R1_fake_microtask_claims,23,2,2.0,8,low,False,1,1,R1_fake_microtask_claims_low_seed04,4,True,7,0
naive,False,0,C1_vukzero_accountability,"fake_microtask_claim,duplicate_microtask_evidence,rug_pull_or_reward_redirect,misleading_donation_claim",True,14,7,2,,0,0.0,R1_fake_microtask_claims,23,2,2.0,8,low,True,1,1,R1_fake_microtask_claims_low_seed04,4,True,7,0
naive,False,0,B2_signed_nopattern,"fake_microtask_claim,duplicate_microtask_evidence,rug_pull_or_reward_redirect,misleading_donation_claim",True,14,7,2,,0,0.0,R1_fake_microtask_claims,23,2,2.0,8,low,False,1,1,R1_fake_microtask_claims_low_seed04,4,True,8,0
naive,False,0,C1_vukzero_accountability,"fake_microtask_claim,duplicate_microtask_evidence,rug_pull_or_reward_redirect,misleading_donation_claim",True,14,7,2,,0,0.0,R1_fake_microtask_claims,23,2,2.0,8,low,True,1,1,R1_fake_microtask_claims_low_seed04,4,True,8,0
naive,False,0,B2_signed_nopattern,"fake_microtask_claim,duplicate_microtask_evidence,rug_pull_or_reward_redirect,misleading_donation_claim",True,14,7,2,,0,0.0,R1_fake_microtask_claims,23,2,2.0,8,low,False,1,1,R1_fake_microtask_claims_low_seed04,4,True,9,0
naive,False,0,C1_vukzero_accountability,"fake_microtask_claim,duplicate_microtask_evidence,rug_pull_or_reward_redirect,misleading_donation_claim",True,14,7,2,,0,0.0,R1_fake_microtask_claims,23,2,2.0,8,low,True,1,1,R1_fake_microtask_claims_low_seed04,4,True,9,0
naive,False,0,B2_signed_nopattern,"fake_microtask_claim,duplicate_microtask_evidence,rug_pull_or_reward_redirect,misleading_donation_claim",True,15,12,3,,0,0.0,R1_fake_microtask_claims,23,2,2.0,8,low,False,2,6,R1_fake_microtask_claims_low_seed04,4,True,10,0
naive,False,0,C1_vukzero_accountability,"fake_microtask_claim,duplicate_microtask_evidence,rug_pull_or_reward_redirect,misleading_donation_claim",True,15,12,3,,0,0.0,R1_fake_microtask_claims,23,2,2.0,8,low,True,2,6,R1_fake_microtask_claims_low_seed04,4,True,10,0
naive,False,0,B2_signed_nopattern,"fake_microtask_claim,duplicate_microtask_evidence,rug_pull_or_reward_redirect,misleading_donation_claim",True,13,6,1,,0,0.0,R1_fake_microtask_claims,23,1,1.0,8,low,False,0,0,R1_fake_microtask_claims_low_seed05,5,True,1,0
naive,False,0,C1_vukzero_accountability,"fake_microtask_claim,duplicate_microtask_evidence,rug_pull_or_reward_redirect,misleading_donation_claim",True,13,6,1,,0,0.0,R1_fake_microtask_claims,23,1,1.0,8,low,True,0,0,R1_fake_microtask_claims_low_seed05,5,True,1,0
naive,False,0,B2_signed_nopattern,"fake_microtask_claim,duplicate_microtask_evidence,rug_pull_or_reward_redirect,misleading_donation_claim",True,13,6,1,,0,0.0,R1_fake_microtask_claims,23,1,1.0,8,low,False,0,0,R1_fake_microtask_claims_low_seed05,5,True,2,0
naive,False,0,C1_vukzero_accountability,"fake_microtask_claim,duplicate_microtask_evidence,rug_pull_or_reward_redirect,misleading_donation_claim",True,13,6,1,,0,0.0,R1_fake_microtask_claims,23,1,1.0,8,low,True,0,0,R1_fake_microtask_claims_low_seed05,5,True,2,0
naive,False,0,B2_signed_nopattern,"fake_microtask_claim,duplicate_microtask_evidence,rug_pull_or_reward_redirect,misleading_donation_claim",True,13,6,1,,0,0.0,R1_fake_microtask_claims,23,1,1.0,8,low,False,0,0,R1_fake_microtask_claims_low_seed05,5,True,3,0
naive,False,0,C1_vukzero_accountability,"fake_microtask_claim,duplicate_microtask_evidence,rug_pull_or_reward_redirect,misleading_donation_claim",True,13,6,1,,0,0.0,R1_fake_microtask_claims,23,1,1.0,8,low,True,0,0,R1_fake_microtask_claims_low_seed05,5,True,3,0
naive,False,0,B2_signed_nopattern,"fake_microtask_claim,duplicate_microtask_evidence,rug_pull_or_reward_redirect,misleading_donation_claim",True,14,7,2,,0,0.0,R1_fake_microtask_claims,23,2,2.0,8,low,False,1,1,R1_fake_microtask_claims_low_seed05,5,True,4,0
naive,False,0,C1_vukzero_accountability,"fake_microtask_claim,duplicate_microtask_evidence,rug_pull_or_reward_redirect,misleading_donation_claim",True,14,7,2,,0,0.0,R1_fake_microtask_claims,23,2,2.0,8,low,True,1,1,R1_fake_microtask_claims_low_seed05,5,True,4,0
naive,False,0,B2_signed_nopattern,"fake_microtask_claim,duplicate_microtask_evidence,rug_pull_or_reward_redirect,misleading_donation_claim",True,14,7,2,,0,0.0,R1_fake_microtask_claims,23,2,2.0,8,low,False,1,1,R1_fake_microtask_claims_low_seed05,5,True,5,0
naive,False,0,C1_vukzero_accountability,"fake_microtask_claim,duplicate_microtask_evidence,rug_pull_or_reward_redirect,misleading_donation_claim",True,14,7,2,,0,0.0,R1_fake_microtask_claims,23,2,2.0,8,low,True,1,1,R1_fake_microtask_claims_low_seed05,5,True,5,0
naive,False,0,B2_signed_nopattern,"fake_microtask_claim,duplicate_microtask_evidence,rug_pull_or_reward_redirect,misleading_donation_claim",True,14,7,2,,0,0.0,R1_fake_microtask_claims,23,2,2.0,8,low,False,1,1,R1_fake_microtask_claims_low_seed05,5,True,6,0
naive,False,0,C1_vukzero_accountability,"fake_microtask_claim,duplicate_microtask_evidence,rug_pull_or_reward_redirect,misleading_donation_claim",True,14,7,2,,0,0.0,R1_fake_microtask_claims,23,2,2.0,8,low,True,1,1,R1_fake_microtask_claims_low_seed05,5,True,6,0
naive,False,0,B2_signed_nopattern,"fake_microtask_claim,duplicate_microtask_evidence,rug_pull_or_reward_redirect,misleading_donation_claim",True,14,7,2,,0,0.0,R1_fake_microtask_claims,23,2,2.0,8,low,False,1,1,R1_fake_microtask_claims_low_seed05,5,True,7,0
naive,False,0,C1_vukzero_accountability,"fake_microtask_claim,duplicate_microtask_evidence,rug_pull_or_reward_redirect,misleading_donation_claim",True,14,7,2,,0,0.0,R1_fake_microtask_claims,23,2,2.0,8,low,True,1,1,R1_fake_microtask_claims_low_seed05,5,True,7,0
naive,False,0,B2_signed_nopattern,"fake_microtask_claim,duplicate_microtask_evidence,rug_pull_or_reward_redirect,misleading_donation_claim",True,14,7,2,,0,0.0,R1_fake_microtask_claims,23,2,2.0,8,low,False,1,1,R1_fake_microtask_claims_low_seed05,5,True,8,0
naive,False,0,C1_vukzero_accountability,"fake_microtask_claim,duplicate_microtask_evidence,rug_pull_or_reward_redirect,misleading_donation_claim",True,14,7,2,,0,0.0,R1_fake_microtask_claims,23,2,2.0,8,low,True,1,1,R1_fake_microtask_claims_low_seed05,5,True,8,0
naive,False,0,B2_signed_nopattern,"fake_microtask_claim,duplicate_microtask_evidence,rug_pull_or_reward_redirect,misleading_donation_claim",True,14,7,2,,0,0.0,R1_fake_microtask_claims,23,2,2.0,8,low,False,1,1,R1_fake_microtask_claims_low_seed05,5,True,9,0
naive,False,0,C1_vukzero_accountability,"fake_microtask_claim,duplicate_microtask_evidence,rug_pull_or_reward_redirect,misleading_donation_claim",True,14,7,2,,0,0.0,R1_fake_microtask_claims,23,2,2.0,8,low,True,1,1,R1_fake_microtask_claims_low_seed05,5,True,9,0
naive,False,0,B2_signed_nopattern,"fake_microtask_claim,duplicate_microtask_evidence,rug_pull_or_reward_redirect,misleading_donation_claim",True,15,12,3,,0,0.0,R1_fake_microtask_claims,23,2,2.0,8,low,False,2,6,R1_fake_microtask_claims_low_seed05,5,True,10,0
naive,False,0,C1_vukzero_accountability,"fake_microtask_claim,duplicate_microtask_evidence,rug_pull_or_reward_redirect,misleading_donation_claim",True,15,12,3,,0,0.0,R1_fake_microtask_claims,23,2,2.0,8,low,True,2,6,R1_fake_microtask_claims_low_seed05,5,True,10,0
naive,False,0,B2_signed_nopattern,"fake_microtask_claim,duplicate_microtask_evidence,rug_pull_or_reward_redirect,misleading_donation_claim",True,13,6,1,,0,0.0,R1_fake_microtask_claims,33,1,1.0,8,medium,False,0,0,R1_fake_microtask_claims_medium_seed01,1,True,1,0
naive,False,0,C1_vukzero_accountability,"fake_microtask_claim,duplicate_microtask_evidence,rug_pull_or_reward_redirect,misleading_donation_claim",True,13,6,1,,0,0.0,R1_fake_microtask_claims,33,1,1.0,8,medium,True,0,0,R1_fake_microtask_claims_medium_seed01,1,True,1,0
naive,False,0,B2_signed_nopattern,"fake_microtask_claim,duplicate_microtask_evidence,rug_pull_or_reward_redirect,misleading_donation_claim",True,13,6,1,,0,0.0,R1_fake_microtask_claims,33,1,1.0,8,medium,False,0,0,R1_fake_microtask_claims_medium_seed01,1,True,2,0
naive,False,0,C1_vukzero_accountability,"fake_microtask_claim,duplicate_microtask_evidence,rug_pull_or_reward_redirect,misleading_donation_claim",True,13,6,1,,0,0.0,R1_fake_microtask_claims,33,1,1.0,8,medium,True,0,0,R1_fake_microtask_claims_medium_seed01,1,True,2,0
naive,False,0,B2_signed_nopattern,"fake_microtask_claim,duplicate_microtask_evidence,rug_pull_or_reward_redirect,misleading_donation_claim",True,13,6,1,,0,0.0,R1_fake_microtask_claims,33,1,1.0,8,medium,False,0,0,R1_fake_microtask_claims_medium_seed01,1,True,3,0
naive,False,0,C1_vukzero_accountability,"fake_microtask_claim,duplicate_microtask_evidence,rug_pull_or_reward_redirect,misleading_donation_claim",True,13,6,1,,0,0.0,R1_fake_microtask_claims,33,1,1.0,8,medium,True,0,0,R1_fake_microtask_claims_medium_seed01,1,True,3,0
naive,False,0,B2_signed_nopattern,"fake_microtask_claim,duplicate_microtask_evidence,rug_pull_or_reward_redirect,misleading_donation_claim",True,14,7,2,,0,0.0,R1_fake_microtask_claims,33,2,2.0,8,medium,False,1,1,R1_fake_microtask_claims_medium_seed01,1,True,4,0
naive,False,0,C1_vukzero_accountability,"fake_microtask_claim,duplicate_microtask_evidence,rug_pull_or_reward_redirect,misleading_donation_claim",True,14,7,2,,0,0.0,R1_fake_microtask_claims,33,2,2.0,8,medium,True,1,1,R1_fake_microtask_claims_medium_seed01,1,True,4,0
naive,False,0,B2_signed_nopattern,"fake_microtask_claim,duplicate_microtask_evidence,rug_pull_or_reward_redirect,misleading_donation_claim",True,14,7,2,,0,0.0,R1_fake_microtask_claims,33,2,2.0,8,medium,False,1,1,R1_fake_microtask_claims_medium_seed01,1,True,5,0
naive,False,0,C1_vukzero_accountability,"fake_microtask_claim,duplicate_microtask_evidence,rug_pull_or_reward_redirect,misleading_donation_claim",True,14,7,2,,0,0.0,R1_fake_microtask_claims,33,2,2.0,8,medium,True,1,1,R1_fake_microtask_claims_medium_seed01,1,True,5,0
naive,False,0,B2_signed_nopattern,"fake_microtask_claim,duplicate_microtask_evidence,rug_pull_or_reward_redirect,misleading_donation_claim",True,14,7,2,,0,0.0,R1_fake_microtask_claims,33,2,2.0,8,medium,False,1,1,R1_fake_microtask_claims_medium_seed01,1,True,6,0
naive,False,0,C1_vukzero_accountability,"fake_microtask_claim,duplicate_microtask_evidence,rug_pull_or_reward_redirect,misleading_donation_claim",True,14,7,2,,0,0.0,R1_fake_microtask_claims,33,2,2.0,8,medium,True,1,1,R1_fake_microtask_claims_medium_seed01,1,True,6,0
naive,False,0,B2_signed_nopattern,"fake_microtask_claim,duplicate_microtask_evidence,rug_pull_or_reward_redirect,misleading_donation_claim",True,14,7,2,,0,0.0,R1_fake_microtask_claims,33,2,2.0,8,medium,False,1,1,R1_fake_microtask_claims_medium_seed01,1,True,7,0
naive,False,0,C1_vukzero_accountability,"fake_microtask_claim,duplicate_microtask_evidence,rug_pull_or_reward_redirect,misleading_donation_claim",True,14,7,2,,0,0.0,R1_fake_microtask_claims,33,2,2.0,8,medium,True,1,1,R1_fake_microtask_claims_medium_seed01,1,True,7,0
naive,False,0,B2_signed_nopattern,"fake_microtask_claim,duplicate_microtask_evidence,rug_pull_or_reward_redirect,misleading_donation_claim",True,14,7,2,,0,0.0,R1_fake_microtask_claims,33,2,2.0,8,medium,False,1,1,R1_fake_microtask_claims_medium_seed01,1,True,8,0
naive,False,0,C1_vukzero_accountability,"fake_microtask_claim,duplicate_microtask_evidence,rug_pull_or_reward_redirect,misleading_donation_claim",True,14,7,2,,0,0.0,R1_fake_microtask_claims,33,2,2.0,8,medium,True,1,1,R1_fake_microtask_claims_medium_seed01,1,True,8,0
naive,False,0,B2_signed_nopattern,"fake_microtask_claim,duplicate_microtask_evidence,rug_pull_or_reward_redirect,misleading_donation_claim",True,14,7,2,,0,0.0,R1_fake_microtask_claims,33,2,2.0,8,medium,False,1,1,R1_fake_microtask_claims_medium_seed01,1,True,9,0
naive,False,0,C1_vukzero_accountability,"fake_microtask_claim,duplicate_microtask_evidence,rug_pull_or_reward_redirect,misleading_donation_claim",True,14,7,2,,0,0.0,R1_fake_microtask_claims,33,2,2.0,8,medium,True,1,1,R1_fake_microtask_claims_medium_seed01,1,True,9,0
naive,False,0,B2_signed_nopattern,"fake_microtask_claim,duplicate_microtask_evidence,rug_pull_or_reward_redirect,misleading_donation_claim",True,15,8,3,,0,0.0,R1_fake_microtask_claims,33,3,3.0,8,medium,False,2,2,R1_fake_microtask_claims_medium_seed01,1,True,10,0
naive,False,0,C1_vukzero_accountability,"fake_microtask_claim,duplicate_microtask_evidence,rug_pull_or_reward_redirect,misleading_donation_claim",True,15,8,3,,0,0.0,R1_fake_microtask_claims,33,3,3.0,8,medium,True,2,2,R1_fake_microtask_claims_medium_seed01,1,True,10,0
naive,False,0,B2_signed_nopattern,"fake_microtask_claim,duplicate_microtask_evidence,rug_pull_or_reward_redirect,misleading_donation_claim",True,13,6,1,,0,0.0,R1_fake_microtask_claims,33,1,1.0,8,medium,False,0,0,R1_fake_microtask_claims_medium_seed02,2,True,1,0
naive,False,0,C1_vukzero_accountability,"fake_microtask_claim,duplicate_microtask_evidence,rug_pull_or_reward_redirect,misleading_donation_claim",True,13,6,1,,0,0.0,R1_fake_microtask_claims,33,1,1.0,8,medium,True,0,0,R1_fake_microtask_claims_medium_seed02,2,True,1,0
naive,False,0,B2_signed_nopattern,"fake_microtask_claim,duplicate_microtask_evidence,rug_pull_or_reward_redirect,misleading_donation_claim",True,13,6,1,,0,0.0,R1_fake_microtask_claims,33,1,1.0,8,medium,False,0,0,R1_fake_microtask_claims_medium_seed02,2,True,2,0
naive,False,0,C1_vukzero_accountability,"fake_microtask_claim,duplicate_microtask_evidence,rug_pull_or_reward_redirect,misleading_donation_claim",True,13,6,1,,0,0.0,R1_fake_microtask_claims,33,1,1.0,8,medium,True,0,0,R1_fake_microtask_claims_medium_seed02,2,True,2,0
naive,False,0,B2_signed_nopattern,"fake_microtask_claim,duplicate_microtask_evidence,rug_pull_or_reward_redirect,misleading_donation_claim",True,13,6,1,,0,0.0,R1_fake_microtask_claims,33,1,1.0,8,medium,False,0,0,R1_fake_microtask_claims_medium_seed02,2,True,3,0
naive,False,0,C1_vukzero_accountability,"fake_microtask_claim,duplicate_microtask_evidence,rug_pull_or_reward_redirect,misleading_donation_claim",True,13,6,1,,0,0.0,R1_fake_microtask_claims,33,1,1.0,8,medium,True,0,0,R1_fake_microtask_claims_medium_seed02,2,True,3,0
naive,False,0,B2_signed_nopattern,"fake_microtask_claim,duplicate_microtask_evidence,rug_pull_or_reward_redirect,misleading_donation_claim",True,14,7,2,,0,0.0,R1_fake_microtask_claims,33,2,2.0,8,medium,False,1,1,R1_fake_microtask_claims_medium_seed02,2,True,4,0
naive,False,0,C1_vukzero_accountability,"fake_microtask_claim,duplicate_microtask_evidence,rug_pull_or_reward_redirect,misleading_donation_claim",True,14,7,2,,0,0.0,R1_fake_microtask_claims,33,2,2.0,8,medium,True,1,1,R1_fake_microtask_claims_medium_seed02,2,True,4,0
naive,False,0,B2_signed_nopattern,"fake_microtask_claim,duplicate_microtask_evidence,rug_pull_or_reward_redirect,misleading_donation_claim",True,14,7,2,,0,0.0,R1_fake_microtask_claims,33,2,2.0,8,medium,False,1,1,R1_fake_microtask_claims_medium_seed02,2,True,5,0
naive,False,0,C1_vukzero_accountability,"fake_microtask_claim,duplicate_microtask_evidence,rug_pull_or_reward_redirect,misleading_donation_claim",True,14,7,2,,0,0.0,R1_fake_microtask_claims,33,2,2.0,8,medium,True,1,1,R1_fake_microtask_claims_medium_seed02,2,True,5,0
naive,False,0,B2_signed_nopattern,"fake_microtask_claim,duplicate_microtask_evidence,rug_pull_or_reward_redirect,misleading_donation_claim",True,14,7,2,,0,0.0,R1_fake_microtask_claims,33,2,2.0,8,medium,False,1,1,R1_fake_microtask_claims_medium_seed02,2,True,6,0
naive,False,0,C1_vukzero_accountability,"fake_microtask_claim,duplicate_microtask_evidence,rug_pull_or_reward_redirect,misleading_donation_claim",True,14,7,2,,0,0.0,R1_fake_microtask_claims,33,2,2.0,8,medium,True,1,1,R1_fake_microtask_claims_medium_seed02,2,True,6,0
naive,False,0,B2_signed_nopattern,"fake_microtask_claim,duplicate_microtask_evidence,rug_pull_or_reward_redirect,misleading_donation_claim",True,14,7,2,,0,0.0,R1_fake_microtask_claims,33,2,2.0,8,medium,False,1,1,R1_fake_microtask_claims_medium_seed02,2,True,7,0
naive,False,0,C1_vukzero_accountability,"fake_microtask_claim,duplicate_microtask_evidence,rug_pull_or_reward_redirect,misleading_donation_claim",True,14,7,2,,0,0.0,R1_fake_microtask_claims,33,2,2.0,8,medium,True,1,1,R1_fake_microtask_claims_medium_seed02,2,True,7,0
naive,False,0,B2_signed_nopattern,"fake_microtask_claim,duplicate_microtask_evidence,rug_pull_or_reward_redirect,misleading_donation_claim",True,14,7,2,,0,0.0,R1_fake_microtask_claims,33,2,2.0,8,medium,False,1,1,R1_fake_microtask_claims_medium_seed02,2,True,8,0
naive,False,0,C1_vukzero_accountability,"fake_microtask_claim,duplicate_microtask_evidence,rug_pull_or_reward_redirect,misleading_donation_claim",True,14,7,2,,0,0.0,R1_fake_microtask_claims,33,2,2.0,8,medium,True,1,1,R1_fake_microtask_claims_medium_seed02,2,True,8,0
naive,False,0,B2_signed_nopattern,"fake_microtask_claim,duplicate_microtask_evidence,rug_pull_or_reward_redirect,misleading_donation_claim",True,14,7,2,,0,0.0,R1_fake_microtask_claims,33,2,2.0,8,medium,False,1,1,R1_fake_microtask_claims_medium_seed02,2,True,9,0
naive,False,0,C1_vukzero_accountability,"fake_microtask_claim,duplicate_microtask_evidence,rug_pull_or_reward_redirect,misleading_donation_claim",True,14,7,2,,0,0.0,R1_fake_microtask_claims,33,2,2.0,8,medium,True,1,1,R1_fake_microtask_claims_medium_seed02,2,True,9,0
naive,False,0,B2_signed_nopattern,"fake_microtask_claim,duplicate_microtask_evidence,rug_pull_or_reward_redirect,misleading_donation_claim",True,15,8,3,,0,0.0,R1_fake_microtask_claims,33,3,3.0,8,medium,False,2,2,R1_fake_microtask_claims_medium_seed02,2,True,10,0
naive,False,0,C1_vukzero_accountability,"fake_microtask_claim,duplicate_microtask_evidence,rug_pull_or_reward_redirect,misleading_donation_claim",True,15,8,3,,0,0.0,R1_fake_microtask_claims,33,3,3.0,8,medium,True,2,2,R1_fake_microtask_claims_medium_seed02,2,True,10,0
naive,False,0,B2_signed_nopattern,"fake_microtask_claim,duplicate_microtask_evidence,rug_pull_or_reward_redirect,misleading_donation_claim",True,13,6,1,,0,0.0,R1_fake_microtask_claims,33,1,1.0,8,medium,False,0,0,R1_fake_microtask_claims_medium_seed03,3,True,1,0
naive,False,0,C1_vukzero_accountability,"fake_microtask_claim,duplicate_microtask_evidence,rug_pull_or_reward_redirect,misleading_donation_claim",True,13,6,1,,0,0.0,R1_fake_microtask_claims,33,1,1.0,8,medium,True,0,0,R1_fake_microtask_claims_medium_seed03,3,True,1,0
naive,False,0,B2_signed_nopattern,"fake_microtask_claim,duplicate_microtask_evidence,rug_pull_or_reward_redirect,misleading_donation_claim",True,13,6,1,,0,0.0,R1_fake_microtask_claims,33,1,1.0,8,medium,False,0,0,R1_fake_microtask_claims_medium_seed03,3,True,2,0
naive,False,0,C1_vukzero_accountability,"fake_microtask_claim,duplicate_microtask_evidence,rug_pull_or_reward_redirect,misleading_donation_claim",True,13,6,1,,0,0.0,R1_fake_microtask_claims,33,1,1.0,8,medium,True,0,0,R1_fake_microtask_claims_medium_seed03,3,True,2,0
naive,False,0,B2_signed_nopattern,"fake_microtask_claim,duplicate_microtask_evidence,rug_pull_or_reward_redirect,misleading_donation_claim",True,13,6,1,,0,0.0,R1_fake_microtask_claims,33,1,1.0,8,medium,False,0,0,R1_fake_microtask_claims_medium_seed03,3,True,3,0
naive,False,0,C1_vukzero_accountability,"fake_microtask_claim,duplicate_microtask_evidence,rug_pull_or_reward_redirect,misleading_donation_claim",True,13,6,1,,0,0.0,R1_fake_microtask_claims,33,1,1.0,8,medium,True,0,0,R1_fake_microtask_claims_medium_seed03,3,True,3,0
naive,False,0,B2_signed_nopattern,"fake_microtask_claim,duplicate_microtask_evidence,rug_pull_or_reward_redirect,misleading_donation_claim",True,14,7,2,,0,0.0,R1_fake_microtask_claims,33,2,2.0,8,medium,False,1,1,R1_fake_microtask_claims_medium_seed03,3,True,4,0
naive,False,0,C1_vukzero_accountability,"fake_microtask_claim,duplicate_microtask_evidence,rug_pull_or_reward_redirect,misleading_donation_claim",True,14,7,2,,0,0.0,R1_fake_microtask_claims,33,2,2.0,8,medium,True,1,1,R1_fake_microtask_claims_medium_seed03,3,True,4,0
naive,False,0,B2_signed_nopattern,"fake_microtask_claim,duplicate_microtask_evidence,rug_pull_or_reward_redirect,misleading_donation_claim",True,14,7,2,,0,0.0,R1_fake_microtask_claims,33,2,2.0,8,medium,False,1,1,R1_fake_microtask_claims_medium_seed03,3,True,5,0
naive,False,0,C1_vukzero_accountability,"fake_microtask_claim,duplicate_microtask_evidence,rug_pull_or_reward_redirect,misleading_donation_claim",True,14,7,2,,0,0.0,R1_fake_microtask_claims,33,2,2.0,8,medium,True,1,1,R1_fake_microtask_claims_medium_seed03,3,True,5,0
naive,False,0,B2_signed_nopattern,"fake_microtask_claim,duplicate_microtask_evidence,rug_pull_or_reward_redirect,misleading_donation_claim",True,14,7,2,,0,0.0,R1_fake_microtask_claims,33,2,2.0,8,medium,False,1,1,R1_fake_microtask_claims_medium_seed03,3,True,6,0
naive,False,0,C1_vukzero_accountability,"fake_microtask_claim,duplicate_microtask_evidence,rug_pull_or_reward_redirect,misleading_donation_claim",True,14,7,2,,0,0.0,R1_fake_microtask_claims,33,2,2.0,8,medium,True,1,1,R1_fake_microtask_claims_medium_seed03,3,True,6,0
naive,False,0,B2_signed_nopattern,"fake_microtask_claim,duplicate_microtask_evidence,rug_pull_or_reward_redirect,misleading_donation_claim",True,14,7,2,,0,0.0,R1_fake_microtask_claims,33,2,2.0,8,medium,False,1,1,R1_fake_microtask_claims_medium_seed03,3,True,7,0
naive,False,0,C1_vukzero_accountability,"fake_microtask_claim,duplicate_microtask_evidence,rug_pull_or_reward_redirect,misleading_donation_claim",True,14,7,2,,0,0.0,R1_fake_microtask_claims,33,2,2.0,8,medium,True,1,1,R1_fake_microtask_claims_medium_seed03,3,True,7,0
naive,False,0,B2_signed_nopattern,"fake_microtask_claim,duplicate_microtask_evidence,rug_pull_or_reward_redirect,misleading_donation_claim",True,14,7,2,,0,0.0,R1_fake_microtask_claims,33,2,2.0,8,medium,False,1,1,R1_fake_microtask_claims_medium_seed03,3,True,8,0
naive,False,0,C1_vukzero_accountability,"fake_microtask_claim,duplicate_microtask_evidence,rug_pull_or_reward_redirect,misleading_donation_claim",True,14,7,2,,0,0.0,R1_fake_microtask_claims,33,2,2.0,8,medium,True,1,1,R1_fake_microtask_claims_medium_seed03,3,True,8,0
naive,False,0,B2_signed_nopattern,"fake_microtask_claim,duplicate_microtask_evidence,rug_pull_or_reward_redirect,misleading_donation_claim",True,14,7,2,,0,0.0,R1_fake_microtask_claims,33,2,2.0,8,medium,False,1,1,R1_fake_microtask_claims_medium_seed03,3,True,9,0
naive,False,0,C1_vukzero_accountability,"fake_microtask_claim,duplicate_microtask_evidence,rug_pull_or_reward_redirect,misleading_donation_claim",True,14,7,2,,0,0.0,R1_fake_microtask_claims,33,2,2.0,8,medium,True,1,1,R1_fake_microtask_claims_medium_seed03,3,True,9,0
naive,False,0,B2_signed_nopattern,"fake_microtask_claim,duplicate_microtask_evidence,rug_pull_or_reward_redirect,misleading_donation_claim",True,15,8,3,,0,0.0,R1_fake_microtask_claims,33,3,3.0,8,medium,False,2,2,R1_fake_microtask_claims_medium_seed03,3,True,10,0
naive,False,0,C1_vukzero_accountability,"fake_microtask_claim,duplicate_microtask_evidence,rug_pull_or_reward_redirect,misleading_donation_claim",True,15,8,3,,0,0.0,R1_fake_microtask_claims,33,3,3.0,8,medium,True,2,2,R1_fake_microtask_claims_medium_seed03,3,True,10,0
naive,False,0,B2_signed_nopattern,"fake_microtask_claim,duplicate_microtask_evidence,rug_pull_or_reward_redirect,misleading_donation_claim",True,13,6,1,,0,0.0,R1_fake_microtask_claims,33,1,1.0,8,medium,False,0,0,R1_fake_microtask_claims_medium_seed04,4,True,1,0
naive,False,0,C1_vukzero_accountability,"fake_microtask_claim,duplicate_microtask_evidence,rug_pull_or_reward_redirect,misleading_donation_claim",True,13,6,1,,0,0.0,R1_fake_microtask_claims,33,1,1.0,8,medium,True,0,0,R1_fake_microtask_claims_medium_seed04,4,True,1,0
naive,False,0,B2_signed_nopattern,"fake_microtask_claim,duplicate_microtask_evidence,rug_pull_or_reward_redirect,misleading_donation_claim",True,13,6,1,,0,0.0,R1_fake_microtask_claims,33,1,1.0,8,medium,False,0,0,R1_fake_microtask_claims_medium_seed04,4,True,2,0
naive,False,0,C1_vukzero_accountability,"fake_microtask_claim,duplicate_microtask_evidence,rug_pull_or_reward_redirect,misleading_donation_claim",True,13,6,1,,0,0.0,R1_fake_microtask_claims,33,1,1.0,8,medium,True,0,0,R1_fake_microtask_claims_medium_seed04,4,True,2,0
naive,False,0,B2_signed_nopattern,"fake_microtask_claim,duplicate_microtask_evidence,rug_pull_or_reward_redirect,misleading_donation_claim",True,13,6,1,,0,0.0,R1_fake_microtask_claims,33,1,1.0,8,medium,False,0,0,R1_fake_microtask_claims_medium_seed04,4,True,3,0
naive,False,0,C1_vukzero_accountability,"fake_microtask_claim,duplicate_microtask_evidence,rug_pull_or_reward_redirect,misleading_donation_claim",True,13,6,1,,0,0.0,R1_fake_microtask_claims,33,1,1.0,8,medium,True,0,0,R1_fake_microtask_claims_medium_seed04,4,True,3,0
naive,False,0,B2_signed_nopattern,"fake_microtask_claim,duplicate_microtask_evidence,rug_pull_or_reward_redirect,misleading_donation_claim",True,14,7,2,,0,0.0,R1_fake_microtask_claims,33,2,2.0,8,medium,False,1,1,R1_fake_microtask_claims_medium_seed04,4,True,4,0
naive,False,0,C1_vukzero_accountability,"fake_microtask_claim,duplicate_microtask_evidence,rug_pull_or_reward_redirect,misleading_donation_claim",True,14,7,2,,0,0.0,R1_fake_microtask_claims,33,2,2.0,8,medium,True,1,1,R1_fake_microtask_claims_medium_seed04,4,True,4,0
naive,False,0,B2_signed_nopattern,"fake_microtask_claim,duplicate_microtask_evidence,rug_pull_or_reward_redirect,misleading_donation_claim",True,14,7,2,,0,0.0,R1_fake_microtask_claims,33,2,2.0,8,medium,False,1,1,R1_fake_microtask_claims_medium_seed04,4,True,5,0
naive,False,0,C1_vukzero_accountability,"fake_microtask_claim,duplicate_microtask_evidence,rug_pull_or_reward_redirect,misleading_donation_claim",True,14,7,2,,0,0.0,R1_fake_microtask_claims,33,2,2.0,8,medium,True,1,1,R1_fake_microtask_claims_medium_seed04,4,True,5,0
naive,False,0,B2_signed_nopattern,"fake_microtask_claim,duplicate_microtask_evidence,rug_pull_or_reward_redirect,misleading_donation_claim",True,14,7,2,,0,0.0,R1_fake_microtask_claims,33,2,2.0,8,medium,False,1,1,R1_fake_microtask_claims_medium_seed04,4,True,6,0
naive,False,0,C1_vukzero_accountability,"fake_microtask_claim,duplicate_microtask_evidence,rug_pull_or_reward_redirect,misleading_donation_claim",True,14,7,2,,0,0.0,R1_fake_microtask_claims,33,2,2.0,8,medium,True,1,1,R1_fake_microtask_claims_medium_seed04,4,True,6,0
naive,False,0,B2_signed_nopattern,"fake_microtask_claim,duplicate_microtask_evidence,rug_pull_or_reward_redirect,misleading_donation_claim",True,14,7,2,,0,0.0,R1_fake_microtask_claims,33,2,2.0,8,medium,False,1,1,R1_fake_microtask_claims_medium_seed04,4,True,7,0
naive,False,0,C1_vukzero_accountability,"fake_microtask_claim,duplicate_microtask_evidence,rug_pull_or_reward_redirect,misleading_donation_claim",True,14,7,2,,0,0.0,R1_fake_microtask_claims,33,2,2.0,8,medium,True,1,1,R1_fake_microtask_claims_medium_seed04,4,True,7,0
naive,False,0,B2_signed_nopattern,"fake_microtask_claim,duplicate_microtask_evidence,rug_pull_or_reward_redirect,misleading_donation_claim",True,14,7,2,,0,0.0,R1_fake_microtask_claims,33,2,2.0,8,medium,False,1,1,R1_fake_microtask_claims_medium_seed04,4,True,8,0
naive,False,0,C1_vukzero_accountability,"fake_microtask_claim,duplicate_microtask_evidence,rug_pull_or_reward_redirect,misleading_donation_claim",True,14,7,2,,0,0.0,R1_fake_microtask_claims,33,2,2.0,8,medium,True,1,1,R1_fake_microtask_claims_medium_seed04,4,True,8,0
naive,False,0,B2_signed_nopattern,"fake_microtask_claim,duplicate_microtask_evidence,rug_pull_or_reward_redirect,misleading_donation_claim",True,14,7,2,,0,0.0,R1_fake_microtask_claims,33,2,2.0,8,medium,False,1,1,R1_fake_microtask_claims_medium_seed04,4,True,9,0
naive,False,0,C1_vukzero_accountability,"fake_microtask_claim,duplicate_microtask_evidence,rug_pull_or_reward_redirect,misleading_donation_claim",True,14,7,2,,0,0.0,R1_fake_microtask_claims,33,2,2.0,8,medium,True,1,1,R1_fake_microtask_claims_medium_seed04,4,True,9,0
naive,False,0,B2_signed_nopattern,"fake_microtask_claim,duplicate_microtask_evidence,rug_pull_or_reward_redirect,misleading_donation_claim",True,15,8,3,,0,0.0,R1_fake_microtask_claims,33,3,3.0,8,medium,False,2,2,R1_fake_microtask_claims_medium_seed04,4,True,10,0
naive,False,0,C1_vukzero_accountability,"fake_microtask_claim,duplicate_microtask_evidence,rug_pull_or_reward_redirect,misleading_donation_claim",True,15,8,3,,0,0.0,R1_fake_microtask_claims,33,3,3.0,8,medium,True,2,2,R1_fake_microtask_claims_medium_seed04,4,True,10,0
naive,False,0,B2_signed_nopattern,"fake_microtask_claim,duplicate_microtask_evidence,rug_pull_or_reward_redirect,misleading_donation_claim",True,13,6,1,,0,0.0,R1_fake_microtask_claims,33,1,1.0,8,medium,False,0,0,R1_fake_microtask_claims_medium_seed05,5,True,1,0
naive,False,0,C1_vukzero_accountability,"fake_microtask_claim,duplicate_microtask_evidence,rug_pull_or_reward_redirect,misleading_donation_claim",True,13,6,1,,0,0.0,R1_fake_microtask_claims,33,1,1.0,8,medium,True,0,0,R1_fake_microtask_claims_medium_seed05,5,True,1,0
naive,False,0,B2_signed_nopattern,"fake_microtask_claim,duplicate_microtask_evidence,rug_pull_or_reward_redirect,misleading_donation_claim",True,13,6,1,,0,0.0,R1_fake_microtask_claims,33,1,1.0,8,medium,False,0,0,R1_fake_microtask_claims_medium_seed05,5,True,2,0
naive,False,0,C1_vukzero_accountability,"fake_microtask_claim,duplicate_microtask_evidence,rug_pull_or_reward_redirect,misleading_donation_claim",True,13,6,1,,0,0.0,R1_fake_microtask_claims,33,1,1.0,8,medium,True,0,0,R1_fake_microtask_claims_medium_seed05,5,True,2,0
naive,False,0,B2_signed_nopattern,"fake_microtask_claim,duplicate_microtask_evidence,rug_pull_or_reward_redirect,misleading_donation_claim",True,13,6,1,,0,0.0,R1_fake_microtask_claims,33,1,1.0,8,medium,False,0,0,R1_fake_microtask_claims_medium_seed05,5,True,3,0
naive,False,0,C1_vukzero_accountability,"fake_microtask_claim,duplicate_microtask_evidence,rug_pull_or_reward_redirect,misleading_donation_claim",True,13,6,1,,0,0.0,R1_fake_microtask_claims,33,1,1.0,8,medium,True,0,0,R1_fake_microtask_claims_medium_seed05,5,True,3,0
naive,False,0,B2_signed_nopattern,"fake_microtask_claim,duplicate_microtask_evidence,rug_pull_or_reward_redirect,misleading_donation_claim",True,14,7,2,,0,0.0,R1_fake_microtask_claims,33,2,2.0,8,medium,False,1,1,R1_fake_microtask_claims_medium_seed05,5,True,4,0
naive,False,0,C1_vukzero_accountability,"fake_microtask_claim,duplicate_microtask_evidence,rug_pull_or_reward_redirect,misleading_donation_claim",True,14,7,2,,0,0.0,R1_fake_microtask_claims,33,2,2.0,8,medium,True,1,1,R1_fake_microtask_claims_medium_seed05,5,True,4,0
naive,False,0,B2_signed_nopattern,"fake_microtask_claim,duplicate_microtask_evidence,rug_pull_or_reward_redirect,misleading_donation_claim",True,14,7,2,,0,0.0,R1_fake_microtask_claims,33,2,2.0,8,medium,False,1,1,R1_fake_microtask_claims_medium_seed05,5,True,5,0
naive,False,0,C1_vukzero_accountability,"fake_microtask_claim,duplicate_microtask_evidence,rug_pull_or_reward_redirect,misleading_donation_claim",True,14,7,2,,0,0.0,R1_fake_microtask_claims,33,2,2.0,8,medium,True,1,1,R1_fake_microtask_claims_medium_seed05,5,True,5,0
naive,False,0,B2_signed_nopattern,"fake_microtask_claim,duplicate_microtask_evidence,rug_pull_or_reward_redirect,misleading_donation_claim",True,14,7,2,,0,0.0,R1_fake_microtask_claims,33,2,2.0,8,medium,False,1,1,R1_fake_microtask_claims_medium_seed05,5,True,6,0
naive,False,0,C1_vukzero_accountability,"fake_microtask_claim,duplicate_microtask_evidence,rug_pull_or_reward_redirect,misleading_donation_claim",True,14,7,2,,0,0.0,R1_fake_microtask_claims,33,2,2.0,8,medium,True,1,1,R1_fake_microtask_claims_medium_seed05,5,True,6,0
naive,False,0,B2_signed_nopattern,"fake_microtask_claim,duplicate_microtask_evidence,rug_pull_or_reward_redirect,misleading_donation_claim",True,14,7,2,,0,0.0,R1_fake_microtask_claims,33,2,2.0,8,medium,False,1,1,R1_fake_microtask_claims_medium_seed05,5,True,7,0
naive,False,0,C1_vukzero_accountability,"fake_microtask_claim,duplicate_microtask_evidence,rug_pull_or_reward_redirect,misleading_donation_claim",True,14,7,2,,0,0.0,R1_fake_microtask_claims,33,2,2.0,8,medium,True,1,1,R1_fake_microtask_claims_medium_seed05,5,True,7,0
naive,False,0,B2_signed_nopattern,"fake_microtask_claim,duplicate_microtask_evidence,rug_pull_or_reward_redirect,misleading_donation_claim",True,14,7,2,,0,0.0,R1_fake_microtask_claims,33,2,2.0,8,medium,False,1,1,R1_fake_microtask_claims_medium_seed05,5,True,8,0
naive,False,0,C1_vukzero_accountability,"fake_microtask_claim,duplicate_microtask_evidence,rug_pull_or_reward_redirect,misleading_donation_claim",True,14,7,2,,0,0.0,R1_fake_microtask_claims,33,2,2.0,8,medium,True,1,1,R1_fake_microtask_claims_medium_seed05,5,True,8,0
naive,False,0,B2_signed_nopattern,"fake_microtask_claim,duplicate_microtask_evidence,rug_pull_or_reward_redirect,misleading_donation_claim",True,14,7,2,,0,0.0,R1_fake_microtask_claims,33,2,2.0,8,medium,False,1,1,R1_fake_microtask_claims_medium_seed05,5,True,9,0
naive,False,0,C1_vukzero_accountability,"fake_microtask_claim,duplicate_microtask_evidence,rug_pull_or_reward_redirect,misleading_donation_claim",True,14,7,2,,0,0.0,R1_fake_microtask_claims,33,2,2.0,8,medium,True,1,1,R1_fake_microtask_claims_medium_seed05,5,True,9,0
naive,False,0,B2_signed_nopattern,"fake_microtask_claim,duplicate_microtask_evidence,rug_pull_or_reward_redirect,misleading_donation_claim",True,15,8,3,,0,0.0,R1_fake_microtask_claims,33,3,3.0,8,medium,False,2,2,R1_fake_microtask_claims_medium_seed05,5,True,10,0
naive,False,0,C1_vukzero_accountability,"fake_microtask_claim,duplicate_microtask_evidence,rug_pull_or_reward_redirect,misleading_donation_claim",True,15,8,3,,0,0.0,R1_fake_microtask_claims,33,3,3.0,8,medium,True,2,2,R1_fake_microtask_claims_medium_seed05,5,True,10,0
naive,False,0,B2_signed_nopattern,"fake_microtask_claim,duplicate_microtask_evidence,rug_pull_or_reward_redirect,misleading_donation_claim",True,13,6,1,,0,0.0,R1_fake_microtask_claims,39,1,1.0,8,high,False,0,0,R1_fake_microtask_claims_high_seed01,1,True,1,0
naive,False,0,C1_vukzero_accountability,"fake_microtask_claim,duplicate_microtask_evidence,rug_pull_or_reward_redirect,misleading_donation_claim",True,13,6,1,,0,0.0,R1_fake_microtask_claims,39,1,1.0,8,high,True,0,0,R1_fake_microtask_claims_high_seed01,1,True,1,0
naive,False,0,B2_signed_nopattern,"fake_microtask_claim,duplicate_microtask_evidence,rug_pull_or_reward_redirect,misleading_donation_claim",True,13,6,1,,0,0.0,R1_fake_microtask_claims,39,1,1.0,8,high,False,0,0,R1_fake_microtask_claims_high_seed01,1,True,2,0
naive,False,0,C1_vukzero_accountability,"fake_microtask_claim,duplicate_microtask_evidence,rug_pull_or_reward_redirect,misleading_donation_claim",True,13,6,1,,0,0.0,R1_fake_microtask_claims,39,1,1.0,8,high,True,0,0,R1_fake_microtask_claims_high_seed01,1,True,2,0
naive,False,0,B2_signed_nopattern,"fake_microtask_claim,duplicate_microtask_evidence,rug_pull_or_reward_redirect,misleading_donation_claim",True,13,6,1,,0,0.0,R1_fake_microtask_claims,39,1,1.0,8,high,False,0,0,R1_fake_microtask_claims_high_seed01,1,True,3,0
naive,False,0,C1_vukzero_accountability,"fake_microtask_claim,duplicate_microtask_evidence,rug_pull_or_reward_redirect,misleading_donation_claim",True,13,6,1,,0,0.0,R1_fake_microtask_claims,39,1,1.0,8,high,True,0,0,R1_fake_microtask_claims_high_seed01,1,True,3,0
naive,False,0,B2_signed_nopattern,"fake_microtask_claim,duplicate_microtask_evidence,rug_pull_or_reward_redirect,misleading_donation_claim",True,14,7,2,,0,0.0,R1_fake_microtask_claims,39,2,2.0,8,high,False,1,1,R1_fake_microtask_claims_high_seed01,1,True,4,0
naive,False,0,C1_vukzero_accountability,"fake_microtask_claim,duplicate_microtask_evidence,rug_pull_or_reward_redirect,misleading_donation_claim",True,14,7,2,,0,0.0,R1_fake_microtask_claims,39,2,2.0,8,high,True,1,1,R1_fake_microtask_claims_high_seed01,1,True,4,0
naive,False,0,B2_signed_nopattern,"fake_microtask_claim,duplicate_microtask_evidence,rug_pull_or_reward_redirect,misleading_donation_claim",True,14,7,2,,0,0.0,R1_fake_microtask_claims,39,2,2.0,8,high,False,1,1,R1_fake_microtask_claims_high_seed01,1,True,5,0
naive,False,0,C1_vukzero_accountability,"fake_microtask_claim,duplicate_microtask_evidence,rug_pull_or_reward_redirect,misleading_donation_claim",True,14,7,2,,0,0.0,R1_fake_microtask_claims,39,2,2.0,8,high,True,1,1,R1_fake_microtask_claims_high_seed01,1,True,5,0
naive,False,0,B2_signed_nopattern,"fake_microtask_claim,duplicate_microtask_evidence,rug_pull_or_reward_redirect,misleading_donation_claim",True,14,7,2,,0,0.0,R1_fake_microtask_claims,39,2,2.0,8,high,False,1,1,R1_fake_microtask_claims_high_seed01,1,True,6,0
naive,False,0,C1_vukzero_accountability,"fake_microtask_claim,duplicate_microtask_evidence,rug_pull_or_reward_redirect,misleading_donation_claim",True,14,7,2,,0,0.0,R1_fake_microtask_claims,39,2,2.0,8,high,True,1,1,R1_fake_microtask_claims_high_seed01,1,True,6,0
naive,False,0,B2_signed_nopattern,"fake_microtask_claim,duplicate_microtask_evidence,rug_pull_or_reward_redirect,misleading_donation_claim",True,14,7,2,,0,0.0,R1_fake_microtask_claims,39,2,2.0,8,high,False,1,1,R1_fake_microtask_claims_high_seed01,1,True,7,0
naive,False,0,C1_vukzero_accountability,"fake_microtask_claim,duplicate_microtask_evidence,rug_pull_or_reward_redirect,misleading_donation_claim",True,14,7,2,,0,0.0,R1_fake_microtask_claims,39,2,2.0,8,high,True,1,1,R1_fake_microtask_claims_high_seed01,1,True,7,0
naive,False,0,B2_signed_nopattern,"fake_microtask_claim,duplicate_microtask_evidence,rug_pull_or_reward_redirect,misleading_donation_claim",True,14,7,2,,0,0.0,R1_fake_microtask_claims,39,2,2.0,8,high,False,1,1,R1_fake_microtask_claims_high_seed01,1,True,8,0
naive,False,0,C1_vukzero_accountability,"fake_microtask_claim,duplicate_microtask_evidence,rug_pull_or_reward_redirect,misleading_donation_claim",True,14,7,2,,0,0.0,R1_fake_microtask_claims,39,2,2.0,8,high,True,1,1,R1_fake_microtask_claims_high_seed01,1,True,8,0
naive,False,0,B2_signed_nopattern,"fake_microtask_claim,duplicate_microtask_evidence,rug_pull_or_reward_redirect,misleading_donation_claim",True,14,7,2,,0,0.0,R1_fake_microtask_claims,39,2,2.0,8,high,False,1,1,R1_fake_microtask_claims_high_seed01,1,True,9,0
naive,False,0,C1_vukzero_accountability,"fake_microtask_claim,duplicate_microtask_evidence,rug_pull_or_reward_redirect,misleading_donation_claim",True,14,7,2,,0,0.0,R1_fake_microtask_claims,39,2,2.0,8,high,True,1,1,R1_fake_microtask_claims_high_seed01,1,True,9,0
naive,False,0,B2_signed_nopattern,"fake_microtask_claim,duplicate_microtask_evidence,rug_pull_or_reward_redirect,misleading_donation_claim",True,15,8,3,,0,0.0,R1_fake_microtask_claims,39,3,3.0,8,high,False,2,2,R1_fake_microtask_claims_high_seed01,1,True,10,0
naive,False,0,C1_vukzero_accountability,"fake_microtask_claim,duplicate_microtask_evidence,rug_pull_or_reward_redirect,misleading_donation_claim",True,15,8,3,,0,0.0,R1_fake_microtask_claims,39,3,3.0,8,high,True,2,2,R1_fake_microtask_claims_high_seed01,1,True,10,0
naive,False,0,B2_signed_nopattern,"fake_microtask_claim,duplicate_microtask_evidence,rug_pull_or_reward_redirect,misleading_donation_claim",True,13,6,1,,0,0.0,R1_fake_microtask_claims,39,1,1.0,8,high,False,0,0,R1_fake_microtask_claims_high_seed02,2,True,1,0
naive,False,0,C1_vukzero_accountability,"fake_microtask_claim,duplicate_microtask_evidence,rug_pull_or_reward_redirect,misleading_donation_claim",True,13,6,1,,0,0.0,R1_fake_microtask_claims,39,1,1.0,8,high,True,0,0,R1_fake_microtask_claims_high_seed02,2,True,1,0
naive,False,0,B2_signed_nopattern,"fake_microtask_claim,duplicate_microtask_evidence,rug_pull_or_reward_redirect,misleading_donation_claim",True,13,6,1,,0,0.0,R1_fake_microtask_claims,39,1,1.0,8,high,False,0,0,R1_fake_microtask_claims_high_seed02,2,True,2,0
naive,False,0,C1_vukzero_accountability,"fake_microtask_claim,duplicate_microtask_evidence,rug_pull_or_reward_redirect,misleading_donation_claim",True,13,6,1,,0,0.0,R1_fake_microtask_claims,39,1,1.0,8,high,True,0,0,R1_fake_microtask_claims_high_seed02,2,True,2,0
naive,False,0,B2_signed_nopattern,"fake_microtask_claim,duplicate_microtask_evidence,rug_pull_or_reward_redirect,misleading_donation_claim",True,13,6,1,,0,0.0,R1_fake_microtask_claims,39,1,1.0,8,high,False,0,0,R1_fake_microtask_claims_high_seed02,2,True,3,0
naive,False,0,C1_vukzero_accountability,"fake_microtask_claim,duplicate_microtask_evidence,rug_pull_or_reward_redirect,misleading_donation_claim",True,13,6,1,,0,0.0,R1_fake_microtask_claims,39,1,1.0,8,high,True,0,0,R1_fake_microtask_claims_high_seed02,2,True,3,0
naive,False,0,B2_signed_nopattern,"fake_microtask_claim,duplicate_microtask_evidence,rug_pull_or_reward_redirect,misleading_donation_claim",True,14,7,2,,0,0.0,R1_fake_microtask_claims,39,2,2.0,8,high,False,1,1,R1_fake_microtask_claims_high_seed02,2,True,4,0
naive,False,0,C1_vukzero_accountability,"fake_microtask_claim,duplicate_microtask_evidence,rug_pull_or_reward_redirect,misleading_donation_claim",True,14,7,2,,0,0.0,R1_fake_microtask_claims,39,2,2.0,8,high,True,1,1,R1_fake_microtask_claims_high_seed02,2,True,4,0
naive,False,0,B2_signed_nopattern,"fake_microtask_claim,duplicate_microtask_evidence,rug_pull_or_reward_redirect,misleading_donation_claim",True,14,7,2,,0,0.0,R1_fake_microtask_claims,39,2,2.0,8,high,False,1,1,R1_fake_microtask_claims_high_seed02,2,True,5,0
naive,False,0,C1_vukzero_accountability,"fake_microtask_claim,duplicate_microtask_evidence,rug_pull_or_reward_redirect,misleading_donation_claim",True,14,7,2,,0,0.0,R1_fake_microtask_claims,39,2,2.0,8,high,True,1,1,R1_fake_microtask_claims_high_seed02,2,True,5,0
naive,False,0,B2_signed_nopattern,"fake_microtask_claim,duplicate_microtask_evidence,rug_pull_or_reward_redirect,misleading_donation_claim",True,14,7,2,,0,0.0,R1_fake_microtask_claims,39,2,2.0,8,high,False,1,1,R1_fake_microtask_claims_high_seed02,2,True,6,0
naive,False,0,C1_vukzero_accountability,"fake_microtask_claim,duplicate_microtask_evidence,rug_pull_or_reward_redirect,misleading_donation_claim",True,14,7,2,,0,0.0,R1_fake_microtask_claims,39,2,2.0,8,high,True,1,1,R1_fake_microtask_claims_high_seed02,2,True,6,0
naive,False,0,B2_signed_nopattern,"fake_microtask_claim,duplicate_microtask_evidence,rug_pull_or_reward_redirect,misleading_donation_claim",True,14,7,2,,0,0.0,R1_fake_microtask_claims,39,2,2.0,8,high,False,1,1,R1_fake_microtask_claims_high_seed02,2,True,7,0
naive,False,0,C1_vukzero_accountability,"fake_microtask_claim,duplicate_microtask_evidence,rug_pull_or_reward_redirect,misleading_donation_claim",True,14,7,2,,0,0.0,R1_fake_microtask_claims,39,2,2.0,8,high,True,1,1,R1_fake_microtask_claims_high_seed02,2,True,7,0
naive,False,0,B2_signed_nopattern,"fake_microtask_claim,duplicate_microtask_evidence,rug_pull_or_reward_redirect,misleading_donation_claim",True,14,7,2,,0,0.0,R1_fake_microtask_claims,39,2,2.0,8,high,False,1,1,R1_fake_microtask_claims_high_seed02,2,True,8,0
naive,False,0,C1_vukzero_accountability,"fake_microtask_claim,duplicate_microtask_evidence,rug_pull_or_reward_redirect,misleading_donation_claim",True,14,7,2,,0,0.0,R1_fake_microtask_claims,39,2,2.0,8,high,True,1,1,R1_fake_microtask_claims_high_seed02,2,True,8,0
naive,False,0,B2_signed_nopattern,"fake_microtask_claim,duplicate_microtask_evidence,rug_pull_or_reward_redirect,misleading_donation_claim",True,14,7,2,,0,0.0,R1_fake_microtask_claims,39,2,2.0,8,high,False,1,1,R1_fake_microtask_claims_high_seed02,2,True,9,0
naive,False,0,C1_vukzero_accountability,"fake_microtask_claim,duplicate_microtask_evidence,rug_pull_or_reward_redirect,misleading_donation_claim",True,14,7,2,,0,0.0,R1_fake_microtask_claims,39,2,2.0,8,high,True,1,1,R1_fake_microtask_claims_high_seed02,2,True,9,0
naive,False,0,B2_signed_nopattern,"fake_microtask_claim,duplicate_microtask_evidence,rug_pull_or_reward_redirect,misleading_donation_claim",True,15,8,3,,0,0.0,R1_fake_microtask_claims,39,3,3.0,8,high,False,2,2,R1_fake_microtask_claims_high_seed02,2,True,10,0
naive,False,0,C1_vukzero_accountability,"fake_microtask_claim,duplicate_microtask_evidence,rug_pull_or_reward_redirect,misleading_donation_claim",True,15,8,3,,0,0.0,R1_fake_microtask_claims,39,3,3.0,8,high,True,2,2,R1_fake_microtask_claims_high_seed02,2,True,10,0
naive,False,0,B2_signed_nopattern,"fake_microtask_claim,duplicate_microtask_evidence,rug_pull_or_reward_redirect,misleading_donation_claim",True,13,6,1,,0,0.0,R1_fake_microtask_claims,39,1,1.0,8,high,False,0,0,R1_fake_microtask_claims_high_seed03,3,True,1,0
naive,False,0,C1_vukzero_accountability,"fake_microtask_claim,duplicate_microtask_evidence,rug_pull_or_reward_redirect,misleading_donation_claim",True,13,6,1,,0,0.0,R1_fake_microtask_claims,39,1,1.0,8,high,True,0,0,R1_fake_microtask_claims_high_seed03,3,True,1,0
naive,False,0,B2_signed_nopattern,"fake_microtask_claim,duplicate_microtask_evidence,rug_pull_or_reward_redirect,misleading_donation_claim",True,13,6,1,,0,0.0,R1_fake_microtask_claims,39,1,1.0,8,high,False,0,0,R1_fake_microtask_claims_high_seed03,3,True,2,0
naive,False,0,C1_vukzero_accountability,"fake_microtask_claim,duplicate_microtask_evidence,rug_pull_or_reward_redirect,misleading_donation_claim",True,13,6,1,,0,0.0,R1_fake_microtask_claims,39,1,1.0,8,high,True,0,0,R1_fake_microtask_claims_high_seed03,3,True,2,0
naive,False,0,B2_signed_nopattern,"fake_microtask_claim,duplicate_microtask_evidence,rug_pull_or_reward_redirect,misleading_donation_claim",True,13,6,1,,0,0.0,R1_fake_microtask_claims,39,1,1.0,8,high,False,0,0,R1_fake_microtask_claims_high_seed03,3,True,3,0
naive,False,0,C1_vukzero_accountability,"fake_microtask_claim,duplicate_microtask_evidence,rug_pull_or_reward_redirect,misleading_donation_claim",True,13,6,1,,0,0.0,R1_fake_microtask_claims,39,1,1.0,8,high,True,0,0,R1_fake_microtask_claims_high_seed03,3,True,3,0
naive,False,0,B2_signed_nopattern,"fake_microtask_claim,duplicate_microtask_evidence,rug_pull_or_reward_redirect,misleading_donation_claim",True,14,7,2,,0,0.0,R1_fake_microtask_claims,39,2,2.0,8,high,False,1,1,R1_fake_microtask_claims_high_seed03,3,True,4,0
naive,False,0,C1_vukzero_accountability,"fake_microtask_claim,duplicate_microtask_evidence,rug_pull_or_reward_redirect,misleading_donation_claim",True,14,7,2,,0,0.0,R1_fake_microtask_claims,39,2,2.0,8,high,True,1,1,R1_fake_microtask_claims_high_seed03,3,True,4,0
naive,False,0,B2_signed_nopattern,"fake_microtask_claim,duplicate_microtask_evidence,rug_pull_or_reward_redirect,misleading_donation_claim",True,14,7,2,,0,0.0,R1_fake_microtask_claims,39,2,2.0,8,high,False,1,1,R1_fake_microtask_claims_high_seed03,3,True,5,0
naive,False,0,C1_vukzero_accountability,"fake_microtask_claim,duplicate_microtask_evidence,rug_pull_or_reward_redirect,misleading_donation_claim",True,14,7,2,,0,0.0,R1_fake_microtask_claims,39,2,2.0,8,high,True,1,1,R1_fake_microtask_claims_high_seed03,3,True,5,0
naive,False,0,B2_signed_nopattern,"fake_microtask_claim,duplicate_microtask_evidence,rug_pull_or_reward_redirect,misleading_donation_claim",True,14,7,2,,0,0.0,R1_fake_microtask_claims,39,2,2.0,8,high,False,1,1,R1_fake_microtask_claims_high_seed03,3,True,6,0
naive,False,0,C1_vukzero_accountability,"fake_microtask_claim,duplicate_microtask_evidence,rug_pull_or_reward_redirect,misleading_donation_claim",True,14,7,2,,0,0.0,R1_fake_microtask_claims,39,2,2.0,8,high,True,1,1,R1_fake_microtask_claims_high_seed03,3,True,6,0
naive,False,0,B2_signed_nopattern,"fake_microtask_claim,duplicate_microtask_evidence,rug_pull_or_reward_redirect,misleading_donation_claim",True,14,7,2,,0,0.0,R1_fake_microtask_claims,39,2,2.0,8,high,False,1,1,R1_fake_microtask_claims_high_seed03,3,True,7,0
naive,False,0,C1_vukzero_accountability,"fake_microtask_claim,duplicate_microtask_evidence,rug_pull_or_reward_redirect,misleading_donation_claim",True,14,7,2,,0,0.0,R1_fake_microtask_claims,39,2,2.0,8,high,True,1,1,R1_fake_microtask_claims_high_seed03,3,True,7,0
naive,False,0,B2_signed_nopattern,"fake_microtask_claim,duplicate_microtask_evidence,rug_pull_or_reward_redirect,misleading_donation_claim",True,14,7,2,,0,0.0,R1_fake_microtask_claims,39,2,2.0,8,high,False,1,1,R1_fake_microtask_claims_high_seed03,3,True,8,0
naive,False,0,C1_vukzero_accountability,"fake_microtask_claim,duplicate_microtask_evidence,rug_pull_or_reward_redirect,misleading_donation_claim",True,14,7,2,,0,0.0,R1_fake_microtask_claims,39,2,2.0,8,high,True,1,1,R1_fake_microtask_claims_high_seed03,3,True,8,0
naive,False,0,B2_signed_nopattern,"fake_microtask_claim,duplicate_microtask_evidence,rug_pull_or_reward_redirect,misleading_donation_claim",True,14,7,2,,0,0.0,R1_fake_microtask_claims,39,2,2.0,8,high,False,1,1,R1_fake_microtask_claims_high_seed03,3,True,9,0
naive,False,0,C1_vukzero_accountability,"fake_microtask_claim,duplicate_microtask_evidence,rug_pull_or_reward_redirect,misleading_donation_claim",True,14,7,2,,0,0.0,R1_fake_microtask_claims,39,2,2.0,8,high,True,1,1,R1_fake_microtask_claims_high_seed03,3,True,9,0
naive,False,0,B2_signed_nopattern,"fake_microtask_claim,duplicate_microtask_evidence,rug_pull_or_reward_redirect,misleading_donation_claim",True,15,8,3,,0,0.0,R1_fake_microtask_claims,39,3,3.0,8,high,False,2,2,R1_fake_microtask_claims_high_seed03,3,True,10,0
naive,False,0,C1_vukzero_accountability,"fake_microtask_claim,duplicate_microtask_evidence,rug_pull_or_reward_redirect,misleading_donation_claim",True,15,8,3,,0,0.0,R1_fake_microtask_claims,39,3,3.0,8,high,True,2,2,R1_fake_microtask_claims_high_seed03,3,True,10,0
naive,False,0,B2_signed_nopattern,"fake_microtask_claim,duplicate_microtask_evidence,rug_pull_or_reward_redirect,misleading_donation_claim",True,13,6,1,,0,0.0,R1_fake_microtask_claims,39,1,1.0,8,high,False,0,0,R1_fake_microtask_claims_high_seed04,4,True,1,0
naive,False,0,C1_vukzero_accountability,"fake_microtask_claim,duplicate_microtask_evidence,rug_pull_or_reward_redirect,misleading_donation_claim",True,13,6,1,,0,0.0,R1_fake_microtask_claims,39,1,1.0,8,high,True,0,0,R1_fake_microtask_claims_high_seed04,4,True,1,0
naive,False,0,B2_signed_nopattern,"fake_microtask_claim,duplicate_microtask_evidence,rug_pull_or_reward_redirect,misleading_donation_claim",True,13,6,1,,0,0.0,R1_fake_microtask_claims,39,1,1.0,8,high,False,0,0,R1_fake_microtask_claims_high_seed04,4,True,2,0
naive,False,0,C1_vukzero_accountability,"fake_microtask_claim,duplicate_microtask_evidence,rug_pull_or_reward_redirect,misleading_donation_claim",True,13,6,1,,0,0.0,R1_fake_microtask_claims,39,1,1.0,8,high,True,0,0,R1_fake_microtask_claims_high_seed04,4,True,2,0
naive,False,0,B2_signed_nopattern,"fake_microtask_claim,duplicate_microtask_evidence,rug_pull_or_reward_redirect,misleading_donation_claim",True,13,6,1,,0,0.0,R1_fake_microtask_claims,39,1,1.0,8,high,False,0,0,R1_fake_microtask_claims_high_seed04,4,True,3,0
naive,False,0,C1_vukzero_accountability,"fake_microtask_claim,duplicate_microtask_evidence,rug_pull_or_reward_redirect,misleading_donation_claim",True,13,6,1,,0,0.0,R1_fake_microtask_claims,39,1,1.0,8,high,True,0,0,R1_fake_microtask_claims_high_seed04,4,True,3,0
naive,False,0,B2_signed_nopattern,"fake_microtask_claim,duplicate_microtask_evidence,rug_pull_or_reward_redirect,misleading_donation_claim",True,14,7,2,,0,0.0,R1_fake_microtask_claims,39,2,2.0,8,high,False,1,1,R1_fake_microtask_claims_high_seed04,4,True,4,0
naive,False,0,C1_vukzero_accountability,"fake_microtask_claim,duplicate_microtask_evidence,rug_pull_or_reward_redirect,misleading_donation_claim",True,14,7,2,,0,0.0,R1_fake_microtask_claims,39,2,2.0,8,high,True,1,1,R1_fake_microtask_claims_high_seed04,4,True,4,0
naive,False,0,B2_signed_nopattern,"fake_microtask_claim,duplicate_microtask_evidence,rug_pull_or_reward_redirect,misleading_donation_claim",True,14,7,2,,0,0.0,R1_fake_microtask_claims,39,2,2.0,8,high,False,1,1,R1_fake_microtask_claims_high_seed04,4,True,5,0
naive,False,0,C1_vukzero_accountability,"fake_microtask_claim,duplicate_microtask_evidence,rug_pull_or_reward_redirect,misleading_donation_claim",True,14,7,2,,0,0.0,R1_fake_microtask_claims,39,2,2.0,8,high,True,1,1,R1_fake_microtask_claims_high_seed04,4,True,5,0
naive,False,0,B2_signed_nopattern,"fake_microtask_claim,duplicate_microtask_evidence,rug_pull_or_reward_redirect,misleading_donation_claim",True,14,7,2,,0,0.0,R1_fake_microtask_claims,39,2,2.0,8,high,False,1,1,R1_fake_microtask_claims_high_seed04,4,True,6,0
naive,False,0,C1_vukzero_accountability,"fake_microtask_claim,duplicate_microtask_evidence,rug_pull_or_reward_redirect,misleading_donation_claim",True,14,7,2,,0,0.0,R1_fake_microtask_claims,39,2,2.0,8,high,True,1,1,R1_fake_microtask_claims_high_seed04,4,True,6,0
naive,False,0,B2_signed_nopattern,"fake_microtask_claim,duplicate_microtask_evidence,rug_pull_or_reward_redirect,misleading_donation_claim",True,14,7,2,,0,0.0,R1_fake_microtask_claims,39,2,2.0,8,high,False,1,1,R1_fake_microtask_claims_high_seed04,4,True,7,0
naive,False,0,C1_vukzero_accountability,"fake_microtask_claim,duplicate_microtask_evidence,rug_pull_or_reward_redirect,misleading_donation_claim",True,14,7,2,,0,0.0,R1_fake_microtask_claims,39,2,2.0,8,high,True,1,1,R1_fake_microtask_claims_high_seed04,4,True,7,0
naive,False,0,B2_signed_nopattern,"fake_microtask_claim,duplicate_microtask_evidence,rug_pull_or_reward_redirect,misleading_donation_claim",True,14,7,2,,0,0.0,R1_fake_microtask_claims,39,2,2.0,8,high,False,1,1,R1_fake_microtask_claims_high_seed04,4,True,8,0
naive,False,0,C1_vukzero_accountability,"fake_microtask_claim,duplicate_microtask_evidence,rug_pull_or_reward_redirect,misleading_donation_claim",True,14,7,2,,0,0.0,R1_fake_microtask_claims,39,2,2.0,8,high,True,1,1,R1_fake_microtask_claims_high_seed04,4,True,8,0
naive,False,0,B2_signed_nopattern,"fake_microtask_claim,duplicate_microtask_evidence,rug_pull_or_reward_redirect,misleading_donation_claim",True,14,7,2,,0,0.0,R1_fake_microtask_claims,39,2,2.0,8,high,False,1,1,R1_fake_microtask_claims_high_seed04,4,True,9,0
naive,False,0,C1_vukzero_accountability,"fake_microtask_claim,duplicate_microtask_evidence,rug_pull_or_reward_redirect,misleading_donation_claim",True,14,7,2,,0,0.0,R1_fake_microtask_claims,39,2,2.0,8,high,True,1,1,R1_fake_microtask_claims_high_seed04,4,True,9,0
naive,False,0,B2_signed_nopattern,"fake_microtask_claim,duplicate_microtask_evidence,rug_pull_or_reward_redirect,misleading_donation_claim",True,15,8,3,,0,0.0,R1_fake_microtask_claims,39,3,3.0,8,high,False,2,2,R1_fake_microtask_claims_high_seed04,4,True,10,0
naive,False,0,C1_vukzero_accountability,"fake_microtask_claim,duplicate_microtask_evidence,rug_pull_or_reward_redirect,misleading_donation_claim",True,15,8,3,,0,0.0,R1_fake_microtask_claims,39,3,3.0,8,high,True,2,2,R1_fake_microtask_claims_high_seed04,4,True,10,0
naive,False,0,B2_signed_nopattern,"fake_microtask_claim,duplicate_microtask_evidence,rug_pull_or_reward_redirect,misleading_donation_claim",True,13,6,1,,0,0.0,R1_fake_microtask_claims,39,1,1.0,8,high,False,0,0,R1_fake_microtask_claims_high_seed05,5,True,1,0
naive,False,0,C1_vukzero_accountability,"fake_microtask_claim,duplicate_microtask_evidence,rug_pull_or_reward_redirect,misleading_donation_claim",True,13,6,1,,0,0.0,R1_fake_microtask_claims,39,1,1.0,8,high,True,0,0,R1_fake_microtask_claims_high_seed05,5,True,1,0
naive,False,0,B2_signed_nopattern,"fake_microtask_claim,duplicate_microtask_evidence,rug_pull_or_reward_redirect,misleading_donation_claim",True,13,6,1,,0,0.0,R1_fake_microtask_claims,39,1,1.0,8,high,False,0,0,R1_fake_microtask_claims_high_seed05,5,True,2,0
naive,False,0,C1_vukzero_accountability,"fake_microtask_claim,duplicate_microtask_evidence,rug_pull_or_reward_redirect,misleading_donation_claim",True,13,6,1,,0,0.0,R1_fake_microtask_claims,39,1,1.0,8,high,True,0,0,R1_fake_microtask_claims_high_seed05,5,True,2,0
naive,False,0,B2_signed_nopattern,"fake_microtask_claim,duplicate_microtask_evidence,rug_pull_or_reward_redirect,misleading_donation_claim",True,13,6,1,,0,0.0,R1_fake_microtask_claims,39,1,1.0,8,high,False,0,0,R1_fake_microtask_claims_high_seed05,5,True,3,0
naive,False,0,C1_vukzero_accountability,"fake_microtask_claim,duplicate_microtask_evidence,rug_pull_or_reward_redirect,misleading_donation_claim",True,13,6,1,,0,0.0,R1_fake_microtask_claims,39,1,1.0,8,high,True,0,0,R1_fake_microtask_claims_high_seed05,5,True,3,0
naive,False,0,B2_signed_nopattern,"fake_microtask_claim,duplicate_microtask_evidence,rug_pull_or_reward_redirect,misleading_donation_claim",True,14,7,2,,0,0.0,R1_fake_microtask_claims,39,2,2.0,8,high,False,1,1,R1_fake_microtask_claims_high_seed05,5,True,4,0
naive,False,0,C1_vukzero_accountability,"fake_microtask_claim,duplicate_microtask_evidence,rug_pull_or_reward_redirect,misleading_donation_claim",True,14,7,2,,0,0.0,R1_fake_microtask_claims,39,2,2.0,8,high,True,1,1,R1_fake_microtask_claims_high_seed05,5,True,4,0
naive,False,0,B2_signed_nopattern,"fake_microtask_claim,duplicate_microtask_evidence,rug_pull_or_reward_redirect,misleading_donation_claim",True,14,7,2,,0,0.0,R1_fake_microtask_claims,39,2,2.0,8,high,False,1,1,R1_fake_microtask_claims_high_seed05,5,True,5,0
naive,False,0,C1_vukzero_accountability,"fake_microtask_claim,duplicate_microtask_evidence,rug_pull_or_reward_redirect,misleading_donation_claim",True,14,7,2,,0,0.0,R1_fake_microtask_claims,39,2,2.0,8,high,True,1,1,R1_fake_microtask_claims_high_seed05,5,True,5,0
naive,False,0,B2_signed_nopattern,"fake_microtask_claim,duplicate_microtask_evidence,rug_pull_or_reward_redirect,misleading_donation_claim",True,14,7,2,,0,0.0,R1_fake_microtask_claims,39,2,2.0,8,high,False,1,1,R1_fake_microtask_claims_high_seed05,5,True,6,0
naive,False,0,C1_vukzero_accountability,"fake_microtask_claim,duplicate_microtask_evidence,rug_pull_or_reward_redirect,misleading_donation_claim",True,14,7,2,,0,0.0,R1_fake_microtask_claims,39,2,2.0,8,high,True,1,1,R1_fake_microtask_claims_high_seed05,5,True,6,0
naive,False,0,B2_signed_nopattern,"fake_microtask_claim,duplicate_microtask_evidence,rug_pull_or_reward_redirect,misleading_donation_claim",True,14,7,2,,0,0.0,R1_fake_microtask_claims,39,2,2.0,8,high,False,1,1,R1_fake_microtask_claims_high_seed05,5,True,7,0
naive,False,0,C1_vukzero_accountability,"fake_microtask_claim,duplicate_microtask_evidence,rug_pull_or_reward_redirect,misleading_donation_claim",True,14,7,2,,0,0.0,R1_fake_microtask_claims,39,2,2.0,8,high,True,1,1,R1_fake_microtask_claims_high_seed05,5,True,7,0
naive,False,0,B2_signed_nopattern,"fake_microtask_claim,duplicate_microtask_evidence,rug_pull_or_reward_redirect,misleading_donation_claim",True,14,7,2,,0,0.0,R1_fake_microtask_claims,39,2,2.0,8,high,False,1,1,R1_fake_microtask_claims_high_seed05,5,True,8,0
naive,False,0,C1_vukzero_accountability,"fake_microtask_claim,duplicate_microtask_evidence,rug_pull_or_reward_redirect,misleading_donation_claim",True,14,7,2,,0,0.0,R1_fake_microtask_claims,39,2,2.0,8,high,True,1,1,R1_fake_microtask_claims_high_seed05,5,True,8,0
naive,False,0,B2_signed_nopattern,"fake_microtask_claim,duplicate_microtask_evidence,rug_pull_or_reward_redirect,misleading_donation_claim",True,14,7,2,,0,0.0,R1_fake_microtask_claims,39,2,2.0,8,high,False,1,1,R1_fake_microtask_claims_high_seed05,5,True,9,0
naive,False,0,C1_vukzero_accountability,"fake_microtask_claim,duplicate_microtask_evidence,rug_pull_or_reward_redirect,misleading_donation_claim",True,14,7,2,,0,0.0,R1_fake_microtask_claims,39,2,2.0,8,high,True,1,1,R1_fake_microtask_claims_high_seed05,5,True,9,0
naive,False,0,B2_signed_nopattern,"fake_microtask_claim,duplicate_microtask_evidence,rug_pull_or_reward_redirect,misleading_donation_claim",True,15,8,3,,0,0.0,R1_fake_microtask_claims,39,3,3.0,8,high,False,2,2,R1_fake_microtask_claims_high_seed05,5,True,10,0
naive,False,0,C1_vukzero_accountability,"fake_microtask_claim,duplicate_microtask_evidence,rug_pull_or_reward_redirect,misleading_donation_claim",True,15,8,3,,0,0.0,R1_fake_microtask_claims,39,3,3.0,8,high,True,2,2,R1_fake_microtask_claims_high_seed05,5,True,10,0
naive,False,0,B2_signed_nopattern,"rug_pull_or_reward_redirect,misleading_donation_claim",True,16,13,4,,0,0.0,R2_wash_trading_self_donation,9,0,0.4,8,low,False,3,7,R2_wash_trading_self_donation_low_seed01,1,True,1,2
naive,False,0,C1_vukzero_accountability,"two_node_wash_trade,rug_pull_or_reward_redirect,misleading_donation_claim",True,14,7,2,,0,0.0,R2_wash_trading_self_donation,18,0,0.4,8,low,True,1,1,R2_wash_trading_self_donation_low_seed01,1,True,1,2
naive,False,0,B2_signed_nopattern,"rug_pull_or_reward_redirect,misleading_donation_claim",True,16,13,4,,0,0.0,R2_wash_trading_self_donation,9,0,0.4,8,low,False,3,7,R2_wash_trading_self_donation_low_seed01,1,True,2,2
naive,False,0,C1_vukzero_accountability,"two_node_wash_trade,rug_pull_or_reward_redirect,misleading_donation_claim",True,14,7,2,,0,0.0,R2_wash_trading_self_donation,18,0,0.4,8,low,True,1,1,R2_wash_trading_self_donation_low_seed01,1,True,2,2
naive,False,0,B2_signed_nopattern,"rug_pull_or_reward_redirect,misleading_donation_claim",True,16,13,4,,0,0.0,R2_wash_trading_self_donation,9,0,0.4,8,low,False,3,7,R2_wash_trading_self_donation_low_seed01,1,True,3,2
naive,False,0,C1_vukzero_accountability,"two_node_wash_trade,rug_pull_or_reward_redirect,misleading_donation_claim",True,14,7,2,,0,0.0,R2_wash_trading_self_donation,18,0,0.4,8,low,True,1,1,R2_wash_trading_self_donation_low_seed01,1,True,3,2
naive,False,0,B2_signed_nopattern,"rug_pull_or_reward_redirect,misleading_donation_claim",True,16,13,4,,0,0.0,R2_wash_trading_self_donation,9,0,0.4,8,low,False,3,7,R2_wash_trading_self_donation_low_seed01,1,True,4,2
naive,False,0,C1_vukzero_accountability,"two_node_wash_trade,rug_pull_or_reward_redirect,misleading_donation_claim",True,14,7,2,,0,0.0,R2_wash_trading_self_donation,18,0,0.4,8,low,True,1,1,R2_wash_trading_self_donation_low_seed01,1,True,4,2
naive,False,0,B2_signed_nopattern,"rug_pull_or_reward_redirect,misleading_donation_claim",True,16,13,4,,0,0.0,R2_wash_trading_self_donation,9,0,0.4,8,low,False,3,7,R2_wash_trading_self_donation_low_seed01,1,True,5,2
naive,False,0,C1_vukzero_accountability,"two_node_wash_trade,rug_pull_or_reward_redirect,misleading_donation_claim",True,15,12,3,,0,0.0,R2_wash_trading_self_donation,18,0,0.4,8,low,True,2,6,R2_wash_trading_self_donation_low_seed01,1,True,5,2
naive,False,0,B2_signed_nopattern,"rug_pull_or_reward_redirect,misleading_donation_claim",True,17,14,5,,0,0.0,R2_wash_trading_self_donation,9,0,0.4,8,low,False,4,8,R2_wash_trading_self_donation_low_seed01,1,True,6,2
naive,False,0,C1_vukzero_accountability,"two_node_wash_trade,rug_pull_or_reward_redirect,misleading_donation_claim",True,15,12,3,,0,0.0,R2_wash_trading_self_donation,18,0,0.4,8,low,True,2,6,R2_wash_trading_self_donation_low_seed01,1,True,6,2
naive,False,0,B2_signed_nopattern,"rug_pull_or_reward_redirect,misleading_donation_claim",True,17,14,5,,0,0.0,R2_wash_trading_self_donation,9,0,0.4,8,low,False,4,8,R2_wash_trading_self_donation_low_seed01,1,True,7,2
naive,False,0,C1_vukzero_accountability,"two_node_wash_trade,rug_pull_or_reward_redirect,misleading_donation_claim",True,15,12,3,,0,0.0,R2_wash_trading_self_donation,18,0,0.4,8,low,True,2,6,R2_wash_trading_self_donation_low_seed01,1,True,7,2
naive,False,0,B2_signed_nopattern,"rug_pull_or_reward_redirect,misleading_donation_claim",True,18,15,6,,0,0.0,R2_wash_trading_self_donation,9,0,0.4,8,low,False,5,9,R2_wash_trading_self_donation_low_seed01,1,True,8,2
naive,False,0,C1_vukzero_accountability,"two_node_wash_trade,rug_pull_or_reward_redirect,misleading_donation_claim",True,15,12,3,,0,0.0,R2_wash_trading_self_donation,18,0,0.4,8,low,True,2,6,R2_wash_trading_self_donation_low_seed01,1,True,8,2
naive,False,0,B2_signed_nopattern,"rug_pull_or_reward_redirect,misleading_donation_claim",True,18,15,6,,0,0.0,R2_wash_trading_self_donation,9,0,0.4,8,low,False,5,9,R2_wash_trading_self_donation_low_seed01,1,True,9,2
naive,False,0,C1_vukzero_accountability,"two_node_wash_trade,rug_pull_or_reward_redirect,misleading_donation_claim",True,15,12,3,,0,0.0,R2_wash_trading_self_donation,18,0,0.4,8,low,True,2,6,R2_wash_trading_self_donation_low_seed01,1,True,9,2
naive,True,0,B2_signed_nopattern,"rug_pull_or_reward_redirect,misleading_donation_claim",False,,,6,,0,0.0,R2_wash_trading_self_donation,9,0,0.4,8,low,False,5,9,R2_wash_trading_self_donation_low_seed01,1,True,10,2
naive,False,0,C1_vukzero_accountability,"two_node_wash_trade,rug_pull_or_reward_redirect,misleading_donation_claim",True,16,13,4,,0,0.0,R2_wash_trading_self_donation,18,0,0.4,8,low,True,3,7,R2_wash_trading_self_donation_low_seed01,1,True,10,2
naive,False,0,B2_signed_nopattern,"rug_pull_or_reward_redirect,misleading_donation_claim",True,16,13,4,,0,0.0,R2_wash_trading_self_donation,9,0,0.4,8,low,False,3,7,R2_wash_trading_self_donation_low_seed02,2,True,1,2
naive,False,0,C1_vukzero_accountability,"two_node_wash_trade,rug_pull_or_reward_redirect,misleading_donation_claim",True,14,7,2,,0,0.0,R2_wash_trading_self_donation,18,0,0.4,8,low,True,1,1,R2_wash_trading_self_donation_low_seed02,2,True,1,2
naive,False,0,B2_signed_nopattern,"rug_pull_or_reward_redirect,misleading_donation_claim",True,16,13,4,,0,0.0,R2_wash_trading_self_donation,9,0,0.4,8,low,False,3,7,R2_wash_trading_self_donation_low_seed02,2,True,2,2
naive,False,0,C1_vukzero_accountability,"two_node_wash_trade,rug_pull_or_reward_redirect,misleading_donation_claim",True,14,7,2,,0,0.0,R2_wash_trading_self_donation,18,0,0.4,8,low,True,1,1,R2_wash_trading_self_donation_low_seed02,2,True,2,2
naive,False,0,B2_signed_nopattern,"rug_pull_or_reward_redirect,misleading_donation_claim",True,16,13,4,,0,0.0,R2_wash_trading_self_donation,9,0,0.4,8,low,False,3,7,R2_wash_trading_self_donation_low_seed02,2,True,3,2
naive,False,0,C1_vukzero_accountability,"two_node_wash_trade,rug_pull_or_reward_redirect,misleading_donation_claim",True,14,7,2,,0,0.0,R2_wash_trading_self_donation,18,0,0.4,8,low,True,1,1,R2_wash_trading_self_donation_low_seed02,2,True,3,2
naive,False,0,B2_signed_nopattern,"rug_pull_or_reward_redirect,misleading_donation_claim",True,16,13,4,,0,0.0,R2_wash_trading_self_donation,9,0,0.4,8,low,False,3,7,R2_wash_trading_self_donation_low_seed02,2,True,4,2
naive,False,0,C1_vukzero_accountability,"two_node_wash_trade,rug_pull_or_reward_redirect,misleading_donation_claim",True,14,7,2,,0,0.0,R2_wash_trading_self_donation,18,0,0.4,8,low,True,1,1,R2_wash_trading_self_donation_low_seed02,2,True,4,2
naive,False,0,B2_signed_nopattern,"rug_pull_or_reward_redirect,misleading_donation_claim",True,16,13,4,,0,0.0,R2_wash_trading_self_donation,9,0,0.4,8,low,False,3,7,R2_wash_trading_self_donation_low_seed02,2,True,5,2
naive,False,0,C1_vukzero_accountability,"two_node_wash_trade,rug_pull_or_reward_redirect,misleading_donation_claim",True,15,12,3,,0,0.0,R2_wash_trading_self_donation,18,0,0.4,8,low,True,2,6,R2_wash_trading_self_donation_low_seed02,2,True,5,2
naive,False,0,B2_signed_nopattern,"rug_pull_or_reward_redirect,misleading_donation_claim",True,17,14,5,,0,0.0,R2_wash_trading_self_donation,9,0,0.4,8,low,False,4,8,R2_wash_trading_self_donation_low_seed02,2,True,6,2
naive,False,0,C1_vukzero_accountability,"two_node_wash_trade,rug_pull_or_reward_redirect,misleading_donation_claim",True,15,12,3,,0,0.0,R2_wash_trading_self_donation,18,0,0.4,8,low,True,2,6,R2_wash_trading_self_donation_low_seed02,2,True,6,2
naive,False,0,B2_signed_nopattern,"rug_pull_or_reward_redirect,misleading_donation_claim",True,17,14,5,,0,0.0,R2_wash_trading_self_donation,9,0,0.4,8,low,False,4,8,R2_wash_trading_self_donation_low_seed02,2,True,7,2
naive,False,0,C1_vukzero_accountability,"two_node_wash_trade,rug_pull_or_reward_redirect,misleading_donation_claim",True,15,12,3,,0,0.0,R2_wash_trading_self_donation,18,0,0.4,8,low,True,2,6,R2_wash_trading_self_donation_low_seed02,2,True,7,2
naive,False,0,B2_signed_nopattern,"rug_pull_or_reward_redirect,misleading_donation_claim",True,18,15,6,,0,0.0,R2_wash_trading_self_donation,9,0,0.4,8,low,False,5,9,R2_wash_trading_self_donation_low_seed02,2,True,8,2
naive,False,0,C1_vukzero_accountability,"two_node_wash_trade,rug_pull_or_reward_redirect,misleading_donation_claim",True,15,12,3,,0,0.0,R2_wash_trading_self_donation,18,0,0.4,8,low,True,2,6,R2_wash_trading_self_donation_low_seed02,2,True,8,2
naive,False,0,B2_signed_nopattern,"rug_pull_or_reward_redirect,misleading_donation_claim",True,18,15,6,,0,0.0,R2_wash_trading_self_donation,9,0,0.4,8,low,False,5,9,R2_wash_trading_self_donation_low_seed02,2,True,9,2
naive,False,0,C1_vukzero_accountability,"two_node_wash_trade,rug_pull_or_reward_redirect,misleading_donation_claim",True,15,12,3,,0,0.0,R2_wash_trading_self_donation,18,0,0.4,8,low,True,2,6,R2_wash_trading_self_donation_low_seed02,2,True,9,2
naive,True,0,B2_signed_nopattern,"rug_pull_or_reward_redirect,misleading_donation_claim",False,,,6,,0,0.0,R2_wash_trading_self_donation,9,0,0.4,8,low,False,5,9,R2_wash_trading_self_donation_low_seed02,2,True,10,2
naive,False,0,C1_vukzero_accountability,"two_node_wash_trade,rug_pull_or_reward_redirect,misleading_donation_claim",True,16,13,4,,0,0.0,R2_wash_trading_self_donation,18,0,0.4,8,low,True,3,7,R2_wash_trading_self_donation_low_seed02,2,True,10,2
naive,False,0,B2_signed_nopattern,"rug_pull_or_reward_redirect,misleading_donation_claim",True,16,13,4,,0,0.0,R2_wash_trading_self_donation,9,0,0.4,8,low,False,3,7,R2_wash_trading_self_donation_low_seed03,3,True,1,2
naive,False,0,C1_vukzero_accountability,"two_node_wash_trade,rug_pull_or_reward_redirect,misleading_donation_claim",True,14,7,2,,0,0.0,R2_wash_trading_self_donation,18,0,0.4,8,low,True,1,1,R2_wash_trading_self_donation_low_seed03,3,True,1,2
naive,False,0,B2_signed_nopattern,"rug_pull_or_reward_redirect,misleading_donation_claim",True,16,13,4,,0,0.0,R2_wash_trading_self_donation,9,0,0.4,8,low,False,3,7,R2_wash_trading_self_donation_low_seed03,3,True,2,2
naive,False,0,C1_vukzero_accountability,"two_node_wash_trade,rug_pull_or_reward_redirect,misleading_donation_claim",True,14,7,2,,0,0.0,R2_wash_trading_self_donation,18,0,0.4,8,low,True,1,1,R2_wash_trading_self_donation_low_seed03,3,True,2,2
naive,False,0,B2_signed_nopattern,"rug_pull_or_reward_redirect,misleading_donation_claim",True,16,13,4,,0,0.0,R2_wash_trading_self_donation,9,0,0.4,8,low,False,3,7,R2_wash_trading_self_donation_low_seed03,3,True,3,2
naive,False,0,C1_vukzero_accountability,"two_node_wash_trade,rug_pull_or_reward_redirect,misleading_donation_claim",True,14,7,2,,0,0.0,R2_wash_trading_self_donation,18,0,0.4,8,low,True,1,1,R2_wash_trading_self_donation_low_seed03,3,True,3,2
naive,False,0,B2_signed_nopattern,"rug_pull_or_reward_redirect,misleading_donation_claim",True,16,13,4,,0,0.0,R2_wash_trading_self_donation,9,0,0.4,8,low,False,3,7,R2_wash_trading_self_donation_low_seed03,3,True,4,2
naive,False,0,C1_vukzero_accountability,"two_node_wash_trade,rug_pull_or_reward_redirect,misleading_donation_claim",True,14,7,2,,0,0.0,R2_wash_trading_self_donation,18,0,0.4,8,low,True,1,1,R2_wash_trading_self_donation_low_seed03,3,True,4,2
naive,False,0,B2_signed_nopattern,"rug_pull_or_reward_redirect,misleading_donation_claim",True,16,13,4,,0,0.0,R2_wash_trading_self_donation,9,0,0.4,8,low,False,3,7,R2_wash_trading_self_donation_low_seed03,3,True,5,2
naive,False,0,C1_vukzero_accountability,"two_node_wash_trade,rug_pull_or_reward_redirect,misleading_donation_claim",True,15,12,3,,0,0.0,R2_wash_trading_self_donation,18,0,0.4,8,low,True,2,6,R2_wash_trading_self_donation_low_seed03,3,True,5,2
naive,False,0,B2_signed_nopattern,"rug_pull_or_reward_redirect,misleading_donation_claim",True,17,14,5,,0,0.0,R2_wash_trading_self_donation,9,0,0.4,8,low,False,4,8,R2_wash_trading_self_donation_low_seed03,3,True,6,2
naive,False,0,C1_vukzero_accountability,"two_node_wash_trade,rug_pull_or_reward_redirect,misleading_donation_claim",True,15,12,3,,0,0.0,R2_wash_trading_self_donation,18,0,0.4,8,low,True,2,6,R2_wash_trading_self_donation_low_seed03,3,True,6,2
naive,False,0,B2_signed_nopattern,"rug_pull_or_reward_redirect,misleading_donation_claim",True,17,14,5,,0,0.0,R2_wash_trading_self_donation,9,0,0.4,8,low,False,4,8,R2_wash_trading_self_donation_low_seed03,3,True,7,2
naive,False,0,C1_vukzero_accountability,"two_node_wash_trade,rug_pull_or_reward_redirect,misleading_donation_claim",True,15,12,3,,0,0.0,R2_wash_trading_self_donation,18,0,0.4,8,low,True,2,6,R2_wash_trading_self_donation_low_seed03,3,True,7,2
naive,False,0,B2_signed_nopattern,"rug_pull_or_reward_redirect,misleading_donation_claim",True,18,15,6,,0,0.0,R2_wash_trading_self_donation,9,0,0.4,8,low,False,5,9,R2_wash_trading_self_donation_low_seed03,3,True,8,2
naive,False,0,C1_vukzero_accountability,"two_node_wash_trade,rug_pull_or_reward_redirect,misleading_donation_claim",True,15,12,3,,0,0.0,R2_wash_trading_self_donation,18,0,0.4,8,low,True,2,6,R2_wash_trading_self_donation_low_seed03,3,True,8,2
naive,False,0,B2_signed_nopattern,"rug_pull_or_reward_redirect,misleading_donation_claim",True,18,15,6,,0,0.0,R2_wash_trading_self_donation,9,0,0.4,8,low,False,5,9,R2_wash_trading_self_donation_low_seed03,3,True,9,2
naive,False,0,C1_vukzero_accountability,"two_node_wash_trade,rug_pull_or_reward_redirect,misleading_donation_claim",True,15,12,3,,0,0.0,R2_wash_trading_self_donation,18,0,0.4,8,low,True,2,6,R2_wash_trading_self_donation_low_seed03,3,True,9,2
naive,True,0,B2_signed_nopattern,"rug_pull_or_reward_redirect,misleading_donation_claim",False,,,6,,0,0.0,R2_wash_trading_self_donation,9,0,0.4,8,low,False,5,9,R2_wash_trading_self_donation_low_seed03,3,True,10,2
naive,False,0,C1_vukzero_accountability,"two_node_wash_trade,rug_pull_or_reward_redirect,misleading_donation_claim",True,16,13,4,,0,0.0,R2_wash_trading_self_donation,18,0,0.4,8,low,True,3,7,R2_wash_trading_self_donation_low_seed03,3,True,10,2
naive,False,0,B2_signed_nopattern,"rug_pull_or_reward_redirect,misleading_donation_claim",True,16,13,4,,0,0.0,R2_wash_trading_self_donation,9,0,0.4,8,low,False,3,7,R2_wash_trading_self_donation_low_seed04,4,True,1,2
naive,False,0,C1_vukzero_accountability,"two_node_wash_trade,rug_pull_or_reward_redirect,misleading_donation_claim",True,14,7,2,,0,0.0,R2_wash_trading_self_donation,18,0,0.4,8,low,True,1,1,R2_wash_trading_self_donation_low_seed04,4,True,1,2
naive,False,0,B2_signed_nopattern,"rug_pull_or_reward_redirect,misleading_donation_claim",True,16,13,4,,0,0.0,R2_wash_trading_self_donation,9,0,0.4,8,low,False,3,7,R2_wash_trading_self_donation_low_seed04,4,True,2,2
naive,False,0,C1_vukzero_accountability,"two_node_wash_trade,rug_pull_or_reward_redirect,misleading_donation_claim",True,14,7,2,,0,0.0,R2_wash_trading_self_donation,18,0,0.4,8,low,True,1,1,R2_wash_trading_self_donation_low_seed04,4,True,2,2
naive,False,0,B2_signed_nopattern,"rug_pull_or_reward_redirect,misleading_donation_claim",True,16,13,4,,0,0.0,R2_wash_trading_self_donation,9,0,0.4,8,low,False,3,7,R2_wash_trading_self_donation_low_seed04,4,True,3,2
naive,False,0,C1_vukzero_accountability,"two_node_wash_trade,rug_pull_or_reward_redirect,misleading_donation_claim",True,14,7,2,,0,0.0,R2_wash_trading_self_donation,18,0,0.4,8,low,True,1,1,R2_wash_trading_self_donation_low_seed04,4,True,3,2
naive,False,0,B2_signed_nopattern,"rug_pull_or_reward_redirect,misleading_donation_claim",True,16,13,4,,0,0.0,R2_wash_trading_self_donation,9,0,0.4,8,low,False,3,7,R2_wash_trading_self_donation_low_seed04,4,True,4,2
naive,False,0,C1_vukzero_accountability,"two_node_wash_trade,rug_pull_or_reward_redirect,misleading_donation_claim",True,14,7,2,,0,0.0,R2_wash_trading_self_donation,18,0,0.4,8,low,True,1,1,R2_wash_trading_self_donation_low_seed04,4,True,4,2
naive,False,0,B2_signed_nopattern,"rug_pull_or_reward_redirect,misleading_donation_claim",True,16,13,4,,0,0.0,R2_wash_trading_self_donation,9,0,0.4,8,low,False,3,7,R2_wash_trading_self_donation_low_seed04,4,True,5,2
naive,False,0,C1_vukzero_accountability,"two_node_wash_trade,rug_pull_or_reward_redirect,misleading_donation_claim",True,15,12,3,,0,0.0,R2_wash_trading_self_donation,18,0,0.4,8,low,True,2,6,R2_wash_trading_self_donation_low_seed04,4,True,5,2
naive,False,0,B2_signed_nopattern,"rug_pull_or_reward_redirect,misleading_donation_claim",True,17,14,5,,0,0.0,R2_wash_trading_self_donation,9,0,0.4,8,low,False,4,8,R2_wash_trading_self_donation_low_seed04,4,True,6,2
naive,False,0,C1_vukzero_accountability,"two_node_wash_trade,rug_pull_or_reward_redirect,misleading_donation_claim",True,15,12,3,,0,0.0,R2_wash_trading_self_donation,18,0,0.4,8,low,True,2,6,R2_wash_trading_self_donation_low_seed04,4,True,6,2
naive,False,0,B2_signed_nopattern,"rug_pull_or_reward_redirect,misleading_donation_claim",True,17,14,5,,0,0.0,R2_wash_trading_self_donation,9,0,0.4,8,low,False,4,8,R2_wash_trading_self_donation_low_seed04,4,True,7,2
naive,False,0,C1_vukzero_accountability,"two_node_wash_trade,rug_pull_or_reward_redirect,misleading_donation_claim",True,15,12,3,,0,0.0,R2_wash_trading_self_donation,18,0,0.4,8,low,True,2,6,R2_wash_trading_self_donation_low_seed04,4,True,7,2
naive,False,0,B2_signed_nopattern,"rug_pull_or_reward_redirect,misleading_donation_claim",True,18,15,6,,0,0.0,R2_wash_trading_self_donation,9,0,0.4,8,low,False,5,9,R2_wash_trading_self_donation_low_seed04,4,True,8,2
naive,False,0,C1_vukzero_accountability,"two_node_wash_trade,rug_pull_or_reward_redirect,misleading_donation_claim",True,15,12,3,,0,0.0,R2_wash_trading_self_donation,18,0,0.4,8,low,True,2,6,R2_wash_trading_self_donation_low_seed04,4,True,8,2
naive,False,0,B2_signed_nopattern,"rug_pull_or_reward_redirect,misleading_donation_claim",True,18,15,6,,0,0.0,R2_wash_trading_self_donation,9,0,0.4,8,low,False,5,9,R2_wash_trading_self_donation_low_seed04,4,True,9,2
naive,False,0,C1_vukzero_accountability,"two_node_wash_trade,rug_pull_or_reward_redirect,misleading_donation_claim",True,15,12,3,,0,0.0,R2_wash_trading_self_donation,18,0,0.4,8,low,True,2,6,R2_wash_trading_self_donation_low_seed04,4,True,9,2
naive,True,0,B2_signed_nopattern,"rug_pull_or_reward_redirect,misleading_donation_claim",False,,,6,,0,0.0,R2_wash_trading_self_donation,9,0,0.4,8,low,False,5,9,R2_wash_trading_self_donation_low_seed04,4,True,10,2
naive,False,0,C1_vukzero_accountability,"two_node_wash_trade,rug_pull_or_reward_redirect,misleading_donation_claim",True,16,13,4,,0,0.0,R2_wash_trading_self_donation,18,0,0.4,8,low,True,3,7,R2_wash_trading_self_donation_low_seed04,4,True,10,2
naive,False,0,B2_signed_nopattern,"rug_pull_or_reward_redirect,misleading_donation_claim",True,16,13,4,,0,0.0,R2_wash_trading_self_donation,9,0,0.4,8,low,False,3,7,R2_wash_trading_self_donation_low_seed05,5,True,1,2
naive,False,0,C1_vukzero_accountability,"two_node_wash_trade,rug_pull_or_reward_redirect,misleading_donation_claim",True,14,7,2,,0,0.0,R2_wash_trading_self_donation,18,0,0.4,8,low,True,1,1,R2_wash_trading_self_donation_low_seed05,5,True,1,2
naive,False,0,B2_signed_nopattern,"rug_pull_or_reward_redirect,misleading_donation_claim",True,16,13,4,,0,0.0,R2_wash_trading_self_donation,9,0,0.4,8,low,False,3,7,R2_wash_trading_self_donation_low_seed05,5,True,2,2
naive,False,0,C1_vukzero_accountability,"two_node_wash_trade,rug_pull_or_reward_redirect,misleading_donation_claim",True,14,7,2,,0,0.0,R2_wash_trading_self_donation,18,0,0.4,8,low,True,1,1,R2_wash_trading_self_donation_low_seed05,5,True,2,2
naive,False,0,B2_signed_nopattern,"rug_pull_or_reward_redirect,misleading_donation_claim",True,16,13,4,,0,0.0,R2_wash_trading_self_donation,9,0,0.4,8,low,False,3,7,R2_wash_trading_self_donation_low_seed05,5,True,3,2
naive,False,0,C1_vukzero_accountability,"two_node_wash_trade,rug_pull_or_reward_redirect,misleading_donation_claim",True,14,7,2,,0,0.0,R2_wash_trading_self_donation,18,0,0.4,8,low,True,1,1,R2_wash_trading_self_donation_low_seed05,5,True,3,2
naive,False,0,B2_signed_nopattern,"rug_pull_or_reward_redirect,misleading_donation_claim",True,16,13,4,,0,0.0,R2_wash_trading_self_donation,9,0,0.4,8,low,False,3,7,R2_wash_trading_self_donation_low_seed05,5,True,4,2
naive,False,0,C1_vukzero_accountability,"two_node_wash_trade,rug_pull_or_reward_redirect,misleading_donation_claim",True,14,7,2,,0,0.0,R2_wash_trading_self_donation,18,0,0.4,8,low,True,1,1,R2_wash_trading_self_donation_low_seed05,5,True,4,2
naive,False,0,B2_signed_nopattern,"rug_pull_or_reward_redirect,misleading_donation_claim",True,16,13,4,,0,0.0,R2_wash_trading_self_donation,9,0,0.4,8,low,False,3,7,R2_wash_trading_self_donation_low_seed05,5,True,5,2
naive,False,0,C1_vukzero_accountability,"two_node_wash_trade,rug_pull_or_reward_redirect,misleading_donation_claim",True,15,12,3,,0,0.0,R2_wash_trading_self_donation,18,0,0.4,8,low,True,2,6,R2_wash_trading_self_donation_low_seed05,5,True,5,2
naive,False,0,B2_signed_nopattern,"rug_pull_or_reward_redirect,misleading_donation_claim",True,17,14,5,,0,0.0,R2_wash_trading_self_donation,9,0,0.4,8,low,False,4,8,R2_wash_trading_self_donation_low_seed05,5,True,6,2
naive,False,0,C1_vukzero_accountability,"two_node_wash_trade,rug_pull_or_reward_redirect,misleading_donation_claim",True,15,12,3,,0,0.0,R2_wash_trading_self_donation,18,0,0.4,8,low,True,2,6,R2_wash_trading_self_donation_low_seed05,5,True,6,2
naive,False,0,B2_signed_nopattern,"rug_pull_or_reward_redirect,misleading_donation_claim",True,17,14,5,,0,0.0,R2_wash_trading_self_donation,9,0,0.4,8,low,False,4,8,R2_wash_trading_self_donation_low_seed05,5,True,7,2
naive,False,0,C1_vukzero_accountability,"two_node_wash_trade,rug_pull_or_reward_redirect,misleading_donation_claim",True,15,12,3,,0,0.0,R2_wash_trading_self_donation,18,0,0.4,8,low,True,2,6,R2_wash_trading_self_donation_low_seed05,5,True,7,2
naive,False,0,B2_signed_nopattern,"rug_pull_or_reward_redirect,misleading_donation_claim",True,18,15,6,,0,0.0,R2_wash_trading_self_donation,9,0,0.4,8,low,False,5,9,R2_wash_trading_self_donation_low_seed05,5,True,8,2
naive,False,0,C1_vukzero_accountability,"two_node_wash_trade,rug_pull_or_reward_redirect,misleading_donation_claim",True,15,12,3,,0,0.0,R2_wash_trading_self_donation,18,0,0.4,8,low,True,2,6,R2_wash_trading_self_donation_low_seed05,5,True,8,2
naive,False,0,B2_signed_nopattern,"rug_pull_or_reward_redirect,misleading_donation_claim",True,18,15,6,,0,0.0,R2_wash_trading_self_donation,9,0,0.4,8,low,False,5,9,R2_wash_trading_self_donation_low_seed05,5,True,9,2
naive,False,0,C1_vukzero_accountability,"two_node_wash_trade,rug_pull_or_reward_redirect,misleading_donation_claim",True,15,12,3,,0,0.0,R2_wash_trading_self_donation,18,0,0.4,8,low,True,2,6,R2_wash_trading_self_donation_low_seed05,5,True,9,2
naive,True,0,B2_signed_nopattern,"rug_pull_or_reward_redirect,misleading_donation_claim",False,,,6,,0,0.0,R2_wash_trading_self_donation,9,0,0.4,8,low,False,5,9,R2_wash_trading_self_donation_low_seed05,5,True,10,2
naive,False,0,C1_vukzero_accountability,"two_node_wash_trade,rug_pull_or_reward_redirect,misleading_donation_claim",True,16,13,4,,0,0.0,R2_wash_trading_self_donation,18,0,0.4,8,low,True,3,7,R2_wash_trading_self_donation_low_seed05,5,True,10,2
naive,False,0,B2_signed_nopattern,"rug_pull_or_reward_redirect,misleading_donation_claim",True,18,13,6,,0,0.0,R2_wash_trading_self_donation,9,0,0.6000000000000001,8,medium,False,5,7,R2_wash_trading_self_donation_medium_seed01,1,True,1,4
naive,False,0,C1_vukzero_accountability,"two_node_wash_trade,three_node_wash_trade,rug_pull_or_reward_redirect,misleading_donation_claim",True,14,7,2,,0,0.0,R2_wash_trading_self_donation,30,0,0.4,8,medium,True,1,1,R2_wash_trading_self_donation_medium_seed01,1,True,1,3
naive,False,0,B2_signed_nopattern,"rug_pull_or_reward_redirect,misleading_donation_claim",True,18,13,6,,0,0.0,R2_wash_trading_self_donation,9,0,0.6000000000000001,8,medium,False,5,7,R2_wash_trading_self_donation_medium_seed01,1,True,2,4
naive,False,0,C1_vukzero_accountability,"two_node_wash_trade,three_node_wash_trade,rug_pull_or_reward_redirect,misleading_donation_claim",True,14,7,2,,0,0.0,R2_wash_trading_self_donation,30,0,0.4,8,medium,True,1,1,R2_wash_trading_self_donation_medium_seed01,1,True,2,3
naive,False,0,B2_signed_nopattern,"rug_pull_or_reward_redirect,misleading_donation_claim",True,18,13,6,,0,0.0,R2_wash_trading_self_donation,9,0,0.6000000000000001,8,medium,False,5,7,R2_wash_trading_self_donation_medium_seed01,1,True,3,4
naive,False,0,C1_vukzero_accountability,"two_node_wash_trade,three_node_wash_trade,rug_pull_or_reward_redirect,misleading_donation_claim",True,14,7,2,,0,0.0,R2_wash_trading_self_donation,30,0,0.4,8,medium,True,1,1,R2_wash_trading_self_donation_medium_seed01,1,True,3,3
naive,False,0,B2_signed_nopattern,"rug_pull_or_reward_redirect,misleading_donation_claim",True,18,13,6,,0,0.0,R2_wash_trading_self_donation,9,0,0.6000000000000001,8,medium,False,5,7,R2_wash_trading_self_donation_medium_seed01,1,True,4,4
naive,False,0,C1_vukzero_accountability,"two_node_wash_trade,three_node_wash_trade,rug_pull_or_reward_redirect,misleading_donation_claim",True,14,7,2,,0,0.0,R2_wash_trading_self_donation,30,0,0.4,8,medium,True,1,1,R2_wash_trading_self_donation_medium_seed01,1,True,4,3
naive,False,0,B2_signed_nopattern,"rug_pull_or_reward_redirect,misleading_donation_claim",True,18,13,6,,0,0.0,R2_wash_trading_self_donation,9,0,0.6000000000000001,8,medium,False,5,7,R2_wash_trading_self_donation_medium_seed01,1,True,5,4
naive,False,0,C1_vukzero_accountability,"two_node_wash_trade,three_node_wash_trade,rug_pull_or_reward_redirect,misleading_donation_claim",True,15,8,3,,0,0.0,R2_wash_trading_self_donation,30,0,0.6000000000000001,8,medium,True,2,2,R2_wash_trading_self_donation_medium_seed01,1,True,5,4
naive,False,0,B2_signed_nopattern,"rug_pull_or_reward_redirect,misleading_donation_claim",True,19,14,7,,0,0.0,R2_wash_trading_self_donation,9,0,0.6000000000000001,8,medium,False,6,8,R2_wash_trading_self_donation_medium_seed01,1,True,6,4
naive,False,0,C1_vukzero_accountability,"two_node_wash_trade,three_node_wash_trade,rug_pull_or_reward_redirect,misleading_donation_claim",True,15,8,3,,0,0.0,R2_wash_trading_self_donation,30,0,0.6000000000000001,8,medium,True,2,2,R2_wash_trading_self_donation_medium_seed01,1,True,6,4
naive,False,0,B2_signed_nopattern,"rug_pull_or_reward_redirect,misleading_donation_claim",True,19,14,7,,0,0.0,R2_wash_trading_self_donation,9,0,0.6000000000000001,8,medium,False,6,8,R2_wash_trading_self_donation_medium_seed01,1,True,7,4
naive,False,0,C1_vukzero_accountability,"two_node_wash_trade,three_node_wash_trade,rug_pull_or_reward_redirect,misleading_donation_claim",True,15,8,3,,0,0.0,R2_wash_trading_self_donation,30,0,0.6000000000000001,8,medium,True,2,2,R2_wash_trading_self_donation_medium_seed01,1,True,7,4
naive,False,0,B2_signed_nopattern,"rug_pull_or_reward_redirect,misleading_donation_claim",True,20,15,8,,0,0.0,R2_wash_trading_self_donation,9,0,0.6000000000000001,8,medium,False,7,9,R2_wash_trading_self_donation_medium_seed01,1,True,8,4
naive,False,0,C1_vukzero_accountability,"two_node_wash_trade,three_node_wash_trade,rug_pull_or_reward_redirect,misleading_donation_claim",True,15,8,3,,0,0.0,R2_wash_trading_self_donation,30,0,0.6000000000000001,8,medium,True,2,2,R2_wash_trading_self_donation_medium_seed01,1,True,8,4
naive,False,0,B2_signed_nopattern,"rug_pull_or_reward_redirect,misleading_donation_claim",True,20,15,8,,0,0.0,R2_wash_trading_self_donation,9,0,0.6000000000000001,8,medium,False,7,9,R2_wash_trading_self_donation_medium_seed01,1,True,9,4
naive,False,0,C1_vukzero_accountability,"two_node_wash_trade,three_node_wash_trade,rug_pull_or_reward_redirect,misleading_donation_claim",True,16,9,4,,0,0.0,R2_wash_trading_self_donation,30,0,0.6000000000000001,8,medium,True,3,3,R2_wash_trading_self_donation_medium_seed01,1,True,9,4
naive,True,0,B2_signed_nopattern,"rug_pull_or_reward_redirect,misleading_donation_claim",False,,,8,,0,0.0,R2_wash_trading_self_donation,9,0,0.6000000000000001,8,medium,False,7,9,R2_wash_trading_self_donation_medium_seed01,1,True,10,4
naive,False,0,C1_vukzero_accountability,"two_node_wash_trade,three_node_wash_trade,rug_pull_or_reward_redirect,misleading_donation_claim",True,16,9,4,,0,0.0,R2_wash_trading_self_donation,30,0,0.6000000000000001,8,medium,True,3,3,R2_wash_trading_self_donation_medium_seed01,1,True,10,4
naive,False,0,B2_signed_nopattern,"rug_pull_or_reward_redirect,misleading_donation_claim",True,18,13,6,,0,0.0,R2_wash_trading_self_donation,9,0,0.6000000000000001,8,medium,False,5,7,R2_wash_trading_self_donation_medium_seed02,2,True,1,4
naive,False,0,C1_vukzero_accountability,"two_node_wash_trade,three_node_wash_trade,rug_pull_or_reward_redirect,misleading_donation_claim",True,14,7,2,,0,0.0,R2_wash_trading_self_donation,30,0,0.4,8,medium,True,1,1,R2_wash_trading_self_donation_medium_seed02,2,True,1,3
naive,False,0,B2_signed_nopattern,"rug_pull_or_reward_redirect,misleading_donation_claim",True,18,13,6,,0,0.0,R2_wash_trading_self_donation,9,0,0.6000000000000001,8,medium,False,5,7,R2_wash_trading_self_donation_medium_seed02,2,True,2,4
naive,False,0,C1_vukzero_accountability,"two_node_wash_trade,three_node_wash_trade,rug_pull_or_reward_redirect,misleading_donation_claim",True,14,7,2,,0,0.0,R2_wash_trading_self_donation,30,0,0.4,8,medium,True,1,1,R2_wash_trading_self_donation_medium_seed02,2,True,2,3
naive,False,0,B2_signed_nopattern,"rug_pull_or_reward_redirect,misleading_donation_claim",True,18,13,6,,0,0.0,R2_wash_trading_self_donation,9,0,0.6000000000000001,8,medium,False,5,7,R2_wash_trading_self_donation_medium_seed02,2,True,3,4
naive,False,0,C1_vukzero_accountability,"two_node_wash_trade,three_node_wash_trade,rug_pull_or_reward_redirect,misleading_donation_claim",True,14,7,2,,0,0.0,R2_wash_trading_self_donation,30,0,0.4,8,medium,True,1,1,R2_wash_trading_self_donation_medium_seed02,2,True,3,3
naive,False,0,B2_signed_nopattern,"rug_pull_or_reward_redirect,misleading_donation_claim",True,18,13,6,,0,0.0,R2_wash_trading_self_donation,9,0,0.6000000000000001,8,medium,False,5,7,R2_wash_trading_self_donation_medium_seed02,2,True,4,4
naive,False,0,C1_vukzero_accountability,"two_node_wash_trade,three_node_wash_trade,rug_pull_or_reward_redirect,misleading_donation_claim",True,14,7,2,,0,0.0,R2_wash_trading_self_donation,30,0,0.4,8,medium,True,1,1,R2_wash_trading_self_donation_medium_seed02,2,True,4,3
naive,False,0,B2_signed_nopattern,"rug_pull_or_reward_redirect,misleading_donation_claim",True,18,13,6,,0,0.0,R2_wash_trading_self_donation,9,0,0.6000000000000001,8,medium,False,5,7,R2_wash_trading_self_donation_medium_seed02,2,True,5,4
naive,False,0,C1_vukzero_accountability,"two_node_wash_trade,three_node_wash_trade,rug_pull_or_reward_redirect,misleading_donation_claim",True,15,8,3,,0,0.0,R2_wash_trading_self_donation,30,0,0.6000000000000001,8,medium,True,2,2,R2_wash_trading_self_donation_medium_seed02,2,True,5,4
naive,False,0,B2_signed_nopattern,"rug_pull_or_reward_redirect,misleading_donation_claim",True,19,14,7,,0,0.0,R2_wash_trading_self_donation,9,0,0.6000000000000001,8,medium,False,6,8,R2_wash_trading_self_donation_medium_seed02,2,True,6,4
naive,False,0,C1_vukzero_accountability,"two_node_wash_trade,three_node_wash_trade,rug_pull_or_reward_redirect,misleading_donation_claim",True,15,8,3,,0,0.0,R2_wash_trading_self_donation,30,0,0.6000000000000001,8,medium,True,2,2,R2_wash_trading_self_donation_medium_seed02,2,True,6,4
naive,False,0,B2_signed_nopattern,"rug_pull_or_reward_redirect,misleading_donation_claim",True,19,14,7,,0,0.0,R2_wash_trading_self_donation,9,0,0.6000000000000001,8,medium,False,6,8,R2_wash_trading_self_donation_medium_seed02,2,True,7,4
naive,False,0,C1_vukzero_accountability,"two_node_wash_trade,three_node_wash_trade,rug_pull_or_reward_redirect,misleading_donation_claim",True,15,8,3,,0,0.0,R2_wash_trading_self_donation,30,0,0.6000000000000001,8,medium,True,2,2,R2_wash_trading_self_donation_medium_seed02,2,True,7,4
naive,False,0,B2_signed_nopattern,"rug_pull_or_reward_redirect,misleading_donation_claim",True,20,15,8,,0,0.0,R2_wash_trading_self_donation,9,0,0.6000000000000001,8,medium,False,7,9,R2_wash_trading_self_donation_medium_seed02,2,True,8,4
naive,False,0,C1_vukzero_accountability,"two_node_wash_trade,three_node_wash_trade,rug_pull_or_reward_redirect,misleading_donation_claim",True,15,8,3,,0,0.0,R2_wash_trading_self_donation,30,0,0.6000000000000001,8,medium,True,2,2,R2_wash_trading_self_donation_medium_seed02,2,True,8,4
naive,False,0,B2_signed_nopattern,"rug_pull_or_reward_redirect,misleading_donation_claim",True,20,15,8,,0,0.0,R2_wash_trading_self_donation,9,0,0.6000000000000001,8,medium,False,7,9,R2_wash_trading_self_donation_medium_seed02,2,True,9,4
naive,False,0,C1_vukzero_accountability,"two_node_wash_trade,three_node_wash_trade,rug_pull_or_reward_redirect,misleading_donation_claim",True,16,9,4,,0,0.0,R2_wash_trading_self_donation,30,0,0.6000000000000001,8,medium,True,3,3,R2_wash_trading_self_donation_medium_seed02,2,True,9,4
naive,True,0,B2_signed_nopattern,"rug_pull_or_reward_redirect,misleading_donation_claim",False,,,8,,0,0.0,R2_wash_trading_self_donation,9,0,0.6000000000000001,8,medium,False,7,9,R2_wash_trading_self_donation_medium_seed02,2,True,10,4
naive,False,0,C1_vukzero_accountability,"two_node_wash_trade,three_node_wash_trade,rug_pull_or_reward_redirect,misleading_donation_claim",True,16,9,4,,0,0.0,R2_wash_trading_self_donation,30,0,0.6000000000000001,8,medium,True,3,3,R2_wash_trading_self_donation_medium_seed02,2,True,10,4
naive,False,0,B2_signed_nopattern,"rug_pull_or_reward_redirect,misleading_donation_claim",True,18,13,6,,0,0.0,R2_wash_trading_self_donation,9,0,0.6000000000000001,8,medium,False,5,7,R2_wash_trading_self_donation_medium_seed03,3,True,1,4
naive,False,0,C1_vukzero_accountability,"two_node_wash_trade,three_node_wash_trade,rug_pull_or_reward_redirect,misleading_donation_claim",True,14,7,2,,0,0.0,R2_wash_trading_self_donation,30,0,0.4,8,medium,True,1,1,R2_wash_trading_self_donation_medium_seed03,3,True,1,3
naive,False,0,B2_signed_nopattern,"rug_pull_or_reward_redirect,misleading_donation_claim",True,18,13,6,,0,0.0,R2_wash_trading_self_donation,9,0,0.6000000000000001,8,medium,False,5,7,R2_wash_trading_self_donation_medium_seed03,3,True,2,4
naive,False,0,C1_vukzero_accountability,"two_node_wash_trade,three_node_wash_trade,rug_pull_or_reward_redirect,misleading_donation_claim",True,14,7,2,,0,0.0,R2_wash_trading_self_donation,30,0,0.4,8,medium,True,1,1,R2_wash_trading_self_donation_medium_seed03,3,True,2,3
naive,False,0,B2_signed_nopattern,"rug_pull_or_reward_redirect,misleading_donation_claim",True,18,13,6,,0,0.0,R2_wash_trading_self_donation,9,0,0.6000000000000001,8,medium,False,5,7,R2_wash_trading_self_donation_medium_seed03,3,True,3,4
naive,False,0,C1_vukzero_accountability,"two_node_wash_trade,three_node_wash_trade,rug_pull_or_reward_redirect,misleading_donation_claim",True,14,7,2,,0,0.0,R2_wash_trading_self_donation,30,0,0.4,8,medium,True,1,1,R2_wash_trading_self_donation_medium_seed03,3,True,3,3
naive,False,0,B2_signed_nopattern,"rug_pull_or_reward_redirect,misleading_donation_claim",True,18,13,6,,0,0.0,R2_wash_trading_self_donation,9,0,0.6000000000000001,8,medium,False,5,7,R2_wash_trading_self_donation_medium_seed03,3,True,4,4
naive,False,0,C1_vukzero_accountability,"two_node_wash_trade,three_node_wash_trade,rug_pull_or_reward_redirect,misleading_donation_claim",True,14,7,2,,0,0.0,R2_wash_trading_self_donation,30,0,0.4,8,medium,True,1,1,R2_wash_trading_self_donation_medium_seed03,3,True,4,3
naive,False,0,B2_signed_nopattern,"rug_pull_or_reward_redirect,misleading_donation_claim",True,18,13,6,,0,0.0,R2_wash_trading_self_donation,9,0,0.6000000000000001,8,medium,False,5,7,R2_wash_trading_self_donation_medium_seed03,3,True,5,4
naive,False,0,C1_vukzero_accountability,"two_node_wash_trade,three_node_wash_trade,rug_pull_or_reward_redirect,misleading_donation_claim",True,15,8,3,,0,0.0,R2_wash_trading_self_donation,30,0,0.6000000000000001,8,medium,True,2,2,R2_wash_trading_self_donation_medium_seed03,3,True,5,4
naive,False,0,B2_signed_nopattern,"rug_pull_or_reward_redirect,misleading_donation_claim",True,19,14,7,,0,0.0,R2_wash_trading_self_donation,9,0,0.6000000000000001,8,medium,False,6,8,R2_wash_trading_self_donation_medium_seed03,3,True,6,4
naive,False,0,C1_vukzero_accountability,"two_node_wash_trade,three_node_wash_trade,rug_pull_or_reward_redirect,misleading_donation_claim",True,15,8,3,,0,0.0,R2_wash_trading_self_donation,30,0,0.6000000000000001,8,medium,True,2,2,R2_wash_trading_self_donation_medium_seed03,3,True,6,4
naive,False,0,B2_signed_nopattern,"rug_pull_or_reward_redirect,misleading_donation_claim",True,19,14,7,,0,0.0,R2_wash_trading_self_donation,9,0,0.6000000000000001,8,medium,False,6,8,R2_wash_trading_self_donation_medium_seed03,3,True,7,4
naive,False,0,C1_vukzero_accountability,"two_node_wash_trade,three_node_wash_trade,rug_pull_or_reward_redirect,misleading_donation_claim",True,15,8,3,,0,0.0,R2_wash_trading_self_donation,30,0,0.6000000000000001,8,medium,True,2,2,R2_wash_trading_self_donation_medium_seed03,3,True,7,4
naive,False,0,B2_signed_nopattern,"rug_pull_or_reward_redirect,misleading_donation_claim",True,20,15,8,,0,0.0,R2_wash_trading_self_donation,9,0,0.6000000000000001,8,medium,False,7,9,R2_wash_trading_self_donation_medium_seed03,3,True,8,4
naive,False,0,C1_vukzero_accountability,"two_node_wash_trade,three_node_wash_trade,rug_pull_or_reward_redirect,misleading_donation_claim",True,15,8,3,,0,0.0,R2_wash_trading_self_donation,30,0,0.6000000000000001,8,medium,True,2,2,R2_wash_trading_self_donation_medium_seed03,3,True,8,4
naive,False,0,B2_signed_nopattern,"rug_pull_or_reward_redirect,misleading_donation_claim",True,20,15,8,,0,0.0,R2_wash_trading_self_donation,9,0,0.6000000000000001,8,medium,False,7,9,R2_wash_trading_self_donation_medium_seed03,3,True,9,4
naive,False,0,C1_vukzero_accountability,"two_node_wash_trade,three_node_wash_trade,rug_pull_or_reward_redirect,misleading_donation_claim",True,16,9,4,,0,0.0,R2_wash_trading_self_donation,30,0,0.6000000000000001,8,medium,True,3,3,R2_wash_trading_self_donation_medium_seed03,3,True,9,4
naive,True,0,B2_signed_nopattern,"rug_pull_or_reward_redirect,misleading_donation_claim",False,,,8,,0,0.0,R2_wash_trading_self_donation,9,0,0.6000000000000001,8,medium,False,7,9,R2_wash_trading_self_donation_medium_seed03,3,True,10,4
naive,False,0,C1_vukzero_accountability,"two_node_wash_trade,three_node_wash_trade,rug_pull_or_reward_redirect,misleading_donation_claim",True,16,9,4,,0,0.0,R2_wash_trading_self_donation,30,0,0.6000000000000001,8,medium,True,3,3,R2_wash_trading_self_donation_medium_seed03,3,True,10,4
naive,False,0,B2_signed_nopattern,"rug_pull_or_reward_redirect,misleading_donation_claim",True,18,13,6,,0,0.0,R2_wash_trading_self_donation,9,0,0.6000000000000001,8,medium,False,5,7,R2_wash_trading_self_donation_medium_seed04,4,True,1,4
naive,False,0,C1_vukzero_accountability,"two_node_wash_trade,three_node_wash_trade,rug_pull_or_reward_redirect,misleading_donation_claim",True,14,7,2,,0,0.0,R2_wash_trading_self_donation,30,0,0.4,8,medium,True,1,1,R2_wash_trading_self_donation_medium_seed04,4,True,1,3
naive,False,0,B2_signed_nopattern,"rug_pull_or_reward_redirect,misleading_donation_claim",True,18,13,6,,0,0.0,R2_wash_trading_self_donation,9,0,0.6000000000000001,8,medium,False,5,7,R2_wash_trading_self_donation_medium_seed04,4,True,2,4
naive,False,0,C1_vukzero_accountability,"two_node_wash_trade,three_node_wash_trade,rug_pull_or_reward_redirect,misleading_donation_claim",True,14,7,2,,0,0.0,R2_wash_trading_self_donation,30,0,0.4,8,medium,True,1,1,R2_wash_trading_self_donation_medium_seed04,4,True,2,3
naive,False,0,B2_signed_nopattern,"rug_pull_or_reward_redirect,misleading_donation_claim",True,18,13,6,,0,0.0,R2_wash_trading_self_donation,9,0,0.6000000000000001,8,medium,False,5,7,R2_wash_trading_self_donation_medium_seed04,4,True,3,4
naive,False,0,C1_vukzero_accountability,"two_node_wash_trade,three_node_wash_trade,rug_pull_or_reward_redirect,misleading_donation_claim",True,14,7,2,,0,0.0,R2_wash_trading_self_donation,30,0,0.4,8,medium,True,1,1,R2_wash_trading_self_donation_medium_seed04,4,True,3,3
naive,False,0,B2_signed_nopattern,"rug_pull_or_reward_redirect,misleading_donation_claim",True,18,13,6,,0,0.0,R2_wash_trading_self_donation,9,0,0.6000000000000001,8,medium,False,5,7,R2_wash_trading_self_donation_medium_seed04,4,True,4,4
naive,False,0,C1_vukzero_accountability,"two_node_wash_trade,three_node_wash_trade,rug_pull_or_reward_redirect,misleading_donation_claim",True,14,7,2,,0,0.0,R2_wash_trading_self_donation,30,0,0.4,8,medium,True,1,1,R2_wash_trading_self_donation_medium_seed04,4,True,4,3
naive,False,0,B2_signed_nopattern,"rug_pull_or_reward_redirect,misleading_donation_claim",True,18,13,6,,0,0.0,R2_wash_trading_self_donation,9,0,0.6000000000000001,8,medium,False,5,7,R2_wash_trading_self_donation_medium_seed04,4,True,5,4
naive,False,0,C1_vukzero_accountability,"two_node_wash_trade,three_node_wash_trade,rug_pull_or_reward_redirect,misleading_donation_claim",True,15,8,3,,0,0.0,R2_wash_trading_self_donation,30,0,0.6000000000000001,8,medium,True,2,2,R2_wash_trading_self_donation_medium_seed04,4,True,5,4
naive,False,0,B2_signed_nopattern,"rug_pull_or_reward_redirect,misleading_donation_claim",True,19,14,7,,0,0.0,R2_wash_trading_self_donation,9,0,0.6000000000000001,8,medium,False,6,8,R2_wash_trading_self_donation_medium_seed04,4,True,6,4
naive,False,0,C1_vukzero_accountability,"two_node_wash_trade,three_node_wash_trade,rug_pull_or_reward_redirect,misleading_donation_claim",True,15,8,3,,0,0.0,R2_wash_trading_self_donation,30,0,0.6000000000000001,8,medium,True,2,2,R2_wash_trading_self_donation_medium_seed04,4,True,6,4
naive,False,0,B2_signed_nopattern,"rug_pull_or_reward_redirect,misleading_donation_claim",True,19,14,7,,0,0.0,R2_wash_trading_self_donation,9,0,0.6000000000000001,8,medium,False,6,8,R2_wash_trading_self_donation_medium_seed04,4,True,7,4
naive,False,0,C1_vukzero_accountability,"two_node_wash_trade,three_node_wash_trade,rug_pull_or_reward_redirect,misleading_donation_claim",True,15,8,3,,0,0.0,R2_wash_trading_self_donation,30,0,0.6000000000000001,8,medium,True,2,2,R2_wash_trading_self_donation_medium_seed04,4,True,7,4
naive,False,0,B2_signed_nopattern,"rug_pull_or_reward_redirect,misleading_donation_claim",True,20,15,8,,0,0.0,R2_wash_trading_self_donation,9,0,0.6000000000000001,8,medium,False,7,9,R2_wash_trading_self_donation_medium_seed04,4,True,8,4
naive,False,0,C1_vukzero_accountability,"two_node_wash_trade,three_node_wash_trade,rug_pull_or_reward_redirect,misleading_donation_claim",True,15,8,3,,0,0.0,R2_wash_trading_self_donation,30,0,0.6000000000000001,8,medium,True,2,2,R2_wash_trading_self_donation_medium_seed04,4,True,8,4
naive,False,0,B2_signed_nopattern,"rug_pull_or_reward_redirect,misleading_donation_claim",True,20,15,8,,0,0.0,R2_wash_trading_self_donation,9,0,0.6000000000000001,8,medium,False,7,9,R2_wash_trading_self_donation_medium_seed04,4,True,9,4
naive,False,0,C1_vukzero_accountability,"two_node_wash_trade,three_node_wash_trade,rug_pull_or_reward_redirect,misleading_donation_claim",True,16,9,4,,0,0.0,R2_wash_trading_self_donation,30,0,0.6000000000000001,8,medium,True,3,3,R2_wash_trading_self_donation_medium_seed04,4,True,9,4
naive,True,0,B2_signed_nopattern,"rug_pull_or_reward_redirect,misleading_donation_claim",False,,,8,,0,0.0,R2_wash_trading_self_donation,9,0,0.6000000000000001,8,medium,False,7,9,R2_wash_trading_self_donation_medium_seed04,4,True,10,4
naive,False,0,C1_vukzero_accountability,"two_node_wash_trade,three_node_wash_trade,rug_pull_or_reward_redirect,misleading_donation_claim",True,16,9,4,,0,0.0,R2_wash_trading_self_donation,30,0,0.6000000000000001,8,medium,True,3,3,R2_wash_trading_self_donation_medium_seed04,4,True,10,4
naive,False,0,B2_signed_nopattern,"rug_pull_or_reward_redirect,misleading_donation_claim",True,18,13,6,,0,0.0,R2_wash_trading_self_donation,9,0,0.6000000000000001,8,medium,False,5,7,R2_wash_trading_self_donation_medium_seed05,5,True,1,4
naive,False,0,C1_vukzero_accountability,"two_node_wash_trade,three_node_wash_trade,rug_pull_or_reward_redirect,misleading_donation_claim",True,14,7,2,,0,0.0,R2_wash_trading_self_donation,30,0,0.4,8,medium,True,1,1,R2_wash_trading_self_donation_medium_seed05,5,True,1,3
naive,False,0,B2_signed_nopattern,"rug_pull_or_reward_redirect,misleading_donation_claim",True,18,13,6,,0,0.0,R2_wash_trading_self_donation,9,0,0.6000000000000001,8,medium,False,5,7,R2_wash_trading_self_donation_medium_seed05,5,True,2,4
naive,False,0,C1_vukzero_accountability,"two_node_wash_trade,three_node_wash_trade,rug_pull_or_reward_redirect,misleading_donation_claim",True,14,7,2,,0,0.0,R2_wash_trading_self_donation,30,0,0.4,8,medium,True,1,1,R2_wash_trading_self_donation_medium_seed05,5,True,2,3
naive,False,0,B2_signed_nopattern,"rug_pull_or_reward_redirect,misleading_donation_claim",True,18,13,6,,0,0.0,R2_wash_trading_self_donation,9,0,0.6000000000000001,8,medium,False,5,7,R2_wash_trading_self_donation_medium_seed05,5,True,3,4
naive,False,0,C1_vukzero_accountability,"two_node_wash_trade,three_node_wash_trade,rug_pull_or_reward_redirect,misleading_donation_claim",True,14,7,2,,0,0.0,R2_wash_trading_self_donation,30,0,0.4,8,medium,True,1,1,R2_wash_trading_self_donation_medium_seed05,5,True,3,3
naive,False,0,B2_signed_nopattern,"rug_pull_or_reward_redirect,misleading_donation_claim",True,18,13,6,,0,0.0,R2_wash_trading_self_donation,9,0,0.6000000000000001,8,medium,False,5,7,R2_wash_trading_self_donation_medium_seed05,5,True,4,4
naive,False,0,C1_vukzero_accountability,"two_node_wash_trade,three_node_wash_trade,rug_pull_or_reward_redirect,misleading_donation_claim",True,14,7,2,,0,0.0,R2_wash_trading_self_donation,30,0,0.4,8,medium,True,1,1,R2_wash_trading_self_donation_medium_seed05,5,True,4,3
naive,False,0,B2_signed_nopattern,"rug_pull_or_reward_redirect,misleading_donation_claim",True,18,13,6,,0,0.0,R2_wash_trading_self_donation,9,0,0.6000000000000001,8,medium,False,5,7,R2_wash_trading_self_donation_medium_seed05,5,True,5,4
naive,False,0,C1_vukzero_accountability,"two_node_wash_trade,three_node_wash_trade,rug_pull_or_reward_redirect,misleading_donation_claim",True,15,8,3,,0,0.0,R2_wash_trading_self_donation,30,0,0.6000000000000001,8,medium,True,2,2,R2_wash_trading_self_donation_medium_seed05,5,True,5,4
naive,False,0,B2_signed_nopattern,"rug_pull_or_reward_redirect,misleading_donation_claim",True,19,14,7,,0,0.0,R2_wash_trading_self_donation,9,0,0.6000000000000001,8,medium,False,6,8,R2_wash_trading_self_donation_medium_seed05,5,True,6,4
naive,False,0,C1_vukzero_accountability,"two_node_wash_trade,three_node_wash_trade,rug_pull_or_reward_redirect,misleading_donation_claim",True,15,8,3,,0,0.0,R2_wash_trading_self_donation,30,0,0.6000000000000001,8,medium,True,2,2,R2_wash_trading_self_donation_medium_seed05,5,True,6,4
naive,False,0,B2_signed_nopattern,"rug_pull_or_reward_redirect,misleading_donation_claim",True,19,14,7,,0,0.0,R2_wash_trading_self_donation,9,0,0.6000000000000001,8,medium,False,6,8,R2_wash_trading_self_donation_medium_seed05,5,True,7,4
naive,False,0,C1_vukzero_accountability,"two_node_wash_trade,three_node_wash_trade,rug_pull_or_reward_redirect,misleading_donation_claim",True,15,8,3,,0,0.0,R2_wash_trading_self_donation,30,0,0.6000000000000001,8,medium,True,2,2,R2_wash_trading_self_donation_medium_seed05,5,True,7,4
naive,False,0,B2_signed_nopattern,"rug_pull_or_reward_redirect,misleading_donation_claim",True,20,15,8,,0,0.0,R2_wash_trading_self_donation,9,0,0.6000000000000001,8,medium,False,7,9,R2_wash_trading_self_donation_medium_seed05,5,True,8,4
naive,False,0,C1_vukzero_accountability,"two_node_wash_trade,three_node_wash_trade,rug_pull_or_reward_redirect,misleading_donation_claim",True,15,8,3,,0,0.0,R2_wash_trading_self_donation,30,0,0.6000000000000001,8,medium,True,2,2,R2_wash_trading_self_donation_medium_seed05,5,True,8,4
naive,False,0,B2_signed_nopattern,"rug_pull_or_reward_redirect,misleading_donation_claim",True,20,15,8,,0,0.0,R2_wash_trading_self_donation,9,0,0.6000000000000001,8,medium,False,7,9,R2_wash_trading_self_donation_medium_seed05,5,True,9,4
naive,False,0,C1_vukzero_accountability,"two_node_wash_trade,three_node_wash_trade,rug_pull_or_reward_redirect,misleading_donation_claim",True,16,9,4,,0,0.0,R2_wash_trading_self_donation,30,0,0.6000000000000001,8,medium,True,3,3,R2_wash_trading_self_donation_medium_seed05,5,True,9,4
naive,True,0,B2_signed_nopattern,"rug_pull_or_reward_redirect,misleading_donation_claim",False,,,8,,0,0.0,R2_wash_trading_self_donation,9,0,0.6000000000000001,8,medium,False,7,9,R2_wash_trading_self_donation_medium_seed05,5,True,10,4
naive,False,0,C1_vukzero_accountability,"two_node_wash_trade,three_node_wash_trade,rug_pull_or_reward_redirect,misleading_donation_claim",True,16,9,4,,0,0.0,R2_wash_trading_self_donation,30,0,0.6000000000000001,8,medium,True,3,3,R2_wash_trading_self_donation_medium_seed05,5,True,10,4
naive,False,0,B2_signed_nopattern,"self_donation,rug_pull_or_reward_redirect,misleading_donation_claim",True,18,11,6,,0,0.0,R2_wash_trading_self_donation,17,0,1.2000000000000002,8,high,False,5,5,R2_wash_trading_self_donation_high_seed01,1,True,1,6
naive,False,0,C1_vukzero_accountability,"two_node_wash_trade,three_node_wash_trade,self_donation,rug_pull_or_reward_redirect,misleading_donation_claim",True,14,7,2,,0,0.0,R2_wash_trading_self_donation,49,0,0.4,8,high,True,1,1,R2_wash_trading_self_donation_high_seed01,1,True,1,3
naive,False,0,B2_signed_nopattern,"self_donation,rug_pull_or_reward_redirect,misleading_donation_claim",True,18,11,6,,0,0.0,R2_wash_trading_self_donation,17,0,1.2000000000000002,8,high,False,5,5,R2_wash_trading_self_donation_high_seed01,1,True,2,6
naive,False,0,C1_vukzero_accountability,"two_node_wash_trade,three_node_wash_trade,self_donation,rug_pull_or_reward_redirect,misleading_donation_claim",True,14,7,2,,0,0.0,R2_wash_trading_self_donation,49,0,0.4,8,high,True,1,1,R2_wash_trading_self_donation_high_seed01,1,True,2,3
naive,False,0,B2_signed_nopattern,"self_donation,rug_pull_or_reward_redirect,misleading_donation_claim",True,18,11,6,,0,0.0,R2_wash_trading_self_donation,17,0,1.2000000000000002,8,high,False,5,5,R2_wash_trading_self_donation_high_seed01,1,True,3,6
naive,False,0,C1_vukzero_accountability,"two_node_wash_trade,three_node_wash_trade,self_donation,rug_pull_or_reward_redirect,misleading_donation_claim",True,14,7,2,,0,0.0,R2_wash_trading_self_donation,49,0,0.4,8,high,True,1,1,R2_wash_trading_self_donation_high_seed01,1,True,3,3
naive,False,0,B2_signed_nopattern,"self_donation,rug_pull_or_reward_redirect,misleading_donation_claim",True,19,12,7,,0,0.0,R2_wash_trading_self_donation,17,0,1.2000000000000002,8,high,False,6,6,R2_wash_trading_self_donation_high_seed01,1,True,4,6
naive,False,0,C1_vukzero_accountability,"two_node_wash_trade,three_node_wash_trade,self_donation,rug_pull_or_reward_redirect,misleading_donation_claim",True,14,7,2,,0,0.0,R2_wash_trading_self_donation,49,0,0.4,8,high,True,1,1,R2_wash_trading_self_donation_high_seed01,1,True,4,3
naive,False,0,B2_signed_nopattern,"self_donation,rug_pull_or_reward_redirect,misleading_donation_claim",True,19,12,7,,0,0.0,R2_wash_trading_self_donation,17,0,1.2000000000000002,8,high,False,6,6,R2_wash_trading_self_donation_high_seed01,1,True,5,6
naive,False,0,C1_vukzero_accountability,"two_node_wash_trade,three_node_wash_trade,self_donation,rug_pull_or_reward_redirect,misleading_donation_claim",True,15,8,3,,0,0.0,R2_wash_trading_self_donation,49,0,0.6000000000000001,8,high,True,2,2,R2_wash_trading_self_donation_high_seed01,1,True,5,4
naive,False,0,B2_signed_nopattern,"self_donation,rug_pull_or_reward_redirect,misleading_donation_claim",True,19,12,7,,0,0.0,R2_wash_trading_self_donation,17,0,1.2000000000000002,8,high,False,6,6,R2_wash_trading_self_donation_high_seed01,1,True,6,6
naive,False,0,C1_vukzero_accountability,"two_node_wash_trade,three_node_wash_trade,self_donation,rug_pull_or_reward_redirect,misleading_donation_claim",True,15,8,3,,0,0.0,R2_wash_trading_self_donation,49,0,0.6000000000000001,8,high,True,2,2,R2_wash_trading_self_donation_high_seed01,1,True,6,4
naive,False,0,B2_signed_nopattern,"self_donation,rug_pull_or_reward_redirect,misleading_donation_claim",True,19,12,7,,0,0.0,R2_wash_trading_self_donation,17,0,1.2000000000000002,8,high,False,6,6,R2_wash_trading_self_donation_high_seed01,1,True,7,6
naive,False,0,C1_vukzero_accountability,"two_node_wash_trade,three_node_wash_trade,self_donation,rug_pull_or_reward_redirect,misleading_donation_claim",True,15,8,3,,0,0.0,R2_wash_trading_self_donation,49,0,0.6000000000000001,8,high,True,2,2,R2_wash_trading_self_donation_high_seed01,1,True,7,4
naive,False,0,B2_signed_nopattern,"self_donation,rug_pull_or_reward_redirect,misleading_donation_claim",True,19,12,7,,0,0.0,R2_wash_trading_self_donation,17,0,1.2000000000000002,8,high,False,6,6,R2_wash_trading_self_donation_high_seed01,1,True,8,6
naive,False,0,C1_vukzero_accountability,"two_node_wash_trade,three_node_wash_trade,self_donation,rug_pull_or_reward_redirect,misleading_donation_claim",True,15,8,3,,0,0.0,R2_wash_trading_self_donation,49,0,0.6000000000000001,8,high,True,2,2,R2_wash_trading_self_donation_high_seed01,1,True,8,4
naive,False,0,B2_signed_nopattern,"self_donation,rug_pull_or_reward_redirect,misleading_donation_claim",True,20,13,8,,0,0.0,R2_wash_trading_self_donation,17,0,1.2000000000000002,8,high,False,7,7,R2_wash_trading_self_donation_high_seed01,1,True,9,6
naive,False,0,C1_vukzero_accountability,"two_node_wash_trade,three_node_wash_trade,self_donation,rug_pull_or_reward_redirect,misleading_donation_claim",True,16,9,4,,0,0.0,R2_wash_trading_self_donation,49,0,0.6000000000000001,8,high,True,3,3,R2_wash_trading_self_donation_high_seed01,1,True,9,4
naive,False,0,B2_signed_nopattern,"self_donation,rug_pull_or_reward_redirect,misleading_donation_claim",True,20,13,8,,0,0.0,R2_wash_trading_self_donation,17,0,1.2000000000000002,8,high,False,7,7,R2_wash_trading_self_donation_high_seed01,1,True,10,6
naive,False,0,C1_vukzero_accountability,"two_node_wash_trade,three_node_wash_trade,self_donation,rug_pull_or_reward_redirect,misleading_donation_claim",True,16,9,4,,0,0.0,R2_wash_trading_self_donation,49,0,0.6000000000000001,8,high,True,3,3,R2_wash_trading_self_donation_high_seed01,1,True,10,4
naive,False,0,B2_signed_nopattern,"self_donation,rug_pull_or_reward_redirect,misleading_donation_claim",True,18,11,6,,0,0.0,R2_wash_trading_self_donation,17,0,1.2000000000000002,8,high,False,5,5,R2_wash_trading_self_donation_high_seed02,2,True,1,6
naive,False,0,C1_vukzero_accountability,"two_node_wash_trade,three_node_wash_trade,self_donation,rug_pull_or_reward_redirect,misleading_donation_claim",True,14,7,2,,0,0.0,R2_wash_trading_self_donation,49,0,0.4,8,high,True,1,1,R2_wash_trading_self_donation_high_seed02,2,True,1,3
naive,False,0,B2_signed_nopattern,"self_donation,rug_pull_or_reward_redirect,misleading_donation_claim",True,18,11,6,,0,0.0,R2_wash_trading_self_donation,17,0,1.2000000000000002,8,high,False,5,5,R2_wash_trading_self_donation_high_seed02,2,True,2,6
naive,False,0,C1_vukzero_accountability,"two_node_wash_trade,three_node_wash_trade,self_donation,rug_pull_or_reward_redirect,misleading_donation_claim",True,14,7,2,,0,0.0,R2_wash_trading_self_donation,49,0,0.4,8,high,True,1,1,R2_wash_trading_self_donation_high_seed02,2,True,2,3
naive,False,0,B2_signed_nopattern,"self_donation,rug_pull_or_reward_redirect,misleading_donation_claim",True,18,11,6,,0,0.0,R2_wash_trading_self_donation,17,0,1.2000000000000002,8,high,False,5,5,R2_wash_trading_self_donation_high_seed02,2,True,3,6
naive,False,0,C1_vukzero_accountability,"two_node_wash_trade,three_node_wash_trade,self_donation,rug_pull_or_reward_redirect,misleading_donation_claim",True,14,7,2,,0,0.0,R2_wash_trading_self_donation,49,0,0.4,8,high,True,1,1,R2_wash_trading_self_donation_high_seed02,2,True,3,3
naive,False,0,B2_signed_nopattern,"self_donation,rug_pull_or_reward_redirect,misleading_donation_claim",True,19,12,7,,0,0.0,R2_wash_trading_self_donation,17,0,1.2000000000000002,8,high,False,6,6,R2_wash_trading_self_donation_high_seed02,2,True,4,6
naive,False,0,C1_vukzero_accountability,"two_node_wash_trade,three_node_wash_trade,self_donation,rug_pull_or_reward_redirect,misleading_donation_claim",True,14,7,2,,0,0.0,R2_wash_trading_self_donation,49,0,0.4,8,high,True,1,1,R2_wash_trading_self_donation_high_seed02,2,True,4,3
naive,False,0,B2_signed_nopattern,"self_donation,rug_pull_or_reward_redirect,misleading_donation_claim",True,19,12,7,,0,0.0,R2_wash_trading_self_donation,17,0,1.2000000000000002,8,high,False,6,6,R2_wash_trading_self_donation_high_seed02,2,True,5,6
naive,False,0,C1_vukzero_accountability,"two_node_wash_trade,three_node_wash_trade,self_donation,rug_pull_or_reward_redirect,misleading_donation_claim",True,15,8,3,,0,0.0,R2_wash_trading_self_donation,49,0,0.6000000000000001,8,high,True,2,2,R2_wash_trading_self_donation_high_seed02,2,True,5,4
naive,False,0,B2_signed_nopattern,"self_donation,rug_pull_or_reward_redirect,misleading_donation_claim",True,19,12,7,,0,0.0,R2_wash_trading_self_donation,17,0,1.2000000000000002,8,high,False,6,6,R2_wash_trading_self_donation_high_seed02,2,True,6,6
naive,False,0,C1_vukzero_accountability,"two_node_wash_trade,three_node_wash_trade,self_donation,rug_pull_or_reward_redirect,misleading_donation_claim",True,15,8,3,,0,0.0,R2_wash_trading_self_donation,49,0,0.6000000000000001,8,high,True,2,2,R2_wash_trading_self_donation_high_seed02,2,True,6,4
naive,False,0,B2_signed_nopattern,"self_donation,rug_pull_or_reward_redirect,misleading_donation_claim",True,19,12,7,,0,0.0,R2_wash_trading_self_donation,17,0,1.2000000000000002,8,high,False,6,6,R2_wash_trading_self_donation_high_seed02,2,True,7,6
naive,False,0,C1_vukzero_accountability,"two_node_wash_trade,three_node_wash_trade,self_donation,rug_pull_or_reward_redirect,misleading_donation_claim",True,15,8,3,,0,0.0,R2_wash_trading_self_donation,49,0,0.6000000000000001,8,high,True,2,2,R2_wash_trading_self_donation_high_seed02,2,True,7,4
naive,False,0,B2_signed_nopattern,"self_donation,rug_pull_or_reward_redirect,misleading_donation_claim",True,19,12,7,,0,0.0,R2_wash_trading_self_donation,17,0,1.2000000000000002,8,high,False,6,6,R2_wash_trading_self_donation_high_seed02,2,True,8,6
naive,False,0,C1_vukzero_accountability,"two_node_wash_trade,three_node_wash_trade,self_donation,rug_pull_or_reward_redirect,misleading_donation_claim",True,15,8,3,,0,0.0,R2_wash_trading_self_donation,49,0,0.6000000000000001,8,high,True,2,2,R2_wash_trading_self_donation_high_seed02,2,True,8,4
naive,False,0,B2_signed_nopattern,"self_donation,rug_pull_or_reward_redirect,misleading_donation_claim",True,20,13,8,,0,0.0,R2_wash_trading_self_donation,17,0,1.2000000000000002,8,high,False,7,7,R2_wash_trading_self_donation_high_seed02,2,True,9,6
naive,False,0,C1_vukzero_accountability,"two_node_wash_trade,three_node_wash_trade,self_donation,rug_pull_or_reward_redirect,misleading_donation_claim",True,16,9,4,,0,0.0,R2_wash_trading_self_donation,49,0,0.6000000000000001,8,high,True,3,3,R2_wash_trading_self_donation_high_seed02,2,True,9,4
naive,False,0,B2_signed_nopattern,"self_donation,rug_pull_or_reward_redirect,misleading_donation_claim",True,20,13,8,,0,0.0,R2_wash_trading_self_donation,17,0,1.2000000000000002,8,high,False,7,7,R2_wash_trading_self_donation_high_seed02,2,True,10,6
naive,False,0,C1_vukzero_accountability,"two_node_wash_trade,three_node_wash_trade,self_donation,rug_pull_or_reward_redirect,misleading_donation_claim",True,16,9,4,,0,0.0,R2_wash_trading_self_donation,49,0,0.6000000000000001,8,high,True,3,3,R2_wash_trading_self_donation_high_seed02,2,True,10,4
naive,False,0,B2_signed_nopattern,"self_donation,rug_pull_or_reward_redirect,misleading_donation_claim",True,18,11,6,,0,0.0,R2_wash_trading_self_donation,17,0,1.2000000000000002,8,high,False,5,5,R2_wash_trading_self_donation_high_seed03,3,True,1,6
naive,False,0,C1_vukzero_accountability,"two_node_wash_trade,three_node_wash_trade,self_donation,rug_pull_or_reward_redirect,misleading_donation_claim",True,14,7,2,,0,0.0,R2_wash_trading_self_donation,49,0,0.4,8,high,True,1,1,R2_wash_trading_self_donation_high_seed03,3,True,1,3
naive,False,0,B2_signed_nopattern,"self_donation,rug_pull_or_reward_redirect,misleading_donation_claim",True,18,11,6,,0,0.0,R2_wash_trading_self_donation,17,0,1.2000000000000002,8,high,False,5,5,R2_wash_trading_self_donation_high_seed03,3,True,2,6
naive,False,0,C1_vukzero_accountability,"two_node_wash_trade,three_node_wash_trade,self_donation,rug_pull_or_reward_redirect,misleading_donation_claim",True,14,7,2,,0,0.0,R2_wash_trading_self_donation,49,0,0.4,8,high,True,1,1,R2_wash_trading_self_donation_high_seed03,3,True,2,3
naive,False,0,B2_signed_nopattern,"self_donation,rug_pull_or_reward_redirect,misleading_donation_claim",True,18,11,6,,0,0.0,R2_wash_trading_self_donation,17,0,1.2000000000000002,8,high,False,5,5,R2_wash_trading_self_donation_high_seed03,3,True,3,6
naive,False,0,C1_vukzero_accountability,"two_node_wash_trade,three_node_wash_trade,self_donation,rug_pull_or_reward_redirect,misleading_donation_claim",True,14,7,2,,0,0.0,R2_wash_trading_self_donation,49,0,0.4,8,high,True,1,1,R2_wash_trading_self_donation_high_seed03,3,True,3,3
naive,False,0,B2_signed_nopattern,"self_donation,rug_pull_or_reward_redirect,misleading_donation_claim",True,19,12,7,,0,0.0,R2_wash_trading_self_donation,17,0,1.2000000000000002,8,high,False,6,6,R2_wash_trading_self_donation_high_seed03,3,True,4,6
naive,False,0,C1_vukzero_accountability,"two_node_wash_trade,three_node_wash_trade,self_donation,rug_pull_or_reward_redirect,misleading_donation_claim",True,14,7,2,,0,0.0,R2_wash_trading_self_donation,49,0,0.4,8,high,True,1,1,R2_wash_trading_self_donation_high_seed03,3,True,4,3
naive,False,0,B2_signed_nopattern,"self_donation,rug_pull_or_reward_redirect,misleading_donation_claim",True,19,12,7,,0,0.0,R2_wash_trading_self_donation,17,0,1.2000000000000002,8,high,False,6,6,R2_wash_trading_self_donation_high_seed03,3,True,5,6
naive,False,0,C1_vukzero_accountability,"two_node_wash_trade,three_node_wash_trade,self_donation,rug_pull_or_reward_redirect,misleading_donation_claim",True,15,8,3,,0,0.0,R2_wash_trading_self_donation,49,0,0.6000000000000001,8,high,True,2,2,R2_wash_trading_self_donation_high_seed03,3,True,5,4
naive,False,0,B2_signed_nopattern,"self_donation,rug_pull_or_reward_redirect,misleading_donation_claim",True,19,12,7,,0,0.0,R2_wash_trading_self_donation,17,0,1.2000000000000002,8,high,False,6,6,R2_wash_trading_self_donation_high_seed03,3,True,6,6
naive,False,0,C1_vukzero_accountability,"two_node_wash_trade,three_node_wash_trade,self_donation,rug_pull_or_reward_redirect,misleading_donation_claim",True,15,8,3,,0,0.0,R2_wash_trading_self_donation,49,0,0.6000000000000001,8,high,True,2,2,R2_wash_trading_self_donation_high_seed03,3,True,6,4
naive,False,0,B2_signed_nopattern,"self_donation,rug_pull_or_reward_redirect,misleading_donation_claim",True,19,12,7,,0,0.0,R2_wash_trading_self_donation,17,0,1.2000000000000002,8,high,False,6,6,R2_wash_trading_self_donation_high_seed03,3,True,7,6
naive,False,0,C1_vukzero_accountability,"two_node_wash_trade,three_node_wash_trade,self_donation,rug_pull_or_reward_redirect,misleading_donation_claim",True,15,8,3,,0,0.0,R2_wash_trading_self_donation,49,0,0.6000000000000001,8,high,True,2,2,R2_wash_trading_self_donation_high_seed03,3,True,7,4
naive,False,0,B2_signed_nopattern,"self_donation,rug_pull_or_reward_redirect,misleading_donation_claim",True,19,12,7,,0,0.0,R2_wash_trading_self_donation,17,0,1.2000000000000002,8,high,False,6,6,R2_wash_trading_self_donation_high_seed03,3,True,8,6
naive,False,0,C1_vukzero_accountability,"two_node_wash_trade,three_node_wash_trade,self_donation,rug_pull_or_reward_redirect,misleading_donation_claim",True,15,8,3,,0,0.0,R2_wash_trading_self_donation,49,0,0.6000000000000001,8,high,True,2,2,R2_wash_trading_self_donation_high_seed03,3,True,8,4
naive,False,0,B2_signed_nopattern,"self_donation,rug_pull_or_reward_redirect,misleading_donation_claim",True,20,13,8,,0,0.0,R2_wash_trading_self_donation,17,0,1.2000000000000002,8,high,False,7,7,R2_wash_trading_self_donation_high_seed03,3,True,9,6
naive,False,0,C1_vukzero_accountability,"two_node_wash_trade,three_node_wash_trade,self_donation,rug_pull_or_reward_redirect,misleading_donation_claim",True,16,9,4,,0,0.0,R2_wash_trading_self_donation,49,0,0.6000000000000001,8,high,True,3,3,R2_wash_trading_self_donation_high_seed03,3,True,9,4
naive,False,0,B2_signed_nopattern,"self_donation,rug_pull_or_reward_redirect,misleading_donation_claim",True,20,13,8,,0,0.0,R2_wash_trading_self_donation,17,0,1.2000000000000002,8,high,False,7,7,R2_wash_trading_self_donation_high_seed03,3,True,10,6
naive,False,0,C1_vukzero_accountability,"two_node_wash_trade,three_node_wash_trade,self_donation,rug_pull_or_reward_redirect,misleading_donation_claim",True,16,9,4,,0,0.0,R2_wash_trading_self_donation,49,0,0.6000000000000001,8,high,True,3,3,R2_wash_trading_self_donation_high_seed03,3,True,10,4
naive,False,0,B2_signed_nopattern,"self_donation,rug_pull_or_reward_redirect,misleading_donation_claim",True,18,11,6,,0,0.0,R2_wash_trading_self_donation,17,0,1.2000000000000002,8,high,False,5,5,R2_wash_trading_self_donation_high_seed04,4,True,1,6
naive,False,0,C1_vukzero_accountability,"two_node_wash_trade,three_node_wash_trade,self_donation,rug_pull_or_reward_redirect,misleading_donation_claim",True,14,7,2,,0,0.0,R2_wash_trading_self_donation,49,0,0.4,8,high,True,1,1,R2_wash_trading_self_donation_high_seed04,4,True,1,3
naive,False,0,B2_signed_nopattern,"self_donation,rug_pull_or_reward_redirect,misleading_donation_claim",True,18,11,6,,0,0.0,R2_wash_trading_self_donation,17,0,1.2000000000000002,8,high,False,5,5,R2_wash_trading_self_donation_high_seed04,4,True,2,6
naive,False,0,C1_vukzero_accountability,"two_node_wash_trade,three_node_wash_trade,self_donation,rug_pull_or_reward_redirect,misleading_donation_claim",True,14,7,2,,0,0.0,R2_wash_trading_self_donation,49,0,0.4,8,high,True,1,1,R2_wash_trading_self_donation_high_seed04,4,True,2,3
naive,False,0,B2_signed_nopattern,"self_donation,rug_pull_or_reward_redirect,misleading_donation_claim",True,18,11,6,,0,0.0,R2_wash_trading_self_donation,17,0,1.2000000000000002,8,high,False,5,5,R2_wash_trading_self_donation_high_seed04,4,True,3,6
naive,False,0,C1_vukzero_accountability,"two_node_wash_trade,three_node_wash_trade,self_donation,rug_pull_or_reward_redirect,misleading_donation_claim",True,14,7,2,,0,0.0,R2_wash_trading_self_donation,49,0,0.4,8,high,True,1,1,R2_wash_trading_self_donation_high_seed04,4,True,3,3
naive,False,0,B2_signed_nopattern,"self_donation,rug_pull_or_reward_redirect,misleading_donation_claim",True,19,12,7,,0,0.0,R2_wash_trading_self_donation,17,0,1.2000000000000002,8,high,False,6,6,R2_wash_trading_self_donation_high_seed04,4,True,4,6
naive,False,0,C1_vukzero_accountability,"two_node_wash_trade,three_node_wash_trade,self_donation,rug_pull_or_reward_redirect,misleading_donation_claim",True,14,7,2,,0,0.0,R2_wash_trading_self_donation,49,0,0.4,8,high,True,1,1,R2_wash_trading_self_donation_high_seed04,4,True,4,3
naive,False,0,B2_signed_nopattern,"self_donation,rug_pull_or_reward_redirect,misleading_donation_claim",True,19,12,7,,0,0.0,R2_wash_trading_self_donation,17,0,1.2000000000000002,8,high,False,6,6,R2_wash_trading_self_donation_high_seed04,4,True,5,6
naive,False,0,C1_vukzero_accountability,"two_node_wash_trade,three_node_wash_trade,self_donation,rug_pull_or_reward_redirect,misleading_donation_claim",True,15,8,3,,0,0.0,R2_wash_trading_self_donation,49,0,0.6000000000000001,8,high,True,2,2,R2_wash_trading_self_donation_high_seed04,4,True,5,4
naive,False,0,B2_signed_nopattern,"self_donation,rug_pull_or_reward_redirect,misleading_donation_claim",True,19,12,7,,0,0.0,R2_wash_trading_self_donation,17,0,1.2000000000000002,8,high,False,6,6,R2_wash_trading_self_donation_high_seed04,4,True,6,6
naive,False,0,C1_vukzero_accountability,"two_node_wash_trade,three_node_wash_trade,self_donation,rug_pull_or_reward_redirect,misleading_donation_claim",True,15,8,3,,0,0.0,R2_wash_trading_self_donation,49,0,0.6000000000000001,8,high,True,2,2,R2_wash_trading_self_donation_high_seed04,4,True,6,4
naive,False,0,B2_signed_nopattern,"self_donation,rug_pull_or_reward_redirect,misleading_donation_claim",True,19,12,7,,0,0.0,R2_wash_trading_self_donation,17,0,1.2000000000000002,8,high,False,6,6,R2_wash_trading_self_donation_high_seed04,4,True,7,6
naive,False,0,C1_vukzero_accountability,"two_node_wash_trade,three_node_wash_trade,self_donation,rug_pull_or_reward_redirect,misleading_donation_claim",True,15,8,3,,0,0.0,R2_wash_trading_self_donation,49,0,0.6000000000000001,8,high,True,2,2,R2_wash_trading_self_donation_high_seed04,4,True,7,4
naive,False,0,B2_signed_nopattern,"self_donation,rug_pull_or_reward_redirect,misleading_donation_claim",True,19,12,7,,0,0.0,R2_wash_trading_self_donation,17,0,1.2000000000000002,8,high,False,6,6,R2_wash_trading_self_donation_high_seed04,4,True,8,6
naive,False,0,C1_vukzero_accountability,"two_node_wash_trade,three_node_wash_trade,self_donation,rug_pull_or_reward_redirect,misleading_donation_claim",True,15,8,3,,0,0.0,R2_wash_trading_self_donation,49,0,0.6000000000000001,8,high,True,2,2,R2_wash_trading_self_donation_high_seed04,4,True,8,4
naive,False,0,B2_signed_nopattern,"self_donation,rug_pull_or_reward_redirect,misleading_donation_claim",True,20,13,8,,0,0.0,R2_wash_trading_self_donation,17,0,1.2000000000000002,8,high,False,7,7,R2_wash_trading_self_donation_high_seed04,4,True,9,6
naive,False,0,C1_vukzero_accountability,"two_node_wash_trade,three_node_wash_trade,self_donation,rug_pull_or_reward_redirect,misleading_donation_claim",True,16,9,4,,0,0.0,R2_wash_trading_self_donation,49,0,0.6000000000000001,8,high,True,3,3,R2_wash_trading_self_donation_high_seed04,4,True,9,4
naive,False,0,B2_signed_nopattern,"self_donation,rug_pull_or_reward_redirect,misleading_donation_claim",True,20,13,8,,0,0.0,R2_wash_trading_self_donation,17,0,1.2000000000000002,8,high,False,7,7,R2_wash_trading_self_donation_high_seed04,4,True,10,6
naive,False,0,C1_vukzero_accountability,"two_node_wash_trade,three_node_wash_trade,self_donation,rug_pull_or_reward_redirect,misleading_donation_claim",True,16,9,4,,0,0.0,R2_wash_trading_self_donation,49,0,0.6000000000000001,8,high,True,3,3,R2_wash_trading_self_donation_high_seed04,4,True,10,4
naive,False,0,B2_signed_nopattern,"self_donation,rug_pull_or_reward_redirect,misleading_donation_claim",True,18,11,6,,0,0.0,R2_wash_trading_self_donation,17,0,1.2000000000000002,8,high,False,5,5,R2_wash_trading_self_donation_high_seed05,5,True,1,6
naive,False,0,C1_vukzero_accountability,"two_node_wash_trade,three_node_wash_trade,self_donation,rug_pull_or_reward_redirect,misleading_donation_claim",True,14,7,2,,0,0.0,R2_wash_trading_self_donation,49,0,0.4,8,high,True,1,1,R2_wash_trading_self_donation_high_seed05,5,True,1,3
naive,False,0,B2_signed_nopattern,"self_donation,rug_pull_or_reward_redirect,misleading_donation_claim",True,18,11,6,,0,0.0,R2_wash_trading_self_donation,17,0,1.2000000000000002,8,high,False,5,5,R2_wash_trading_self_donation_high_seed05,5,True,2,6
naive,False,0,C1_vukzero_accountability,"two_node_wash_trade,three_node_wash_trade,self_donation,rug_pull_or_reward_redirect,misleading_donation_claim",True,14,7,2,,0,0.0,R2_wash_trading_self_donation,49,0,0.4,8,high,True,1,1,R2_wash_trading_self_donation_high_seed05,5,True,2,3
naive,False,0,B2_signed_nopattern,"self_donation,rug_pull_or_reward_redirect,misleading_donation_claim",True,18,11,6,,0,0.0,R2_wash_trading_self_donation,17,0,1.2000000000000002,8,high,False,5,5,R2_wash_trading_self_donation_high_seed05,5,True,3,6
naive,False,0,C1_vukzero_accountability,"two_node_wash_trade,three_node_wash_trade,self_donation,rug_pull_or_reward_redirect,misleading_donation_claim",True,14,7,2,,0,0.0,R2_wash_trading_self_donation,49,0,0.4,8,high,True,1,1,R2_wash_trading_self_donation_high_seed05,5,True,3,3
naive,False,0,B2_signed_nopattern,"self_donation,rug_pull_or_reward_redirect,misleading_donation_claim",True,19,12,7,,0,0.0,R2_wash_trading_self_donation,17,0,1.2000000000000002,8,high,False,6,6,R2_wash_trading_self_donation_high_seed05,5,True,4,6
naive,False,0,C1_vukzero_accountability,"two_node_wash_trade,three_node_wash_trade,self_donation,rug_pull_or_reward_redirect,misleading_donation_claim",True,14,7,2,,0,0.0,R2_wash_trading_self_donation,49,0,0.4,8,high,True,1,1,R2_wash_trading_self_donation_high_seed05,5,True,4,3
naive,False,0,B2_signed_nopattern,"self_donation,rug_pull_or_reward_redirect,misleading_donation_claim",True,19,12,7,,0,0.0,R2_wash_trading_self_donation,17,0,1.2000000000000002,8,high,False,6,6,R2_wash_trading_self_donation_high_seed05,5,True,5,6
naive,False,0,C1_vukzero_accountability,"two_node_wash_trade,three_node_wash_trade,self_donation,rug_pull_or_reward_redirect,misleading_donation_claim",True,15,8,3,,0,0.0,R2_wash_trading_self_donation,49,0,0.6000000000000001,8,high,True,2,2,R2_wash_trading_self_donation_high_seed05,5,True,5,4
naive,False,0,B2_signed_nopattern,"self_donation,rug_pull_or_reward_redirect,misleading_donation_claim",True,19,12,7,,0,0.0,R2_wash_trading_self_donation,17,0,1.2000000000000002,8,high,False,6,6,R2_wash_trading_self_donation_high_seed05,5,True,6,6
naive,False,0,C1_vukzero_accountability,"two_node_wash_trade,three_node_wash_trade,self_donation,rug_pull_or_reward_redirect,misleading_donation_claim",True,15,8,3,,0,0.0,R2_wash_trading_self_donation,49,0,0.6000000000000001,8,high,True,2,2,R2_wash_trading_self_donation_high_seed05,5,True,6,4
naive,False,0,B2_signed_nopattern,"self_donation,rug_pull_or_reward_redirect,misleading_donation_claim",True,19,12,7,,0,0.0,R2_wash_trading_self_donation,17,0,1.2000000000000002,8,high,False,6,6,R2_wash_trading_self_donation_high_seed05,5,True,7,6
naive,False,0,C1_vukzero_accountability,"two_node_wash_trade,three_node_wash_trade,self_donation,rug_pull_or_reward_redirect,misleading_donation_claim",True,15,8,3,,0,0.0,R2_wash_trading_self_donation,49,0,0.6000000000000001,8,high,True,2,2,R2_wash_trading_self_donation_high_seed05,5,True,7,4
naive,False,0,B2_signed_nopattern,"self_donation,rug_pull_or_reward_redirect,misleading_donation_claim",True,19,12,7,,0,0.0,R2_wash_trading_self_donation,17,0,1.2000000000000002,8,high,False,6,6,R2_wash_trading_self_donation_high_seed05,5,True,8,6
naive,False,0,C1_vukzero_accountability,"two_node_wash_trade,three_node_wash_trade,self_donation,rug_pull_or_reward_redirect,misleading_donation_claim",True,15,8,3,,0,0.0,R2_wash_trading_self_donation,49,0,0.6000000000000001,8,high,True,2,2,R2_wash_trading_self_donation_high_seed05,5,True,8,4
naive,False,0,B2_signed_nopattern,"self_donation,rug_pull_or_reward_redirect,misleading_donation_claim",True,20,13,8,,0,0.0,R2_wash_trading_self_donation,17,0,1.2000000000000002,8,high,False,7,7,R2_wash_trading_self_donation_high_seed05,5,True,9,6
naive,False,0,C1_vukzero_accountability,"two_node_wash_trade,three_node_wash_trade,self_donation,rug_pull_or_reward_redirect,misleading_donation_claim",True,16,9,4,,0,0.0,R2_wash_trading_self_donation,49,0,0.6000000000000001,8,high,True,3,3,R2_wash_trading_self_donation_high_seed05,5,True,9,4
naive,False,0,B2_signed_nopattern,"self_donation,rug_pull_or_reward_redirect,misleading_donation_claim",True,20,13,8,,0,0.0,R2_wash_trading_self_donation,17,0,1.2000000000000002,8,high,False,7,7,R2_wash_trading_self_donation_high_seed05,5,True,10,6
naive,False,0,C1_vukzero_accountability,"two_node_wash_trade,three_node_wash_trade,self_donation,rug_pull_or_reward_redirect,misleading_donation_claim",True,16,9,4,,0,0.0,R2_wash_trading_self_donation,49,0,0.6000000000000001,8,high,True,3,3,R2_wash_trading_self_donation_high_seed05,5,True,10,4
naive,False,2,B2_signed_nopattern,"rug_pull_or_reward_redirect,misleading_donation_claim",True,17,13,5,,0,0.0,R3_collusive_endorsements,9,0,0.6000000000000001,8,low,False,4,7,R3_collusive_endorsements_low_seed01,1,True,1,1
naive,False,2,C1_vukzero_accountability,"collusive_endorsement_cluster,rug_pull_or_reward_redirect,misleading_donation_claim",True,14,7,2,,0,0.0,R3_collusive_endorsements,16,0,0.4,8,low,True,1,1,R3_collusive_endorsements_low_seed01,1,True,1,0
naive,False,2,B2_signed_nopattern,"rug_pull_or_reward_redirect,misleading_donation_claim",True,17,13,5,,0,0.0,R3_collusive_endorsements,9,0,0.6000000000000001,8,low,False,4,7,R3_collusive_endorsements_low_seed01,1,True,2,1
naive,False,2,C1_vukzero_accountability,"collusive_endorsement_cluster,rug_pull_or_reward_redirect,misleading_donation_claim",True,14,7,2,,0,0.0,R3_collusive_endorsements,16,0,0.4,8,low,True,1,1,R3_collusive_endorsements_low_seed01,1,True,2,1
naive,False,2,B2_signed_nopattern,"rug_pull_or_reward_redirect,misleading_donation_claim",True,17,13,5,,0,0.0,R3_collusive_endorsements,9,0,0.6000000000000001,8,low,False,4,7,R3_collusive_endorsements_low_seed01,1,True,3,1
naive,False,2,C1_vukzero_accountability,"collusive_endorsement_cluster,rug_pull_or_reward_redirect,misleading_donation_claim",True,16,12,4,,0,0.0,R3_collusive_endorsements,16,0,0.6000000000000001,8,low,True,3,6,R3_collusive_endorsements_low_seed01,1,True,3,1
naive,False,2,B2_signed_nopattern,"rug_pull_or_reward_redirect,misleading_donation_claim",True,17,13,5,,0,0.0,R3_collusive_endorsements,9,0,0.6000000000000001,8,low,False,4,7,R3_collusive_endorsements_low_seed01,1,True,4,1
naive,False,2,C1_vukzero_accountability,"collusive_endorsement_cluster,rug_pull_or_reward_redirect,misleading_donation_claim",True,16,12,4,,0,0.0,R3_collusive_endorsements,16,0,0.6000000000000001,8,low,True,3,6,R3_collusive_endorsements_low_seed01,1,True,4,1
naive,False,2,B2_signed_nopattern,"rug_pull_or_reward_redirect,misleading_donation_claim",True,17,13,5,,0,0.0,R3_collusive_endorsements,9,0,0.6000000000000001,8,low,False,4,7,R3_collusive_endorsements_low_seed01,1,True,5,1
naive,False,2,C1_vukzero_accountability,"collusive_endorsement_cluster,rug_pull_or_reward_redirect,misleading_donation_claim",True,16,12,4,,0,0.0,R3_collusive_endorsements,16,0,0.6000000000000001,8,low,True,3,6,R3_collusive_endorsements_low_seed01,1,True,5,1
naive,False,2,B2_signed_nopattern,"rug_pull_or_reward_redirect,misleading_donation_claim",True,18,14,6,,0,0.0,R3_collusive_endorsements,9,0,0.6000000000000001,8,low,False,5,8,R3_collusive_endorsements_low_seed01,1,True,6,1
naive,False,2,C1_vukzero_accountability,"collusive_endorsement_cluster,rug_pull_or_reward_redirect,misleading_donation_claim",True,16,12,4,,0,0.0,R3_collusive_endorsements,16,0,0.6000000000000001,8,low,True,3,6,R3_collusive_endorsements_low_seed01,1,True,6,1
naive,False,2,B2_signed_nopattern,"rug_pull_or_reward_redirect,misleading_donation_claim",True,18,14,6,,0,0.0,R3_collusive_endorsements,9,0,0.6000000000000001,8,low,False,5,8,R3_collusive_endorsements_low_seed01,1,True,7,1
naive,False,2,C1_vukzero_accountability,"collusive_endorsement_cluster,rug_pull_or_reward_redirect,misleading_donation_claim",True,16,12,4,,0,0.0,R3_collusive_endorsements,16,0,0.6000000000000001,8,low,True,3,6,R3_collusive_endorsements_low_seed01,1,True,7,1
naive,False,2,B2_signed_nopattern,"rug_pull_or_reward_redirect,misleading_donation_claim",True,19,15,7,,0,0.0,R3_collusive_endorsements,9,0,0.6000000000000001,8,low,False,6,9,R3_collusive_endorsements_low_seed01,1,True,8,1
naive,False,2,C1_vukzero_accountability,"collusive_endorsement_cluster,rug_pull_or_reward_redirect,misleading_donation_claim",True,17,13,5,,0,0.0,R3_collusive_endorsements,16,0,0.6000000000000001,8,low,True,4,7,R3_collusive_endorsements_low_seed01,1,True,8,1
naive,False,2,B2_signed_nopattern,"rug_pull_or_reward_redirect,misleading_donation_claim",True,19,15,7,,0,0.0,R3_collusive_endorsements,9,0,0.6000000000000001,8,low,False,6,9,R3_collusive_endorsements_low_seed01,1,True,9,1
naive,False,2,C1_vukzero_accountability,"collusive_endorsement_cluster,rug_pull_or_reward_redirect,misleading_donation_claim",True,17,13,5,,0,0.0,R3_collusive_endorsements,16,0,0.6000000000000001,8,low,True,4,7,R3_collusive_endorsements_low_seed01,1,True,9,1
naive,True,2,B2_signed_nopattern,"rug_pull_or_reward_redirect,misleading_donation_claim",False,,,7,,0,0.0,R3_collusive_endorsements,9,0,0.6000000000000001,8,low,False,6,9,R3_collusive_endorsements_low_seed01,1,True,10,1
naive,False,2,C1_vukzero_accountability,"collusive_endorsement_cluster,rug_pull_or_reward_redirect,misleading_donation_claim",True,17,13,5,,0,0.0,R3_collusive_endorsements,16,0,0.6000000000000001,8,low,True,4,7,R3_collusive_endorsements_low_seed01,1,True,10,1
naive,False,2,B2_signed_nopattern,"rug_pull_or_reward_redirect,misleading_donation_claim",True,17,13,5,,0,0.0,R3_collusive_endorsements,9,0,0.6000000000000001,8,low,False,4,7,R3_collusive_endorsements_low_seed02,2,True,1,1
naive,False,2,C1_vukzero_accountability,"collusive_endorsement_cluster,rug_pull_or_reward_redirect,misleading_donation_claim",True,14,7,2,,0,0.0,R3_collusive_endorsements,16,0,0.4,8,low,True,1,1,R3_collusive_endorsements_low_seed02,2,True,1,0
naive,False,2,B2_signed_nopattern,"rug_pull_or_reward_redirect,misleading_donation_claim",True,17,13,5,,0,0.0,R3_collusive_endorsements,9,0,0.6000000000000001,8,low,False,4,7,R3_collusive_endorsements_low_seed02,2,True,2,1
naive,False,2,C1_vukzero_accountability,"collusive_endorsement_cluster,rug_pull_or_reward_redirect,misleading_donation_claim",True,14,7,2,,0,0.0,R3_collusive_endorsements,16,0,0.4,8,low,True,1,1,R3_collusive_endorsements_low_seed02,2,True,2,1
naive,False,2,B2_signed_nopattern,"rug_pull_or_reward_redirect,misleading_donation_claim",True,17,13,5,,0,0.0,R3_collusive_endorsements,9,0,0.6000000000000001,8,low,False,4,7,R3_collusive_endorsements_low_seed02,2,True,3,1
naive,False,2,C1_vukzero_accountability,"collusive_endorsement_cluster,rug_pull_or_reward_redirect,misleading_donation_claim",True,16,12,4,,0,0.0,R3_collusive_endorsements,16,0,0.6000000000000001,8,low,True,3,6,R3_collusive_endorsements_low_seed02,2,True,3,1
naive,False,2,B2_signed_nopattern,"rug_pull_or_reward_redirect,misleading_donation_claim",True,17,13,5,,0,0.0,R3_collusive_endorsements,9,0,0.6000000000000001,8,low,False,4,7,R3_collusive_endorsements_low_seed02,2,True,4,1
naive,False,2,C1_vukzero_accountability,"collusive_endorsement_cluster,rug_pull_or_reward_redirect,misleading_donation_claim",True,16,12,4,,0,0.0,R3_collusive_endorsements,16,0,0.6000000000000001,8,low,True,3,6,R3_collusive_endorsements_low_seed02,2,True,4,1
naive,False,2,B2_signed_nopattern,"rug_pull_or_reward_redirect,misleading_donation_claim",True,17,13,5,,0,0.0,R3_collusive_endorsements,9,0,0.6000000000000001,8,low,False,4,7,R3_collusive_endorsements_low_seed02,2,True,5,1
naive,False,2,C1_vukzero_accountability,"collusive_endorsement_cluster,rug_pull_or_reward_redirect,misleading_donation_claim",True,16,12,4,,0,0.0,R3_collusive_endorsements,16,0,0.6000000000000001,8,low,True,3,6,R3_collusive_endorsements_low_seed02,2,True,5,1
naive,False,2,B2_signed_nopattern,"rug_pull_or_reward_redirect,misleading_donation_claim",True,18,14,6,,0,0.0,R3_collusive_endorsements,9,0,0.6000000000000001,8,low,False,5,8,R3_collusive_endorsements_low_seed02,2,True,6,1
naive,False,2,C1_vukzero_accountability,"collusive_endorsement_cluster,rug_pull_or_reward_redirect,misleading_donation_claim",True,16,12,4,,0,0.0,R3_collusive_endorsements,16,0,0.6000000000000001,8,low,True,3,6,R3_collusive_endorsements_low_seed02,2,True,6,1
naive,False,2,B2_signed_nopattern,"rug_pull_or_reward_redirect,misleading_donation_claim",True,18,14,6,,0,0.0,R3_collusive_endorsements,9,0,0.6000000000000001,8,low,False,5,8,R3_collusive_endorsements_low_seed02,2,True,7,1
naive,False,2,C1_vukzero_accountability,"collusive_endorsement_cluster,rug_pull_or_reward_redirect,misleading_donation_claim",True,16,12,4,,0,0.0,R3_collusive_endorsements,16,0,0.6000000000000001,8,low,True,3,6,R3_collusive_endorsements_low_seed02,2,True,7,1
naive,False,2,B2_signed_nopattern,"rug_pull_or_reward_redirect,misleading_donation_claim",True,19,15,7,,0,0.0,R3_collusive_endorsements,9,0,0.6000000000000001,8,low,False,6,9,R3_collusive_endorsements_low_seed02,2,True,8,1
naive,False,2,C1_vukzero_accountability,"collusive_endorsement_cluster,rug_pull_or_reward_redirect,misleading_donation_claim",True,17,13,5,,0,0.0,R3_collusive_endorsements,16,0,0.6000000000000001,8,low,True,4,7,R3_collusive_endorsements_low_seed02,2,True,8,1
naive,False,2,B2_signed_nopattern,"rug_pull_or_reward_redirect,misleading_donation_claim",True,19,15,7,,0,0.0,R3_collusive_endorsements,9,0,0.6000000000000001,8,low,False,6,9,R3_collusive_endorsements_low_seed02,2,True,9,1
naive,False,2,C1_vukzero_accountability,"collusive_endorsement_cluster,rug_pull_or_reward_redirect,misleading_donation_claim",True,17,13,5,,0,0.0,R3_collusive_endorsements,16,0,0.6000000000000001,8,low,True,4,7,R3_collusive_endorsements_low_seed02,2,True,9,1
naive,True,2,B2_signed_nopattern,"rug_pull_or_reward_redirect,misleading_donation_claim",False,,,7,,0,0.0,R3_collusive_endorsements,9,0,0.6000000000000001,8,low,False,6,9,R3_collusive_endorsements_low_seed02,2,True,10,1
naive,False,2,C1_vukzero_accountability,"collusive_endorsement_cluster,rug_pull_or_reward_redirect,misleading_donation_claim",True,17,13,5,,0,0.0,R3_collusive_endorsements,16,0,0.6000000000000001,8,low,True,4,7,R3_collusive_endorsements_low_seed02,2,True,10,1
naive,False,2,B2_signed_nopattern,"rug_pull_or_reward_redirect,misleading_donation_claim",True,17,13,5,,0,0.0,R3_collusive_endorsements,9,0,0.6000000000000001,8,low,False,4,7,R3_collusive_endorsements_low_seed03,3,True,1,1
naive,False,2,C1_vukzero_accountability,"collusive_endorsement_cluster,rug_pull_or_reward_redirect,misleading_donation_claim",True,14,7,2,,0,0.0,R3_collusive_endorsements,16,0,0.4,8,low,True,1,1,R3_collusive_endorsements_low_seed03,3,True,1,0
naive,False,2,B2_signed_nopattern,"rug_pull_or_reward_redirect,misleading_donation_claim",True,17,13,5,,0,0.0,R3_collusive_endorsements,9,0,0.6000000000000001,8,low,False,4,7,R3_collusive_endorsements_low_seed03,3,True,2,1
naive,False,2,C1_vukzero_accountability,"collusive_endorsement_cluster,rug_pull_or_reward_redirect,misleading_donation_claim",True,14,7,2,,0,0.0,R3_collusive_endorsements,16,0,0.4,8,low,True,1,1,R3_collusive_endorsements_low_seed03,3,True,2,1
naive,False,2,B2_signed_nopattern,"rug_pull_or_reward_redirect,misleading_donation_claim",True,17,13,5,,0,0.0,R3_collusive_endorsements,9,0,0.6000000000000001,8,low,False,4,7,R3_collusive_endorsements_low_seed03,3,True,3,1
naive,False,2,C1_vukzero_accountability,"collusive_endorsement_cluster,rug_pull_or_reward_redirect,misleading_donation_claim",True,16,12,4,,0,0.0,R3_collusive_endorsements,16,0,0.6000000000000001,8,low,True,3,6,R3_collusive_endorsements_low_seed03,3,True,3,1
naive,False,2,B2_signed_nopattern,"rug_pull_or_reward_redirect,misleading_donation_claim",True,17,13,5,,0,0.0,R3_collusive_endorsements,9,0,0.6000000000000001,8,low,False,4,7,R3_collusive_endorsements_low_seed03,3,True,4,1
naive,False,2,C1_vukzero_accountability,"collusive_endorsement_cluster,rug_pull_or_reward_redirect,misleading_donation_claim",True,16,12,4,,0,0.0,R3_collusive_endorsements,16,0,0.6000000000000001,8,low,True,3,6,R3_collusive_endorsements_low_seed03,3,True,4,1
naive,False,2,B2_signed_nopattern,"rug_pull_or_reward_redirect,misleading_donation_claim",True,17,13,5,,0,0.0,R3_collusive_endorsements,9,0,0.6000000000000001,8,low,False,4,7,R3_collusive_endorsements_low_seed03,3,True,5,1
naive,False,2,C1_vukzero_accountability,"collusive_endorsement_cluster,rug_pull_or_reward_redirect,misleading_donation_claim",True,16,12,4,,0,0.0,R3_collusive_endorsements,16,0,0.6000000000000001,8,low,True,3,6,R3_collusive_endorsements_low_seed03,3,True,5,1
naive,False,2,B2_signed_nopattern,"rug_pull_or_reward_redirect,misleading_donation_claim",True,18,14,6,,0,0.0,R3_collusive_endorsements,9,0,0.6000000000000001,8,low,False,5,8,R3_collusive_endorsements_low_seed03,3,True,6,1
naive,False,2,C1_vukzero_accountability,"collusive_endorsement_cluster,rug_pull_or_reward_redirect,misleading_donation_claim",True,16,12,4,,0,0.0,R3_collusive_endorsements,16,0,0.6000000000000001,8,low,True,3,6,R3_collusive_endorsements_low_seed03,3,True,6,1
naive,False,2,B2_signed_nopattern,"rug_pull_or_reward_redirect,misleading_donation_claim",True,18,14,6,,0,0.0,R3_collusive_endorsements,9,0,0.6000000000000001,8,low,False,5,8,R3_collusive_endorsements_low_seed03,3,True,7,1
naive,False,2,C1_vukzero_accountability,"collusive_endorsement_cluster,rug_pull_or_reward_redirect,misleading_donation_claim",True,16,12,4,,0,0.0,R3_collusive_endorsements,16,0,0.6000000000000001,8,low,True,3,6,R3_collusive_endorsements_low_seed03,3,True,7,1
naive,False,2,B2_signed_nopattern,"rug_pull_or_reward_redirect,misleading_donation_claim",True,19,15,7,,0,0.0,R3_collusive_endorsements,9,0,0.6000000000000001,8,low,False,6,9,R3_collusive_endorsements_low_seed03,3,True,8,1
naive,False,2,C1_vukzero_accountability,"collusive_endorsement_cluster,rug_pull_or_reward_redirect,misleading_donation_claim",True,17,13,5,,0,0.0,R3_collusive_endorsements,16,0,0.6000000000000001,8,low,True,4,7,R3_collusive_endorsements_low_seed03,3,True,8,1
naive,False,2,B2_signed_nopattern,"rug_pull_or_reward_redirect,misleading_donation_claim",True,19,15,7,,0,0.0,R3_collusive_endorsements,9,0,0.6000000000000001,8,low,False,6,9,R3_collusive_endorsements_low_seed03,3,True,9,1
naive,False,2,C1_vukzero_accountability,"collusive_endorsement_cluster,rug_pull_or_reward_redirect,misleading_donation_claim",True,17,13,5,,0,0.0,R3_collusive_endorsements,16,0,0.6000000000000001,8,low,True,4,7,R3_collusive_endorsements_low_seed03,3,True,9,1
naive,True,2,B2_signed_nopattern,"rug_pull_or_reward_redirect,misleading_donation_claim",False,,,7,,0,0.0,R3_collusive_endorsements,9,0,0.6000000000000001,8,low,False,6,9,R3_collusive_endorsements_low_seed03,3,True,10,1
naive,False,2,C1_vukzero_accountability,"collusive_endorsement_cluster,rug_pull_or_reward_redirect,misleading_donation_claim",True,17,13,5,,0,0.0,R3_collusive_endorsements,16,0,0.6000000000000001,8,low,True,4,7,R3_collusive_endorsements_low_seed03,3,True,10,1
naive,False,2,B2_signed_nopattern,"rug_pull_or_reward_redirect,misleading_donation_claim",True,17,13,5,,0,0.0,R3_collusive_endorsements,9,0,0.6000000000000001,8,low,False,4,7,R3_collusive_endorsements_low_seed04,4,True,1,1
naive,False,2,C1_vukzero_accountability,"collusive_endorsement_cluster,rug_pull_or_reward_redirect,misleading_donation_claim",True,14,7,2,,0,0.0,R3_collusive_endorsements,16,0,0.4,8,low,True,1,1,R3_collusive_endorsements_low_seed04,4,True,1,0
naive,False,2,B2_signed_nopattern,"rug_pull_or_reward_redirect,misleading_donation_claim",True,17,13,5,,0,0.0,R3_collusive_endorsements,9,0,0.6000000000000001,8,low,False,4,7,R3_collusive_endorsements_low_seed04,4,True,2,1
naive,False,2,C1_vukzero_accountability,"collusive_endorsement_cluster,rug_pull_or_reward_redirect,misleading_donation_claim",True,14,7,2,,0,0.0,R3_collusive_endorsements,16,0,0.4,8,low,True,1,1,R3_collusive_endorsements_low_seed04,4,True,2,1
naive,False,2,B2_signed_nopattern,"rug_pull_or_reward_redirect,misleading_donation_claim",True,17,13,5,,0,0.0,R3_collusive_endorsements,9,0,0.6000000000000001,8,low,False,4,7,R3_collusive_endorsements_low_seed04,4,True,3,1
naive,False,2,C1_vukzero_accountability,"collusive_endorsement_cluster,rug_pull_or_reward_redirect,misleading_donation_claim",True,16,12,4,,0,0.0,R3_collusive_endorsements,16,0,0.6000000000000001,8,low,True,3,6,R3_collusive_endorsements_low_seed04,4,True,3,1
naive,False,2,B2_signed_nopattern,"rug_pull_or_reward_redirect,misleading_donation_claim",True,17,13,5,,0,0.0,R3_collusive_endorsements,9,0,0.6000000000000001,8,low,False,4,7,R3_collusive_endorsements_low_seed04,4,True,4,1
naive,False,2,C1_vukzero_accountability,"collusive_endorsement_cluster,rug_pull_or_reward_redirect,misleading_donation_claim",True,16,12,4,,0,0.0,R3_collusive_endorsements,16,0,0.6000000000000001,8,low,True,3,6,R3_collusive_endorsements_low_seed04,4,True,4,1
naive,False,2,B2_signed_nopattern,"rug_pull_or_reward_redirect,misleading_donation_claim",True,17,13,5,,0,0.0,R3_collusive_endorsements,9,0,0.6000000000000001,8,low,False,4,7,R3_collusive_endorsements_low_seed04,4,True,5,1
naive,False,2,C1_vukzero_accountability,"collusive_endorsement_cluster,rug_pull_or_reward_redirect,misleading_donation_claim",True,16,12,4,,0,0.0,R3_collusive_endorsements,16,0,0.6000000000000001,8,low,True,3,6,R3_collusive_endorsements_low_seed04,4,True,5,1
naive,False,2,B2_signed_nopattern,"rug_pull_or_reward_redirect,misleading_donation_claim",True,18,14,6,,0,0.0,R3_collusive_endorsements,9,0,0.6000000000000001,8,low,False,5,8,R3_collusive_endorsements_low_seed04,4,True,6,1
naive,False,2,C1_vukzero_accountability,"collusive_endorsement_cluster,rug_pull_or_reward_redirect,misleading_donation_claim",True,16,12,4,,0,0.0,R3_collusive_endorsements,16,0,0.6000000000000001,8,low,True,3,6,R3_collusive_endorsements_low_seed04,4,True,6,1
naive,False,2,B2_signed_nopattern,"rug_pull_or_reward_redirect,misleading_donation_claim",True,18,14,6,,0,0.0,R3_collusive_endorsements,9,0,0.6000000000000001,8,low,False,5,8,R3_collusive_endorsements_low_seed04,4,True,7,1
naive,False,2,C1_vukzero_accountability,"collusive_endorsement_cluster,rug_pull_or_reward_redirect,misleading_donation_claim",True,16,12,4,,0,0.0,R3_collusive_endorsements,16,0,0.6000000000000001,8,low,True,3,6,R3_collusive_endorsements_low_seed04,4,True,7,1
naive,False,2,B2_signed_nopattern,"rug_pull_or_reward_redirect,misleading_donation_claim",True,19,15,7,,0,0.0,R3_collusive_endorsements,9,0,0.6000000000000001,8,low,False,6,9,R3_collusive_endorsements_low_seed04,4,True,8,1
naive,False,2,C1_vukzero_accountability,"collusive_endorsement_cluster,rug_pull_or_reward_redirect,misleading_donation_claim",True,17,13,5,,0,0.0,R3_collusive_endorsements,16,0,0.6000000000000001,8,low,True,4,7,R3_collusive_endorsements_low_seed04,4,True,8,1
naive,False,2,B2_signed_nopattern,"rug_pull_or_reward_redirect,misleading_donation_claim",True,19,15,7,,0,0.0,R3_collusive_endorsements,9,0,0.6000000000000001,8,low,False,6,9,R3_collusive_endorsements_low_seed04,4,True,9,1
naive,False,2,C1_vukzero_accountability,"collusive_endorsement_cluster,rug_pull_or_reward_redirect,misleading_donation_claim",True,17,13,5,,0,0.0,R3_collusive_endorsements,16,0,0.6000000000000001,8,low,True,4,7,R3_collusive_endorsements_low_seed04,4,True,9,1
naive,True,2,B2_signed_nopattern,"rug_pull_or_reward_redirect,misleading_donation_claim",False,,,7,,0,0.0,R3_collusive_endorsements,9,0,0.6000000000000001,8,low,False,6,9,R3_collusive_endorsements_low_seed04,4,True,10,1
naive,False,2,C1_vukzero_accountability,"collusive_endorsement_cluster,rug_pull_or_reward_redirect,misleading_donation_claim",True,17,13,5,,0,0.0,R3_collusive_endorsements,16,0,0.6000000000000001,8,low,True,4,7,R3_collusive_endorsements_low_seed04,4,True,10,1
naive,False,2,B2_signed_nopattern,"rug_pull_or_reward_redirect,misleading_donation_claim",True,17,13,5,,0,0.0,R3_collusive_endorsements,9,0,0.6000000000000001,8,low,False,4,7,R3_collusive_endorsements_low_seed05,5,True,1,1
naive,False,2,C1_vukzero_accountability,"collusive_endorsement_cluster,rug_pull_or_reward_redirect,misleading_donation_claim",True,14,7,2,,0,0.0,R3_collusive_endorsements,16,0,0.4,8,low,True,1,1,R3_collusive_endorsements_low_seed05,5,True,1,0
naive,False,2,B2_signed_nopattern,"rug_pull_or_reward_redirect,misleading_donation_claim",True,17,13,5,,0,0.0,R3_collusive_endorsements,9,0,0.6000000000000001,8,low,False,4,7,R3_collusive_endorsements_low_seed05,5,True,2,1
naive,False,2,C1_vukzero_accountability,"collusive_endorsement_cluster,rug_pull_or_reward_redirect,misleading_donation_claim",True,14,7,2,,0,0.0,R3_collusive_endorsements,16,0,0.4,8,low,True,1,1,R3_collusive_endorsements_low_seed05,5,True,2,1
naive,False,2,B2_signed_nopattern,"rug_pull_or_reward_redirect,misleading_donation_claim",True,17,13,5,,0,0.0,R3_collusive_endorsements,9,0,0.6000000000000001,8,low,False,4,7,R3_collusive_endorsements_low_seed05,5,True,3,1
naive,False,2,C1_vukzero_accountability,"collusive_endorsement_cluster,rug_pull_or_reward_redirect,misleading_donation_claim",True,16,12,4,,0,0.0,R3_collusive_endorsements,16,0,0.6000000000000001,8,low,True,3,6,R3_collusive_endorsements_low_seed05,5,True,3,1
naive,False,2,B2_signed_nopattern,"rug_pull_or_reward_redirect,misleading_donation_claim",True,17,13,5,,0,0.0,R3_collusive_endorsements,9,0,0.6000000000000001,8,low,False,4,7,R3_collusive_endorsements_low_seed05,5,True,4,1
naive,False,2,C1_vukzero_accountability,"collusive_endorsement_cluster,rug_pull_or_reward_redirect,misleading_donation_claim",True,16,12,4,,0,0.0,R3_collusive_endorsements,16,0,0.6000000000000001,8,low,True,3,6,R3_collusive_endorsements_low_seed05,5,True,4,1
naive,False,2,B2_signed_nopattern,"rug_pull_or_reward_redirect,misleading_donation_claim",True,17,13,5,,0,0.0,R3_collusive_endorsements,9,0,0.6000000000000001,8,low,False,4,7,R3_collusive_endorsements_low_seed05,5,True,5,1
naive,False,2,C1_vukzero_accountability,"collusive_endorsement_cluster,rug_pull_or_reward_redirect,misleading_donation_claim",True,16,12,4,,0,0.0,R3_collusive_endorsements,16,0,0.6000000000000001,8,low,True,3,6,R3_collusive_endorsements_low_seed05,5,True,5,1
naive,False,2,B2_signed_nopattern,"rug_pull_or_reward_redirect,misleading_donation_claim",True,18,14,6,,0,0.0,R3_collusive_endorsements,9,0,0.6000000000000001,8,low,False,5,8,R3_collusive_endorsements_low_seed05,5,True,6,1
naive,False,2,C1_vukzero_accountability,"collusive_endorsement_cluster,rug_pull_or_reward_redirect,misleading_donation_claim",True,16,12,4,,0,0.0,R3_collusive_endorsements,16,0,0.6000000000000001,8,low,True,3,6,R3_collusive_endorsements_low_seed05,5,True,6,1
naive,False,2,B2_signed_nopattern,"rug_pull_or_reward_redirect,misleading_donation_claim",True,18,14,6,,0,0.0,R3_collusive_endorsements,9,0,0.6000000000000001,8,low,False,5,8,R3_collusive_endorsements_low_seed05,5,True,7,1
naive,False,2,C1_vukzero_accountability,"collusive_endorsement_cluster,rug_pull_or_reward_redirect,misleading_donation_claim",True,16,12,4,,0,0.0,R3_collusive_endorsements,16,0,0.6000000000000001,8,low,True,3,6,R3_collusive_endorsements_low_seed05,5,True,7,1
naive,False,2,B2_signed_nopattern,"rug_pull_or_reward_redirect,misleading_donation_claim",True,19,15,7,,0,0.0,R3_collusive_endorsements,9,0,0.6000000000000001,8,low,False,6,9,R3_collusive_endorsements_low_seed05,5,True,8,1
naive,False,2,C1_vukzero_accountability,"collusive_endorsement_cluster,rug_pull_or_reward_redirect,misleading_donation_claim",True,17,13,5,,0,0.0,R3_collusive_endorsements,16,0,0.6000000000000001,8,low,True,4,7,R3_collusive_endorsements_low_seed05,5,True,8,1
naive,False,2,B2_signed_nopattern,"rug_pull_or_reward_redirect,misleading_donation_claim",True,19,15,7,,0,0.0,R3_collusive_endorsements,9,0,0.6000000000000001,8,low,False,6,9,R3_collusive_endorsements_low_seed05,5,True,9,1
naive,False,2,C1_vukzero_accountability,"collusive_endorsement_cluster,rug_pull_or_reward_redirect,misleading_donation_claim",True,17,13,5,,0,0.0,R3_collusive_endorsements,16,0,0.6000000000000001,8,low,True,4,7,R3_collusive_endorsements_low_seed05,5,True,9,1
naive,True,2,B2_signed_nopattern,"rug_pull_or_reward_redirect,misleading_donation_claim",False,,,7,,0,0.0,R3_collusive_endorsements,9,0,0.6000000000000001,8,low,False,6,9,R3_collusive_endorsements_low_seed05,5,True,10,1
naive,False,2,C1_vukzero_accountability,"collusive_endorsement_cluster,rug_pull_or_reward_redirect,misleading_donation_claim",True,17,13,5,,0,0.0,R3_collusive_endorsements,16,0,0.6000000000000001,8,low,True,4,7,R3_collusive_endorsements_low_seed05,5,True,10,1
naive,False,4,B2_signed_nopattern,"rug_pull_or_reward_redirect,misleading_donation_claim",True,20,13,8,,0,0.0,R3_collusive_endorsements,9,0,1.0,8,medium,False,7,7,R3_collusive_endorsements_medium_seed01,1,True,1,2
naive,False,2,C1_vukzero_accountability,"collusive_endorsement_cluster,rug_pull_or_reward_redirect,misleading_donation_claim",True,14,7,2,,0,0.0,R3_collusive_endorsements,18,0,0.4,8,medium,True,1,1,R3_collusive_endorsements_medium_seed01,1,True,1,0
naive,False,4,B2_signed_nopattern,"rug_pull_or_reward_redirect,misleading_donation_claim",True,20,13,8,,0,0.0,R3_collusive_endorsements,9,0,1.0,8,medium,False,7,7,R3_collusive_endorsements_medium_seed01,1,True,2,2
naive,False,3,C1_vukzero_accountability,"collusive_endorsement_cluster,rug_pull_or_reward_redirect,misleading_donation_claim",True,14,7,2,,0,0.0,R3_collusive_endorsements,18,0,0.4,8,medium,True,1,1,R3_collusive_endorsements_medium_seed01,1,True,2,1
naive,False,4,B2_signed_nopattern,"rug_pull_or_reward_redirect,misleading_donation_claim",True,20,13,8,,0,0.0,R3_collusive_endorsements,9,0,1.0,8,medium,False,7,7,R3_collusive_endorsements_medium_seed01,1,True,3,2
naive,False,4,C1_vukzero_accountability,"collusive_endorsement_cluster,rug_pull_or_reward_redirect,misleading_donation_claim",True,17,9,5,,0,0.0,R3_collusive_endorsements,18,0,0.8,8,medium,True,4,3,R3_collusive_endorsements_medium_seed01,1,True,3,2
naive,False,4,B2_signed_nopattern,"rug_pull_or_reward_redirect,misleading_donation_claim",True,20,13,8,,0,0.0,R3_collusive_endorsements,9,0,1.0,8,medium,False,7,7,R3_collusive_endorsements_medium_seed01,1,True,4,2
naive,False,4,C1_vukzero_accountability,"collusive_endorsement_cluster,rug_pull_or_reward_redirect,misleading_donation_claim",True,17,9,5,,0,0.0,R3_collusive_endorsements,18,0,0.8,8,medium,True,4,3,R3_collusive_endorsements_medium_seed01,1,True,4,2
naive,False,4,B2_signed_nopattern,"rug_pull_or_reward_redirect,misleading_donation_claim",True,20,13,8,,0,0.0,R3_collusive_endorsements,9,0,1.0,8,medium,False,7,7,R3_collusive_endorsements_medium_seed01,1,True,5,2
naive,False,4,C1_vukzero_accountability,"collusive_endorsement_cluster,rug_pull_or_reward_redirect,misleading_donation_claim",True,19,12,7,,0,0.0,R3_collusive_endorsements,18,0,1.0,8,medium,True,6,6,R3_collusive_endorsements_medium_seed01,1,True,5,2
naive,False,4,B2_signed_nopattern,"rug_pull_or_reward_redirect,misleading_donation_claim",True,21,14,9,,0,0.0,R3_collusive_endorsements,9,0,1.0,8,medium,False,8,8,R3_collusive_endorsements_medium_seed01,1,True,6,2
naive,False,4,C1_vukzero_accountability,"collusive_endorsement_cluster,rug_pull_or_reward_redirect,misleading_donation_claim",True,19,12,7,,0,0.0,R3_collusive_endorsements,18,0,1.0,8,medium,True,6,6,R3_collusive_endorsements_medium_seed01,1,True,6,2
naive,False,4,B2_signed_nopattern,"rug_pull_or_reward_redirect,misleading_donation_claim",True,21,14,9,,0,0.0,R3_collusive_endorsements,9,0,1.0,8,medium,False,8,8,R3_collusive_endorsements_medium_seed01,1,True,7,2
naive,False,4,C1_vukzero_accountability,"collusive_endorsement_cluster,rug_pull_or_reward_redirect,misleading_donation_claim",True,19,12,7,,0,0.0,R3_collusive_endorsements,18,0,1.0,8,medium,True,6,6,R3_collusive_endorsements_medium_seed01,1,True,7,2
naive,False,4,B2_signed_nopattern,"rug_pull_or_reward_redirect,misleading_donation_claim",True,22,15,10,,0,0.0,R3_collusive_endorsements,9,0,1.0,8,medium,False,9,9,R3_collusive_endorsements_medium_seed01,1,True,8,2
naive,False,4,C1_vukzero_accountability,"collusive_endorsement_cluster,rug_pull_or_reward_redirect,misleading_donation_claim",True,19,12,7,,0,0.0,R3_collusive_endorsements,18,0,1.0,8,medium,True,6,6,R3_collusive_endorsements_medium_seed01,1,True,8,2
naive,False,4,B2_signed_nopattern,"rug_pull_or_reward_redirect,misleading_donation_claim",True,22,15,10,,0,0.0,R3_collusive_endorsements,9,0,1.0,8,medium,False,9,9,R3_collusive_endorsements_medium_seed01,1,True,9,2
naive,False,4,C1_vukzero_accountability,"collusive_endorsement_cluster,rug_pull_or_reward_redirect,misleading_donation_claim",True,19,12,7,,0,0.0,R3_collusive_endorsements,18,0,1.0,8,medium,True,6,6,R3_collusive_endorsements_medium_seed01,1,True,9,2
naive,True,4,B2_signed_nopattern,"rug_pull_or_reward_redirect,misleading_donation_claim",False,,,10,,0,0.0,R3_collusive_endorsements,9,0,1.0,8,medium,False,9,9,R3_collusive_endorsements_medium_seed01,1,True,10,2
naive,False,4,C1_vukzero_accountability,"collusive_endorsement_cluster,rug_pull_or_reward_redirect,misleading_donation_claim",True,20,13,8,,0,0.0,R3_collusive_endorsements,18,0,1.0,8,medium,True,7,7,R3_collusive_endorsements_medium_seed01,1,True,10,2
naive,False,4,B2_signed_nopattern,"rug_pull_or_reward_redirect,misleading_donation_claim",True,20,13,8,,0,0.0,R3_collusive_endorsements,9,0,1.0,8,medium,False,7,7,R3_collusive_endorsements_medium_seed02,2,True,1,2
naive,False,2,C1_vukzero_accountability,"collusive_endorsement_cluster,rug_pull_or_reward_redirect,misleading_donation_claim",True,14,7,2,,0,0.0,R3_collusive_endorsements,18,0,0.4,8,medium,True,1,1,R3_collusive_endorsements_medium_seed02,2,True,1,0
naive,False,4,B2_signed_nopattern,"rug_pull_or_reward_redirect,misleading_donation_claim",True,20,13,8,,0,0.0,R3_collusive_endorsements,9,0,1.0,8,medium,False,7,7,R3_collusive_endorsements_medium_seed02,2,True,2,2
naive,False,3,C1_vukzero_accountability,"collusive_endorsement_cluster,rug_pull_or_reward_redirect,misleading_donation_claim",True,14,7,2,,0,0.0,R3_collusive_endorsements,18,0,0.4,8,medium,True,1,1,R3_collusive_endorsements_medium_seed02,2,True,2,1
naive,False,4,B2_signed_nopattern,"rug_pull_or_reward_redirect,misleading_donation_claim",True,20,13,8,,0,0.0,R3_collusive_endorsements,9,0,1.0,8,medium,False,7,7,R3_collusive_endorsements_medium_seed02,2,True,3,2
naive,False,4,C1_vukzero_accountability,"collusive_endorsement_cluster,rug_pull_or_reward_redirect,misleading_donation_claim",True,17,9,5,,0,0.0,R3_collusive_endorsements,18,0,0.8,8,medium,True,4,3,R3_collusive_endorsements_medium_seed02,2,True,3,2
naive,False,4,B2_signed_nopattern,"rug_pull_or_reward_redirect,misleading_donation_claim",True,20,13,8,,0,0.0,R3_collusive_endorsements,9,0,1.0,8,medium,False,7,7,R3_collusive_endorsements_medium_seed02,2,True,4,2
naive,False,4,C1_vukzero_accountability,"collusive_endorsement_cluster,rug_pull_or_reward_redirect,misleading_donation_claim",True,17,9,5,,0,0.0,R3_collusive_endorsements,18,0,0.8,8,medium,True,4,3,R3_collusive_endorsements_medium_seed02,2,True,4,2
naive,False,4,B2_signed_nopattern,"rug_pull_or_reward_redirect,misleading_donation_claim",True,20,13,8,,0,0.0,R3_collusive_endorsements,9,0,1.0,8,medium,False,7,7,R3_collusive_endorsements_medium_seed02,2,True,5,2
naive,False,4,C1_vukzero_accountability,"collusive_endorsement_cluster,rug_pull_or_reward_redirect,misleading_donation_claim",True,19,12,7,,0,0.0,R3_collusive_endorsements,18,0,1.0,8,medium,True,6,6,R3_collusive_endorsements_medium_seed02,2,True,5,2
naive,False,4,B2_signed_nopattern,"rug_pull_or_reward_redirect,misleading_donation_claim",True,21,14,9,,0,0.0,R3_collusive_endorsements,9,0,1.0,8,medium,False,8,8,R3_collusive_endorsements_medium_seed02,2,True,6,2
naive,False,4,C1_vukzero_accountability,"collusive_endorsement_cluster,rug_pull_or_reward_redirect,misleading_donation_claim",True,19,12,7,,0,0.0,R3_collusive_endorsements,18,0,1.0,8,medium,True,6,6,R3_collusive_endorsements_medium_seed02,2,True,6,2
naive,False,4,B2_signed_nopattern,"rug_pull_or_reward_redirect,misleading_donation_claim",True,21,14,9,,0,0.0,R3_collusive_endorsements,9,0,1.0,8,medium,False,8,8,R3_collusive_endorsements_medium_seed02,2,True,7,2
naive,False,4,C1_vukzero_accountability,"collusive_endorsement_cluster,rug_pull_or_reward_redirect,misleading_donation_claim",True,19,12,7,,0,0.0,R3_collusive_endorsements,18,0,1.0,8,medium,True,6,6,R3_collusive_endorsements_medium_seed02,2,True,7,2
naive,False,4,B2_signed_nopattern,"rug_pull_or_reward_redirect,misleading_donation_claim",True,22,15,10,,0,0.0,R3_collusive_endorsements,9,0,1.0,8,medium,False,9,9,R3_collusive_endorsements_medium_seed02,2,True,8,2
naive,False,4,C1_vukzero_accountability,"collusive_endorsement_cluster,rug_pull_or_reward_redirect,misleading_donation_claim",True,19,12,7,,0,0.0,R3_collusive_endorsements,18,0,1.0,8,medium,True,6,6,R3_collusive_endorsements_medium_seed02,2,True,8,2
naive,False,4,B2_signed_nopattern,"rug_pull_or_reward_redirect,misleading_donation_claim",True,22,15,10,,0,0.0,R3_collusive_endorsements,9,0,1.0,8,medium,False,9,9,R3_collusive_endorsements_medium_seed02,2,True,9,2
naive,False,4,C1_vukzero_accountability,"collusive_endorsement_cluster,rug_pull_or_reward_redirect,misleading_donation_claim",True,19,12,7,,0,0.0,R3_collusive_endorsements,18,0,1.0,8,medium,True,6,6,R3_collusive_endorsements_medium_seed02,2,True,9,2
naive,True,4,B2_signed_nopattern,"rug_pull_or_reward_redirect,misleading_donation_claim",False,,,10,,0,0.0,R3_collusive_endorsements,9,0,1.0,8,medium,False,9,9,R3_collusive_endorsements_medium_seed02,2,True,10,2
naive,False,4,C1_vukzero_accountability,"collusive_endorsement_cluster,rug_pull_or_reward_redirect,misleading_donation_claim",True,20,13,8,,0,0.0,R3_collusive_endorsements,18,0,1.0,8,medium,True,7,7,R3_collusive_endorsements_medium_seed02,2,True,10,2
naive,False,4,B2_signed_nopattern,"rug_pull_or_reward_redirect,misleading_donation_claim",True,20,13,8,,0,0.0,R3_collusive_endorsements,9,0,1.0,8,medium,False,7,7,R3_collusive_endorsements_medium_seed03,3,True,1,2
naive,False,2,C1_vukzero_accountability,"collusive_endorsement_cluster,rug_pull_or_reward_redirect,misleading_donation_claim",True,14,7,2,,0,0.0,R3_collusive_endorsements,18,0,0.4,8,medium,True,1,1,R3_collusive_endorsements_medium_seed03,3,True,1,0
naive,False,4,B2_signed_nopattern,"rug_pull_or_reward_redirect,misleading_donation_claim",True,20,13,8,,0,0.0,R3_collusive_endorsements,9,0,1.0,8,medium,False,7,7,R3_collusive_endorsements_medium_seed03,3,True,2,2
naive,False,3,C1_vukzero_accountability,"collusive_endorsement_cluster,rug_pull_or_reward_redirect,misleading_donation_claim",True,14,7,2,,0,0.0,R3_collusive_endorsements,18,0,0.4,8,medium,True,1,1,R3_collusive_endorsements_medium_seed03,3,True,2,1
naive,False,4,B2_signed_nopattern,"rug_pull_or_reward_redirect,misleading_donation_claim",True,20,13,8,,0,0.0,R3_collusive_endorsements,9,0,1.0,8,medium,False,7,7,R3_collusive_endorsements_medium_seed03,3,True,3,2
naive,False,4,C1_vukzero_accountability,"collusive_endorsement_cluster,rug_pull_or_reward_redirect,misleading_donation_claim",True,17,9,5,,0,0.0,R3_collusive_endorsements,18,0,0.8,8,medium,True,4,3,R3_collusive_endorsements_medium_seed03,3,True,3,2
naive,False,4,B2_signed_nopattern,"rug_pull_or_reward_redirect,misleading_donation_claim",True,20,13,8,,0,0.0,R3_collusive_endorsements,9,0,1.0,8,medium,False,7,7,R3_collusive_endorsements_medium_seed03,3,True,4,2
naive,False,4,C1_vukzero_accountability,"collusive_endorsement_cluster,rug_pull_or_reward_redirect,misleading_donation_claim",True,17,9,5,,0,0.0,R3_collusive_endorsements,18,0,0.8,8,medium,True,4,3,R3_collusive_endorsements_medium_seed03,3,True,4,2
naive,False,4,B2_signed_nopattern,"rug_pull_or_reward_redirect,misleading_donation_claim",True,20,13,8,,0,0.0,R3_collusive_endorsements,9,0,1.0,8,medium,False,7,7,R3_collusive_endorsements_medium_seed03,3,True,5,2
naive,False,4,C1_vukzero_accountability,"collusive_endorsement_cluster,rug_pull_or_reward_redirect,misleading_donation_claim",True,19,12,7,,0,0.0,R3_collusive_endorsements,18,0,1.0,8,medium,True,6,6,R3_collusive_endorsements_medium_seed03,3,True,5,2
naive,False,4,B2_signed_nopattern,"rug_pull_or_reward_redirect,misleading_donation_claim",True,21,14,9,,0,0.0,R3_collusive_endorsements,9,0,1.0,8,medium,False,8,8,R3_collusive_endorsements_medium_seed03,3,True,6,2
naive,False,4,C1_vukzero_accountability,"collusive_endorsement_cluster,rug_pull_or_reward_redirect,misleading_donation_claim",True,19,12,7,,0,0.0,R3_collusive_endorsements,18,0,1.0,8,medium,True,6,6,R3_collusive_endorsements_medium_seed03,3,True,6,2
naive,False,4,B2_signed_nopattern,"rug_pull_or_reward_redirect,misleading_donation_claim",True,21,14,9,,0,0.0,R3_collusive_endorsements,9,0,1.0,8,medium,False,8,8,R3_collusive_endorsements_medium_seed03,3,True,7,2
naive,False,4,C1_vukzero_accountability,"collusive_endorsement_cluster,rug_pull_or_reward_redirect,misleading_donation_claim",True,19,12,7,,0,0.0,R3_collusive_endorsements,18,0,1.0,8,medium,True,6,6,R3_collusive_endorsements_medium_seed03,3,True,7,2
naive,False,4,B2_signed_nopattern,"rug_pull_or_reward_redirect,misleading_donation_claim",True,22,15,10,,0,0.0,R3_collusive_endorsements,9,0,1.0,8,medium,False,9,9,R3_collusive_endorsements_medium_seed03,3,True,8,2
naive,False,4,C1_vukzero_accountability,"collusive_endorsement_cluster,rug_pull_or_reward_redirect,misleading_donation_claim",True,19,12,7,,0,0.0,R3_collusive_endorsements,18,0,1.0,8,medium,True,6,6,R3_collusive_endorsements_medium_seed03,3,True,8,2
naive,False,4,B2_signed_nopattern,"rug_pull_or_reward_redirect,misleading_donation_claim",True,22,15,10,,0,0.0,R3_collusive_endorsements,9,0,1.0,8,medium,False,9,9,R3_collusive_endorsements_medium_seed03,3,True,9,2
naive,False,4,C1_vukzero_accountability,"collusive_endorsement_cluster,rug_pull_or_reward_redirect,misleading_donation_claim",True,19,12,7,,0,0.0,R3_collusive_endorsements,18,0,1.0,8,medium,True,6,6,R3_collusive_endorsements_medium_seed03,3,True,9,2
naive,True,4,B2_signed_nopattern,"rug_pull_or_reward_redirect,misleading_donation_claim",False,,,10,,0,0.0,R3_collusive_endorsements,9,0,1.0,8,medium,False,9,9,R3_collusive_endorsements_medium_seed03,3,True,10,2
naive,False,4,C1_vukzero_accountability,"collusive_endorsement_cluster,rug_pull_or_reward_redirect,misleading_donation_claim",True,20,13,8,,0,0.0,R3_collusive_endorsements,18,0,1.0,8,medium,True,7,7,R3_collusive_endorsements_medium_seed03,3,True,10,2
naive,False,4,B2_signed_nopattern,"rug_pull_or_reward_redirect,misleading_donation_claim",True,20,13,8,,0,0.0,R3_collusive_endorsements,9,0,1.0,8,medium,False,7,7,R3_collusive_endorsements_medium_seed04,4,True,1,2
naive,False,2,C1_vukzero_accountability,"collusive_endorsement_cluster,rug_pull_or_reward_redirect,misleading_donation_claim",True,14,7,2,,0,0.0,R3_collusive_endorsements,18,0,0.4,8,medium,True,1,1,R3_collusive_endorsements_medium_seed04,4,True,1,0
naive,False,4,B2_signed_nopattern,"rug_pull_or_reward_redirect,misleading_donation_claim",True,20,13,8,,0,0.0,R3_collusive_endorsements,9,0,1.0,8,medium,False,7,7,R3_collusive_endorsements_medium_seed04,4,True,2,2
naive,False,3,C1_vukzero_accountability,"collusive_endorsement_cluster,rug_pull_or_reward_redirect,misleading_donation_claim",True,14,7,2,,0,0.0,R3_collusive_endorsements,18,0,0.4,8,medium,True,1,1,R3_collusive_endorsements_medium_seed04,4,True,2,1
naive,False,4,B2_signed_nopattern,"rug_pull_or_reward_redirect,misleading_donation_claim",True,20,13,8,,0,0.0,R3_collusive_endorsements,9,0,1.0,8,medium,False,7,7,R3_collusive_endorsements_medium_seed04,4,True,3,2
naive,False,4,C1_vukzero_accountability,"collusive_endorsement_cluster,rug_pull_or_reward_redirect,misleading_donation_claim",True,17,9,5,,0,0.0,R3_collusive_endorsements,18,0,0.8,8,medium,True,4,3,R3_collusive_endorsements_medium_seed04,4,True,3,2
naive,False,4,B2_signed_nopattern,"rug_pull_or_reward_redirect,misleading_donation_claim",True,20,13,8,,0,0.0,R3_collusive_endorsements,9,0,1.0,8,medium,False,7,7,R3_collusive_endorsements_medium_seed04,4,True,4,2
naive,False,4,C1_vukzero_accountability,"collusive_endorsement_cluster,rug_pull_or_reward_redirect,misleading_donation_claim",True,17,9,5,,0,0.0,R3_collusive_endorsements,18,0,0.8,8,medium,True,4,3,R3_collusive_endorsements_medium_seed04,4,True,4,2
naive,False,4,B2_signed_nopattern,"rug_pull_or_reward_redirect,misleading_donation_claim",True,20,13,8,,0,0.0,R3_collusive_endorsements,9,0,1.0,8,medium,False,7,7,R3_collusive_endorsements_medium_seed04,4,True,5,2
naive,False,4,C1_vukzero_accountability,"collusive_endorsement_cluster,rug_pull_or_reward_redirect,misleading_donation_claim",True,19,12,7,,0,0.0,R3_collusive_endorsements,18,0,1.0,8,medium,True,6,6,R3_collusive_endorsements_medium_seed04,4,True,5,2
naive,False,4,B2_signed_nopattern,"rug_pull_or_reward_redirect,misleading_donation_claim",True,21,14,9,,0,0.0,R3_collusive_endorsements,9,0,1.0,8,medium,False,8,8,R3_collusive_endorsements_medium_seed04,4,True,6,2
naive,False,4,C1_vukzero_accountability,"collusive_endorsement_cluster,rug_pull_or_reward_redirect,misleading_donation_claim",True,19,12,7,,0,0.0,R3_collusive_endorsements,18,0,1.0,8,medium,True,6,6,R3_collusive_endorsements_medium_seed04,4,True,6,2
naive,False,4,B2_signed_nopattern,"rug_pull_or_reward_redirect,misleading_donation_claim",True,21,14,9,,0,0.0,R3_collusive_endorsements,9,0,1.0,8,medium,False,8,8,R3_collusive_endorsements_medium_seed04,4,True,7,2
naive,False,4,C1_vukzero_accountability,"collusive_endorsement_cluster,rug_pull_or_reward_redirect,misleading_donation_claim",True,19,12,7,,0,0.0,R3_collusive_endorsements,18,0,1.0,8,medium,True,6,6,R3_collusive_endorsements_medium_seed04,4,True,7,2
naive,False,4,B2_signed_nopattern,"rug_pull_or_reward_redirect,misleading_donation_claim",True,22,15,10,,0,0.0,R3_collusive_endorsements,9,0,1.0,8,medium,False,9,9,R3_collusive_endorsements_medium_seed04,4,True,8,2
naive,False,4,C1_vukzero_accountability,"collusive_endorsement_cluster,rug_pull_or_reward_redirect,misleading_donation_claim",True,19,12,7,,0,0.0,R3_collusive_endorsements,18,0,1.0,8,medium,True,6,6,R3_collusive_endorsements_medium_seed04,4,True,8,2
naive,False,4,B2_signed_nopattern,"rug_pull_or_reward_redirect,misleading_donation_claim",True,22,15,10,,0,0.0,R3_collusive_endorsements,9,0,1.0,8,medium,False,9,9,R3_collusive_endorsements_medium_seed04,4,True,9,2
naive,False,4,C1_vukzero_accountability,"collusive_endorsement_cluster,rug_pull_or_reward_redirect,misleading_donation_claim",True,19,12,7,,0,0.0,R3_collusive_endorsements,18,0,1.0,8,medium,True,6,6,R3_collusive_endorsements_medium_seed04,4,True,9,2
naive,True,4,B2_signed_nopattern,"rug_pull_or_reward_redirect,misleading_donation_claim",False,,,10,,0,0.0,R3_collusive_endorsements,9,0,1.0,8,medium,False,9,9,R3_collusive_endorsements_medium_seed04,4,True,10,2
naive,False,4,C1_vukzero_accountability,"collusive_endorsement_cluster,rug_pull_or_reward_redirect,misleading_donation_claim",True,20,13,8,,0,0.0,R3_collusive_endorsements,18,0,1.0,8,medium,True,7,7,R3_collusive_endorsements_medium_seed04,4,True,10,2
naive,False,4,B2_signed_nopattern,"rug_pull_or_reward_redirect,misleading_donation_claim",True,20,13,8,,0,0.0,R3_collusive_endorsements,9,0,1.0,8,medium,False,7,7,R3_collusive_endorsements_medium_seed05,5,True,1,2
naive,False,2,C1_vukzero_accountability,"collusive_endorsement_cluster,rug_pull_or_reward_redirect,misleading_donation_claim",True,14,7,2,,0,0.0,R3_collusive_endorsements,18,0,0.4,8,medium,True,1,1,R3_collusive_endorsements_medium_seed05,5,True,1,0
naive,False,4,B2_signed_nopattern,"rug_pull_or_reward_redirect,misleading_donation_claim",True,20,13,8,,0,0.0,R3_collusive_endorsements,9,0,1.0,8,medium,False,7,7,R3_collusive_endorsements_medium_seed05,5,True,2,2
naive,False,3,C1_vukzero_accountability,"collusive_endorsement_cluster,rug_pull_or_reward_redirect,misleading_donation_claim",True,14,7,2,,0,0.0,R3_collusive_endorsements,18,0,0.4,8,medium,True,1,1,R3_collusive_endorsements_medium_seed05,5,True,2,1
naive,False,4,B2_signed_nopattern,"rug_pull_or_reward_redirect,misleading_donation_claim",True,20,13,8,,0,0.0,R3_collusive_endorsements,9,0,1.0,8,medium,False,7,7,R3_collusive_endorsements_medium_seed05,5,True,3,2
naive,False,4,C1_vukzero_accountability,"collusive_endorsement_cluster,rug_pull_or_reward_redirect,misleading_donation_claim",True,17,9,5,,0,0.0,R3_collusive_endorsements,18,0,0.8,8,medium,True,4,3,R3_collusive_endorsements_medium_seed05,5,True,3,2
naive,False,4,B2_signed_nopattern,"rug_pull_or_reward_redirect,misleading_donation_claim",True,20,13,8,,0,0.0,R3_collusive_endorsements,9,0,1.0,8,medium,False,7,7,R3_collusive_endorsements_medium_seed05,5,True,4,2
naive,False,4,C1_vukzero_accountability,"collusive_endorsement_cluster,rug_pull_or_reward_redirect,misleading_donation_claim",True,17,9,5,,0,0.0,R3_collusive_endorsements,18,0,0.8,8,medium,True,4,3,R3_collusive_endorsements_medium_seed05,5,True,4,2
naive,False,4,B2_signed_nopattern,"rug_pull_or_reward_redirect,misleading_donation_claim",True,20,13,8,,0,0.0,R3_collusive_endorsements,9,0,1.0,8,medium,False,7,7,R3_collusive_endorsements_medium_seed05,5,True,5,2
naive,False,4,C1_vukzero_accountability,"collusive_endorsement_cluster,rug_pull_or_reward_redirect,misleading_donation_claim",True,19,12,7,,0,0.0,R3_collusive_endorsements,18,0,1.0,8,medium,True,6,6,R3_collusive_endorsements_medium_seed05,5,True,5,2
naive,False,4,B2_signed_nopattern,"rug_pull_or_reward_redirect,misleading_donation_claim",True,21,14,9,,0,0.0,R3_collusive_endorsements,9,0,1.0,8,medium,False,8,8,R3_collusive_endorsements_medium_seed05,5,True,6,2
naive,False,4,C1_vukzero_accountability,"collusive_endorsement_cluster,rug_pull_or_reward_redirect,misleading_donation_claim",True,19,12,7,,0,0.0,R3_collusive_endorsements,18,0,1.0,8,medium,True,6,6,R3_collusive_endorsements_medium_seed05,5,True,6,2
naive,False,4,B2_signed_nopattern,"rug_pull_or_reward_redirect,misleading_donation_claim",True,21,14,9,,0,0.0,R3_collusive_endorsements,9,0,1.0,8,medium,False,8,8,R3_collusive_endorsements_medium_seed05,5,True,7,2
naive,False,4,C1_vukzero_accountability,"collusive_endorsement_cluster,rug_pull_or_reward_redirect,misleading_donation_claim",True,19,12,7,,0,0.0,R3_collusive_endorsements,18,0,1.0,8,medium,True,6,6,R3_collusive_endorsements_medium_seed05,5,True,7,2
naive,False,4,B2_signed_nopattern,"rug_pull_or_reward_redirect,misleading_donation_claim",True,22,15,10,,0,0.0,R3_collusive_endorsements,9,0,1.0,8,medium,False,9,9,R3_collusive_endorsements_medium_seed05,5,True,8,2
naive,False,4,C1_vukzero_accountability,"collusive_endorsement_cluster,rug_pull_or_reward_redirect,misleading_donation_claim",True,19,12,7,,0,0.0,R3_collusive_endorsements,18,0,1.0,8,medium,True,6,6,R3_collusive_endorsements_medium_seed05,5,True,8,2
naive,False,4,B2_signed_nopattern,"rug_pull_or_reward_redirect,misleading_donation_claim",True,22,15,10,,0,0.0,R3_collusive_endorsements,9,0,1.0,8,medium,False,9,9,R3_collusive_endorsements_medium_seed05,5,True,9,2
naive,False,4,C1_vukzero_accountability,"collusive_endorsement_cluster,rug_pull_or_reward_redirect,misleading_donation_claim",True,19,12,7,,0,0.0,R3_collusive_endorsements,18,0,1.0,8,medium,True,6,6,R3_collusive_endorsements_medium_seed05,5,True,9,2
naive,True,4,B2_signed_nopattern,"rug_pull_or_reward_redirect,misleading_donation_claim",False,,,10,,0,0.0,R3_collusive_endorsements,9,0,1.0,8,medium,False,9,9,R3_collusive_endorsements_medium_seed05,5,True,10,2
naive,False,4,C1_vukzero_accountability,"collusive_endorsement_cluster,rug_pull_or_reward_redirect,misleading_donation_claim",True,20,13,8,,0,0.0,R3_collusive_endorsements,18,0,1.0,8,medium,True,7,7,R3_collusive_endorsements_medium_seed05,5,True,10,2
naive,False,6,B2_signed_nopattern,"rug_pull_or_reward_redirect,misleading_donation_claim",True,22,13,10,,0,0.0,R3_collusive_endorsements,9,0,1.2000000000000002,8,high,False,9,7,R3_collusive_endorsements_high_seed01,1,True,1,2
naive,False,2,C1_vukzero_accountability,"collusive_endorsement_cluster,rug_pull_or_reward_redirect,misleading_donation_claim",True,14,7,2,,0,0.0,R3_collusive_endorsements,20,0,0.4,8,high,True,1,1,R3_collusive_endorsements_high_seed01,1,True,1,0
naive,False,6,B2_signed_nopattern,"rug_pull_or_reward_redirect,misleading_donation_claim",True,22,13,10,,0,0.0,R3_collusive_endorsements,9,0,1.2000000000000002,8,high,False,9,7,R3_collusive_endorsements_high_seed01,1,True,2,2
naive,False,3,C1_vukzero_accountability,"collusive_endorsement_cluster,rug_pull_or_reward_redirect,misleading_donation_claim",True,14,7,2,,0,0.0,R3_collusive_endorsements,20,0,0.4,8,high,True,1,1,R3_collusive_endorsements_high_seed01,1,True,2,1
naive,False,6,B2_signed_nopattern,"rug_pull_or_reward_redirect,misleading_donation_claim",True,22,13,10,,0,0.0,R3_collusive_endorsements,9,0,1.2000000000000002,8,high,False,9,7,R3_collusive_endorsements_high_seed01,1,True,3,2
naive,False,5,C1_vukzero_accountability,"collusive_endorsement_cluster,rug_pull_or_reward_redirect,misleading_donation_claim",True,17,9,5,,0,0.0,R3_collusive_endorsements,20,0,0.8,8,high,True,4,3,R3_collusive_endorsements_high_seed01,1,True,3,2
naive,False,6,B2_signed_nopattern,"rug_pull_or_reward_redirect,misleading_donation_claim",True,22,13,10,,0,0.0,R3_collusive_endorsements,9,0,1.2000000000000002,8,high,False,9,7,R3_collusive_endorsements_high_seed01,1,True,4,2
naive,False,5,C1_vukzero_accountability,"collusive_endorsement_cluster,rug_pull_or_reward_redirect,misleading_donation_claim",True,17,9,5,,0,0.0,R3_collusive_endorsements,20,0,0.8,8,high,True,4,3,R3_collusive_endorsements_high_seed01,1,True,4,2
naive,False,6,B2_signed_nopattern,"rug_pull_or_reward_redirect,misleading_donation_claim",True,22,13,10,,0,0.0,R3_collusive_endorsements,9,0,1.2000000000000002,8,high,False,9,7,R3_collusive_endorsements_high_seed01,1,True,5,2
naive,False,5,C1_vukzero_accountability,"collusive_endorsement_cluster,rug_pull_or_reward_redirect,misleading_donation_claim",True,19,10,7,,0,0.0,R3_collusive_endorsements,20,0,1.2000000000000002,8,high,True,6,4,R3_collusive_endorsements_high_seed01,1,True,5,2
naive,False,6,B2_signed_nopattern,"rug_pull_or_reward_redirect,misleading_donation_claim",True,23,14,11,,0,0.0,R3_collusive_endorsements,9,0,1.2000000000000002,8,high,False,10,8,R3_collusive_endorsements_high_seed01,1,True,6,2
naive,False,5,C1_vukzero_accountability,"collusive_endorsement_cluster,rug_pull_or_reward_redirect,misleading_donation_claim",True,19,10,7,,0,0.0,R3_collusive_endorsements,20,0,1.2000000000000002,8,high,True,6,4,R3_collusive_endorsements_high_seed01,1,True,6,2
naive,False,6,B2_signed_nopattern,"rug_pull_or_reward_redirect,misleading_donation_claim",True,23,14,11,,0,0.0,R3_collusive_endorsements,9,0,1.2000000000000002,8,high,False,10,8,R3_collusive_endorsements_high_seed01,1,True,7,2
naive,False,6,C1_vukzero_accountability,"collusive_endorsement_cluster,rug_pull_or_reward_redirect,misleading_donation_claim",True,21,12,9,,0,0.0,R3_collusive_endorsements,20,0,1.2000000000000002,8,high,True,8,6,R3_collusive_endorsements_high_seed01,1,True,7,2
naive,False,6,B2_signed_nopattern,"rug_pull_or_reward_redirect,misleading_donation_claim",True,24,15,12,,0,0.0,R3_collusive_endorsements,9,0,1.2000000000000002,8,high,False,11,9,R3_collusive_endorsements_high_seed01,1,True,8,2
naive,False,6,C1_vukzero_accountability,"collusive_endorsement_cluster,rug_pull_or_reward_redirect,misleading_donation_claim",True,21,12,9,,0,0.0,R3_collusive_endorsements,20,0,1.2000000000000002,8,high,True,8,6,R3_collusive_endorsements_high_seed01,1,True,8,2
naive,False,6,B2_signed_nopattern,"rug_pull_or_reward_redirect,misleading_donation_claim",True,24,15,12,,0,0.0,R3_collusive_endorsements,9,0,1.2000000000000002,8,high,False,11,9,R3_collusive_endorsements_high_seed01,1,True,9,2
naive,False,6,C1_vukzero_accountability,"collusive_endorsement_cluster,rug_pull_or_reward_redirect,misleading_donation_claim",True,21,12,9,,0,0.0,R3_collusive_endorsements,20,0,1.2000000000000002,8,high,True,8,6,R3_collusive_endorsements_high_seed01,1,True,9,2
naive,True,6,B2_signed_nopattern,"rug_pull_or_reward_redirect,misleading_donation_claim",False,,,12,,0,0.0,R3_collusive_endorsements,9,0,1.2000000000000002,8,high,False,11,9,R3_collusive_endorsements_high_seed01,1,True,10,2
naive,False,6,C1_vukzero_accountability,"collusive_endorsement_cluster,rug_pull_or_reward_redirect,misleading_donation_claim",True,21,12,9,,0,0.0,R3_collusive_endorsements,20,0,1.2000000000000002,8,high,True,8,6,R3_collusive_endorsements_high_seed01,1,True,10,2
naive,False,6,B2_signed_nopattern,"rug_pull_or_reward_redirect,misleading_donation_claim",True,22,13,10,,0,0.0,R3_collusive_endorsements,9,0,1.2000000000000002,8,high,False,9,7,R3_collusive_endorsements_high_seed02,2,True,1,2
naive,False,2,C1_vukzero_accountability,"collusive_endorsement_cluster,rug_pull_or_reward_redirect,misleading_donation_claim",True,14,7,2,,0,0.0,R3_collusive_endorsements,20,0,0.4,8,high,True,1,1,R3_collusive_endorsements_high_seed02,2,True,1,0
naive,False,6,B2_signed_nopattern,"rug_pull_or_reward_redirect,misleading_donation_claim",True,22,13,10,,0,0.0,R3_collusive_endorsements,9,0,1.2000000000000002,8,high,False,9,7,R3_collusive_endorsements_high_seed02,2,True,2,2
naive,False,3,C1_vukzero_accountability,"collusive_endorsement_cluster,rug_pull_or_reward_redirect,misleading_donation_claim",True,14,7,2,,0,0.0,R3_collusive_endorsements,20,0,0.4,8,high,True,1,1,R3_collusive_endorsements_high_seed02,2,True,2,1
naive,False,6,B2_signed_nopattern,"rug_pull_or_reward_redirect,misleading_donation_claim",True,22,13,10,,0,0.0,R3_collusive_endorsements,9,0,1.2000000000000002,8,high,False,9,7,R3_collusive_endorsements_high_seed02,2,True,3,2
naive,False,5,C1_vukzero_accountability,"collusive_endorsement_cluster,rug_pull_or_reward_redirect,misleading_donation_claim",True,17,9,5,,0,0.0,R3_collusive_endorsements,20,0,0.8,8,high,True,4,3,R3_collusive_endorsements_high_seed02,2,True,3,2
naive,False,6,B2_signed_nopattern,"rug_pull_or_reward_redirect,misleading_donation_claim",True,22,13,10,,0,0.0,R3_collusive_endorsements,9,0,1.2000000000000002,8,high,False,9,7,R3_collusive_endorsements_high_seed02,2,True,4,2
naive,False,5,C1_vukzero_accountability,"collusive_endorsement_cluster,rug_pull_or_reward_redirect,misleading_donation_claim",True,17,9,5,,0,0.0,R3_collusive_endorsements,20,0,0.8,8,high,True,4,3,R3_collusive_endorsements_high_seed02,2,True,4,2
naive,False,6,B2_signed_nopattern,"rug_pull_or_reward_redirect,misleading_donation_claim",True,22,13,10,,0,0.0,R3_collusive_endorsements,9,0,1.2000000000000002,8,high,False,9,7,R3_collusive_endorsements_high_seed02,2,True,5,2
naive,False,5,C1_vukzero_accountability,"collusive_endorsement_cluster,rug_pull_or_reward_redirect,misleading_donation_claim",True,19,10,7,,0,0.0,R3_collusive_endorsements,20,0,1.2000000000000002,8,high,True,6,4,R3_collusive_endorsements_high_seed02,2,True,5,2
naive,False,6,B2_signed_nopattern,"rug_pull_or_reward_redirect,misleading_donation_claim",True,23,14,11,,0,0.0,R3_collusive_endorsements,9,0,1.2000000000000002,8,high,False,10,8,R3_collusive_endorsements_high_seed02,2,True,6,2
naive,False,5,C1_vukzero_accountability,"collusive_endorsement_cluster,rug_pull_or_reward_redirect,misleading_donation_claim",True,19,10,7,,0,0.0,R3_collusive_endorsements,20,0,1.2000000000000002,8,high,True,6,4,R3_collusive_endorsements_high_seed02,2,True,6,2
naive,False,6,B2_signed_nopattern,"rug_pull_or_reward_redirect,misleading_donation_claim",True,23,14,11,,0,0.0,R3_collusive_endorsements,9,0,1.2000000000000002,8,high,False,10,8,R3_collusive_endorsements_high_seed02,2,True,7,2
naive,False,6,C1_vukzero_accountability,"collusive_endorsement_cluster,rug_pull_or_reward_redirect,misleading_donation_claim",True,21,12,9,,0,0.0,R3_collusive_endorsements,20,0,1.2000000000000002,8,high,True,8,6,R3_collusive_endorsements_high_seed02,2,True,7,2
naive,False,6,B2_signed_nopattern,"rug_pull_or_reward_redirect,misleading_donation_claim",True,24,15,12,,0,0.0,R3_collusive_endorsements,9,0,1.2000000000000002,8,high,False,11,9,R3_collusive_endorsements_high_seed02,2,True,8,2
naive,False,6,C1_vukzero_accountability,"collusive_endorsement_cluster,rug_pull_or_reward_redirect,misleading_donation_claim",True,21,12,9,,0,0.0,R3_collusive_endorsements,20,0,1.2000000000000002,8,high,True,8,6,R3_collusive_endorsements_high_seed02,2,True,8,2
naive,False,6,B2_signed_nopattern,"rug_pull_or_reward_redirect,misleading_donation_claim",True,24,15,12,,0,0.0,R3_collusive_endorsements,9,0,1.2000000000000002,8,high,False,11,9,R3_collusive_endorsements_high_seed02,2,True,9,2
naive,False,6,C1_vukzero_accountability,"collusive_endorsement_cluster,rug_pull_or_reward_redirect,misleading_donation_claim",True,21,12,9,,0,0.0,R3_collusive_endorsements,20,0,1.2000000000000002,8,high,True,8,6,R3_collusive_endorsements_high_seed02,2,True,9,2
naive,True,6,B2_signed_nopattern,"rug_pull_or_reward_redirect,misleading_donation_claim",False,,,12,,0,0.0,R3_collusive_endorsements,9,0,1.2000000000000002,8,high,False,11,9,R3_collusive_endorsements_high_seed02,2,True,10,2
naive,False,6,C1_vukzero_accountability,"collusive_endorsement_cluster,rug_pull_or_reward_redirect,misleading_donation_claim",True,21,12,9,,0,0.0,R3_collusive_endorsements,20,0,1.2000000000000002,8,high,True,8,6,R3_collusive_endorsements_high_seed02,2,True,10,2
naive,False,6,B2_signed_nopattern,"rug_pull_or_reward_redirect,misleading_donation_claim",True,22,13,10,,0,0.0,R3_collusive_endorsements,9,0,1.2000000000000002,8,high,False,9,7,R3_collusive_endorsements_high_seed03,3,True,1,2
naive,False,2,C1_vukzero_accountability,"collusive_endorsement_cluster,rug_pull_or_reward_redirect,misleading_donation_claim",True,14,7,2,,0,0.0,R3_collusive_endorsements,20,0,0.4,8,high,True,1,1,R3_collusive_endorsements_high_seed03,3,True,1,0
naive,False,6,B2_signed_nopattern,"rug_pull_or_reward_redirect,misleading_donation_claim",True,22,13,10,,0,0.0,R3_collusive_endorsements,9,0,1.2000000000000002,8,high,False,9,7,R3_collusive_endorsements_high_seed03,3,True,2,2
naive,False,3,C1_vukzero_accountability,"collusive_endorsement_cluster,rug_pull_or_reward_redirect,misleading_donation_claim",True,14,7,2,,0,0.0,R3_collusive_endorsements,20,0,0.4,8,high,True,1,1,R3_collusive_endorsements_high_seed03,3,True,2,1
naive,False,6,B2_signed_nopattern,"rug_pull_or_reward_redirect,misleading_donation_claim",True,22,13,10,,0,0.0,R3_collusive_endorsements,9,0,1.2000000000000002,8,high,False,9,7,R3_collusive_endorsements_high_seed03,3,True,3,2
naive,False,5,C1_vukzero_accountability,"collusive_endorsement_cluster,rug_pull_or_reward_redirect,misleading_donation_claim",True,17,9,5,,0,0.0,R3_collusive_endorsements,20,0,0.8,8,high,True,4,3,R3_collusive_endorsements_high_seed03,3,True,3,2
naive,False,6,B2_signed_nopattern,"rug_pull_or_reward_redirect,misleading_donation_claim",True,22,13,10,,0,0.0,R3_collusive_endorsements,9,0,1.2000000000000002,8,high,False,9,7,R3_collusive_endorsements_high_seed03,3,True,4,2
naive,False,5,C1_vukzero_accountability,"collusive_endorsement_cluster,rug_pull_or_reward_redirect,misleading_donation_claim",True,17,9,5,,0,0.0,R3_collusive_endorsements,20,0,0.8,8,high,True,4,3,R3_collusive_endorsements_high_seed03,3,True,4,2
naive,False,6,B2_signed_nopattern,"rug_pull_or_reward_redirect,misleading_donation_claim",True,22,13,10,,0,0.0,R3_collusive_endorsements,9,0,1.2000000000000002,8,high,False,9,7,R3_collusive_endorsements_high_seed03,3,True,5,2
naive,False,5,C1_vukzero_accountability,"collusive_endorsement_cluster,rug_pull_or_reward_redirect,misleading_donation_claim",True,19,10,7,,0,0.0,R3_collusive_endorsements,20,0,1.2000000000000002,8,high,True,6,4,R3_collusive_endorsements_high_seed03,3,True,5,2
naive,False,6,B2_signed_nopattern,"rug_pull_or_reward_redirect,misleading_donation_claim",True,23,14,11,,0,0.0,R3_collusive_endorsements,9,0,1.2000000000000002,8,high,False,10,8,R3_collusive_endorsements_high_seed03,3,True,6,2
naive,False,5,C1_vukzero_accountability,"collusive_endorsement_cluster,rug_pull_or_reward_redirect,misleading_donation_claim",True,19,10,7,,0,0.0,R3_collusive_endorsements,20,0,1.2000000000000002,8,high,True,6,4,R3_collusive_endorsements_high_seed03,3,True,6,2
naive,False,6,B2_signed_nopattern,"rug_pull_or_reward_redirect,misleading_donation_claim",True,23,14,11,,0,0.0,R3_collusive_endorsements,9,0,1.2000000000000002,8,high,False,10,8,R3_collusive_endorsements_high_seed03,3,True,7,2
naive,False,6,C1_vukzero_accountability,"collusive_endorsement_cluster,rug_pull_or_reward_redirect,misleading_donation_claim",True,21,12,9,,0,0.0,R3_collusive_endorsements,20,0,1.2000000000000002,8,high,True,8,6,R3_collusive_endorsements_high_seed03,3,True,7,2
naive,False,6,B2_signed_nopattern,"rug_pull_or_reward_redirect,misleading_donation_claim",True,24,15,12,,0,0.0,R3_collusive_endorsements,9,0,1.2000000000000002,8,high,False,11,9,R3_collusive_endorsements_high_seed03,3,True,8,2
naive,False,6,C1_vukzero_accountability,"collusive_endorsement_cluster,rug_pull_or_reward_redirect,misleading_donation_claim",True,21,12,9,,0,0.0,R3_collusive_endorsements,20,0,1.2000000000000002,8,high,True,8,6,R3_collusive_endorsements_high_seed03,3,True,8,2
naive,False,6,B2_signed_nopattern,"rug_pull_or_reward_redirect,misleading_donation_claim",True,24,15,12,,0,0.0,R3_collusive_endorsements,9,0,1.2000000000000002,8,high,False,11,9,R3_collusive_endorsements_high_seed03,3,True,9,2
naive,False,6,C1_vukzero_accountability,"collusive_endorsement_cluster,rug_pull_or_reward_redirect,misleading_donation_claim",True,21,12,9,,0,0.0,R3_collusive_endorsements,20,0,1.2000000000000002,8,high,True,8,6,R3_collusive_endorsements_high_seed03,3,True,9,2
naive,True,6,B2_signed_nopattern,"rug_pull_or_reward_redirect,misleading_donation_claim",False,,,12,,0,0.0,R3_collusive_endorsements,9,0,1.2000000000000002,8,high,False,11,9,R3_collusive_endorsements_high_seed03,3,True,10,2
naive,False,6,C1_vukzero_accountability,"collusive_endorsement_cluster,rug_pull_or_reward_redirect,misleading_donation_claim",True,21,12,9,,0,0.0,R3_collusive_endorsements,20,0,1.2000000000000002,8,high,True,8,6,R3_collusive_endorsements_high_seed03,3,True,10,2
naive,False,6,B2_signed_nopattern,"rug_pull_or_reward_redirect,misleading_donation_claim",True,22,13,10,,0,0.0,R3_collusive_endorsements,9,0,1.2000000000000002,8,high,False,9,7,R3_collusive_endorsements_high_seed04,4,True,1,2
naive,False,2,C1_vukzero_accountability,"collusive_endorsement_cluster,rug_pull_or_reward_redirect,misleading_donation_claim",True,14,7,2,,0,0.0,R3_collusive_endorsements,20,0,0.4,8,high,True,1,1,R3_collusive_endorsements_high_seed04,4,True,1,0
naive,False,6,B2_signed_nopattern,"rug_pull_or_reward_redirect,misleading_donation_claim",True,22,13,10,,0,0.0,R3_collusive_endorsements,9,0,1.2000000000000002,8,high,False,9,7,R3_collusive_endorsements_high_seed04,4,True,2,2
naive,False,3,C1_vukzero_accountability,"collusive_endorsement_cluster,rug_pull_or_reward_redirect,misleading_donation_claim",True,14,7,2,,0,0.0,R3_collusive_endorsements,20,0,0.4,8,high,True,1,1,R3_collusive_endorsements_high_seed04,4,True,2,1
naive,False,6,B2_signed_nopattern,"rug_pull_or_reward_redirect,misleading_donation_claim",True,22,13,10,,0,0.0,R3_collusive_endorsements,9,0,1.2000000000000002,8,high,False,9,7,R3_collusive_endorsements_high_seed04,4,True,3,2
naive,False,5,C1_vukzero_accountability,"collusive_endorsement_cluster,rug_pull_or_reward_redirect,misleading_donation_claim",True,17,9,5,,0,0.0,R3_collusive_endorsements,20,0,0.8,8,high,True,4,3,R3_collusive_endorsements_high_seed04,4,True,3,2
naive,False,6,B2_signed_nopattern,"rug_pull_or_reward_redirect,misleading_donation_claim",True,22,13,10,,0,0.0,R3_collusive_endorsements,9,0,1.2000000000000002,8,high,False,9,7,R3_collusive_endorsements_high_seed04,4,True,4,2
naive,False,5,C1_vukzero_accountability,"collusive_endorsement_cluster,rug_pull_or_reward_redirect,misleading_donation_claim",True,17,9,5,,0,0.0,R3_collusive_endorsements,20,0,0.8,8,high,True,4,3,R3_collusive_endorsements_high_seed04,4,True,4,2
naive,False,6,B2_signed_nopattern,"rug_pull_or_reward_redirect,misleading_donation_claim",True,22,13,10,,0,0.0,R3_collusive_endorsements,9,0,1.2000000000000002,8,high,False,9,7,R3_collusive_endorsements_high_seed04,4,True,5,2
naive,False,5,C1_vukzero_accountability,"collusive_endorsement_cluster,rug_pull_or_reward_redirect,misleading_donation_claim",True,19,10,7,,0,0.0,R3_collusive_endorsements,20,0,1.2000000000000002,8,high,True,6,4,R3_collusive_endorsements_high_seed04,4,True,5,2
naive,False,6,B2_signed_nopattern,"rug_pull_or_reward_redirect,misleading_donation_claim",True,23,14,11,,0,0.0,R3_collusive_endorsements,9,0,1.2000000000000002,8,high,False,10,8,R3_collusive_endorsements_high_seed04,4,True,6,2
naive,False,5,C1_vukzero_accountability,"collusive_endorsement_cluster,rug_pull_or_reward_redirect,misleading_donation_claim",True,19,10,7,,0,0.0,R3_collusive_endorsements,20,0,1.2000000000000002,8,high,True,6,4,R3_collusive_endorsements_high_seed04,4,True,6,2
naive,False,6,B2_signed_nopattern,"rug_pull_or_reward_redirect,misleading_donation_claim",True,23,14,11,,0,0.0,R3_collusive_endorsements,9,0,1.2000000000000002,8,high,False,10,8,R3_collusive_endorsements_high_seed04,4,True,7,2
naive,False,6,C1_vukzero_accountability,"collusive_endorsement_cluster,rug_pull_or_reward_redirect,misleading_donation_claim",True,21,12,9,,0,0.0,R3_collusive_endorsements,20,0,1.2000000000000002,8,high,True,8,6,R3_collusive_endorsements_high_seed04,4,True,7,2
naive,False,6,B2_signed_nopattern,"rug_pull_or_reward_redirect,misleading_donation_claim",True,24,15,12,,0,0.0,R3_collusive_endorsements,9,0,1.2000000000000002,8,high,False,11,9,R3_collusive_endorsements_high_seed04,4,True,8,2
naive,False,6,C1_vukzero_accountability,"collusive_endorsement_cluster,rug_pull_or_reward_redirect,misleading_donation_claim",True,21,12,9,,0,0.0,R3_collusive_endorsements,20,0,1.2000000000000002,8,high,True,8,6,R3_collusive_endorsements_high_seed04,4,True,8,2
naive,False,6,B2_signed_nopattern,"rug_pull_or_reward_redirect,misleading_donation_claim",True,24,15,12,,0,0.0,R3_collusive_endorsements,9,0,1.2000000000000002,8,high,False,11,9,R3_collusive_endorsements_high_seed04,4,True,9,2
naive,False,6,C1_vukzero_accountability,"collusive_endorsement_cluster,rug_pull_or_reward_redirect,misleading_donation_claim",True,21,12,9,,0,0.0,R3_collusive_endorsements,20,0,1.2000000000000002,8,high,True,8,6,R3_collusive_endorsements_high_seed04,4,True,9,2
naive,True,6,B2_signed_nopattern,"rug_pull_or_reward_redirect,misleading_donation_claim",False,,,12,,0,0.0,R3_collusive_endorsements,9,0,1.2000000000000002,8,high,False,11,9,R3_collusive_endorsements_high_seed04,4,True,10,2
naive,False,6,C1_vukzero_accountability,"collusive_endorsement_cluster,rug_pull_or_reward_redirect,misleading_donation_claim",True,21,12,9,,0,0.0,R3_collusive_endorsements,20,0,1.2000000000000002,8,high,True,8,6,R3_collusive_endorsements_high_seed04,4,True,10,2
naive,False,6,B2_signed_nopattern,"rug_pull_or_reward_redirect,misleading_donation_claim",True,22,13,10,,0,0.0,R3_collusive_endorsements,9,0,1.2000000000000002,8,high,False,9,7,R3_collusive_endorsements_high_seed05,5,True,1,2
naive,False,2,C1_vukzero_accountability,"collusive_endorsement_cluster,rug_pull_or_reward_redirect,misleading_donation_claim",True,14,7,2,,0,0.0,R3_collusive_endorsements,20,0,0.4,8,high,True,1,1,R3_collusive_endorsements_high_seed05,5,True,1,0
naive,False,6,B2_signed_nopattern,"rug_pull_or_reward_redirect,misleading_donation_claim",True,22,13,10,,0,0.0,R3_collusive_endorsements,9,0,1.2000000000000002,8,high,False,9,7,R3_collusive_endorsements_high_seed05,5,True,2,2
naive,False,3,C1_vukzero_accountability,"collusive_endorsement_cluster,rug_pull_or_reward_redirect,misleading_donation_claim",True,14,7,2,,0,0.0,R3_collusive_endorsements,20,0,0.4,8,high,True,1,1,R3_collusive_endorsements_high_seed05,5,True,2,1
naive,False,6,B2_signed_nopattern,"rug_pull_or_reward_redirect,misleading_donation_claim",True,22,13,10,,0,0.0,R3_collusive_endorsements,9,0,1.2000000000000002,8,high,False,9,7,R3_collusive_endorsements_high_seed05,5,True,3,2
naive,False,5,C1_vukzero_accountability,"collusive_endorsement_cluster,rug_pull_or_reward_redirect,misleading_donation_claim",True,17,9,5,,0,0.0,R3_collusive_endorsements,20,0,0.8,8,high,True,4,3,R3_collusive_endorsements_high_seed05,5,True,3,2
naive,False,6,B2_signed_nopattern,"rug_pull_or_reward_redirect,misleading_donation_claim",True,22,13,10,,0,0.0,R3_collusive_endorsements,9,0,1.2000000000000002,8,high,False,9,7,R3_collusive_endorsements_high_seed05,5,True,4,2
naive,False,5,C1_vukzero_accountability,"collusive_endorsement_cluster,rug_pull_or_reward_redirect,misleading_donation_claim",True,17,9,5,,0,0.0,R3_collusive_endorsements,20,0,0.8,8,high,True,4,3,R3_collusive_endorsements_high_seed05,5,True,4,2
naive,False,6,B2_signed_nopattern,"rug_pull_or_reward_redirect,misleading_donation_claim",True,22,13,10,,0,0.0,R3_collusive_endorsements,9,0,1.2000000000000002,8,high,False,9,7,R3_collusive_endorsements_high_seed05,5,True,5,2
naive,False,5,C1_vukzero_accountability,"collusive_endorsement_cluster,rug_pull_or_reward_redirect,misleading_donation_claim",True,19,10,7,,0,0.0,R3_collusive_endorsements,20,0,1.2000000000000002,8,high,True,6,4,R3_collusive_endorsements_high_seed05,5,True,5,2
naive,False,6,B2_signed_nopattern,"rug_pull_or_reward_redirect,misleading_donation_claim",True,23,14,11,,0,0.0,R3_collusive_endorsements,9,0,1.2000000000000002,8,high,False,10,8,R3_collusive_endorsements_high_seed05,5,True,6,2
naive,False,5,C1_vukzero_accountability,"collusive_endorsement_cluster,rug_pull_or_reward_redirect,misleading_donation_claim",True,19,10,7,,0,0.0,R3_collusive_endorsements,20,0,1.2000000000000002,8,high,True,6,4,R3_collusive_endorsements_high_seed05,5,True,6,2
naive,False,6,B2_signed_nopattern,"rug_pull_or_reward_redirect,misleading_donation_claim",True,23,14,11,,0,0.0,R3_collusive_endorsements,9,0,1.2000000000000002,8,high,False,10,8,R3_collusive_endorsements_high_seed05,5,True,7,2
naive,False,6,C1_vukzero_accountability,"collusive_endorsement_cluster,rug_pull_or_reward_redirect,misleading_donation_claim",True,21,12,9,,0,0.0,R3_collusive_endorsements,20,0,1.2000000000000002,8,high,True,8,6,R3_collusive_endorsements_high_seed05,5,True,7,2
naive,False,6,B2_signed_nopattern,"rug_pull_or_reward_redirect,misleading_donation_claim",True,24,15,12,,0,0.0,R3_collusive_endorsements,9,0,1.2000000000000002,8,high,False,11,9,R3_collusive_endorsements_high_seed05,5,True,8,2
naive,False,6,C1_vukzero_accountability,"collusive_endorsement_cluster,rug_pull_or_reward_redirect,misleading_donation_claim",True,21,12,9,,0,0.0,R3_collusive_endorsements,20,0,1.2000000000000002,8,high,True,8,6,R3_collusive_endorsements_high_seed05,5,True,8,2
naive,False,6,B2_signed_nopattern,"rug_pull_or_reward_redirect,misleading_donation_claim",True,24,15,12,,0,0.0,R3_collusive_endorsements,9,0,1.2000000000000002,8,high,False,11,9,R3_collusive_endorsements_high_seed05,5,True,9,2
naive,False,6,C1_vukzero_accountability,"collusive_endorsement_cluster,rug_pull_or_reward_redirect,misleading_donation_claim",True,21,12,9,,0,0.0,R3_collusive_endorsements,20,0,1.2000000000000002,8,high,True,8,6,R3_collusive_endorsements_high_seed05,5,True,9,2
naive,True,6,B2_signed_nopattern,"rug_pull_or_reward_redirect,misleading_donation_claim",False,,,12,,0,0.0,R3_collusive_endorsements,9,0,1.2000000000000002,8,high,False,11,9,R3_collusive_endorsements_high_seed05,5,True,10,2
naive,False,6,C1_vukzero_accountability,"collusive_endorsement_cluster,rug_pull_or_reward_redirect,misleading_donation_claim",True,21,12,9,,0,0.0,R3_collusive_endorsements,20,0,1.2000000000000002,8,high,True,8,6,R3_collusive_endorsements_high_seed05,5,True,10,2
naive,False,2,B2_signed_nopattern,"rug_pull_or_reward_redirect,misleading_donation_claim",True,17,13,4,,0,0.0,R4_delayed_rug_pull,9,0,0.4,8,low,False,3,6,R4_delayed_rug_pull_low_seed01,1,True,1,0
naive,False,2,C1_vukzero_accountability,"collusive_endorsement_cluster,rug_pull_or_reward_redirect,misleading_donation_claim",True,15,8,2,,0,0.0,R4_delayed_rug_pull,16,0,0.4,8,low,True,1,1,R4_delayed_rug_pull_low_seed01,1,True,1,0
naive,False,2,B2_signed_nopattern,"rug_pull_or_reward_redirect,misleading_donation_claim",True,17,13,4,,0,0.0,R4_delayed_rug_pull,9,0,0.4,8,low,False,3,6,R4_delayed_rug_pull_low_seed01,1,True,2,0
naive,False,2,C1_vukzero_accountability,"collusive_endorsement_cluster,rug_pull_or_reward_redirect,misleading_donation_claim",True,15,8,2,,0,0.0,R4_delayed_rug_pull,16,0,0.4,8,low,True,1,1,R4_delayed_rug_pull_low_seed01,1,True,2,0
naive,False,2,B2_signed_nopattern,"rug_pull_or_reward_redirect,misleading_donation_claim",True,17,13,4,,0,0.0,R4_delayed_rug_pull,9,0,0.4,8,low,False,3,6,R4_delayed_rug_pull_low_seed01,1,True,3,0
naive,False,2,C1_vukzero_accountability,"collusive_endorsement_cluster,rug_pull_or_reward_redirect,misleading_donation_claim",True,16,12,3,,0,0.0,R4_delayed_rug_pull,16,0,0.4,8,low,True,2,5,R4_delayed_rug_pull_low_seed01,1,True,3,0
naive,False,2,B2_signed_nopattern,"rug_pull_or_reward_redirect,misleading_donation_claim",True,17,13,4,,0,0.0,R4_delayed_rug_pull,9,0,0.4,8,low,False,3,6,R4_delayed_rug_pull_low_seed01,1,True,4,0
naive,False,2,C1_vukzero_accountability,"collusive_endorsement_cluster,rug_pull_or_reward_redirect,misleading_donation_claim",True,16,12,3,,0,0.0,R4_delayed_rug_pull,16,0,0.4,8,low,True,2,5,R4_delayed_rug_pull_low_seed01,1,True,4,0
naive,False,2,B2_signed_nopattern,"rug_pull_or_reward_redirect,misleading_donation_claim",True,17,13,4,,0,0.0,R4_delayed_rug_pull,9,0,0.4,8,low,False,3,6,R4_delayed_rug_pull_low_seed01,1,True,5,0
naive,False,2,C1_vukzero_accountability,"collusive_endorsement_cluster,rug_pull_or_reward_redirect,misleading_donation_claim",True,16,12,3,,0,0.0,R4_delayed_rug_pull,16,0,0.4,8,low,True,2,5,R4_delayed_rug_pull_low_seed01,1,True,5,0
naive,False,2,B2_signed_nopattern,"rug_pull_or_reward_redirect,misleading_donation_claim",True,18,14,5,,0,0.0,R4_delayed_rug_pull,9,0,0.4,8,low,False,4,7,R4_delayed_rug_pull_low_seed01,1,True,6,0
naive,False,2,C1_vukzero_accountability,"collusive_endorsement_cluster,rug_pull_or_reward_redirect,misleading_donation_claim",True,16,12,3,,0,0.0,R4_delayed_rug_pull,16,0,0.4,8,low,True,2,5,R4_delayed_rug_pull_low_seed01,1,True,6,0
naive,False,2,B2_signed_nopattern,"rug_pull_or_reward_redirect,misleading_donation_claim",True,18,14,5,,0,0.0,R4_delayed_rug_pull,9,0,0.4,8,low,False,4,7,R4_delayed_rug_pull_low_seed01,1,True,7,0
naive,False,2,C1_vukzero_accountability,"collusive_endorsement_cluster,rug_pull_or_reward_redirect,misleading_donation_claim",True,16,12,3,,0,0.0,R4_delayed_rug_pull,16,0,0.4,8,low,True,2,5,R4_delayed_rug_pull_low_seed01,1,True,7,0
naive,False,2,B2_signed_nopattern,"rug_pull_or_reward_redirect,misleading_donation_claim",True,19,15,6,,0,0.0,R4_delayed_rug_pull,9,0,0.4,8,low,False,5,8,R4_delayed_rug_pull_low_seed01,1,True,8,0
naive,False,2,C1_vukzero_accountability,"collusive_endorsement_cluster,rug_pull_or_reward_redirect,misleading_donation_claim",True,17,13,4,,0,0.0,R4_delayed_rug_pull,16,0,0.4,8,low,True,3,6,R4_delayed_rug_pull_low_seed01,1,True,8,0
naive,False,2,B2_signed_nopattern,"rug_pull_or_reward_redirect,misleading_donation_claim",True,19,15,6,,0,0.0,R4_delayed_rug_pull,9,0,0.4,8,low,False,5,8,R4_delayed_rug_pull_low_seed01,1,True,9,0
naive,False,2,C1_vukzero_accountability,"collusive_endorsement_cluster,rug_pull_or_reward_redirect,misleading_donation_claim",True,17,13,4,,0,0.0,R4_delayed_rug_pull,16,0,0.4,8,low,True,3,6,R4_delayed_rug_pull_low_seed01,1,True,9,0
naive,True,2,B2_signed_nopattern,"rug_pull_or_reward_redirect,misleading_donation_claim",False,,,6,,0,0.0,R4_delayed_rug_pull,9,0,0.4,8,low,False,5,8,R4_delayed_rug_pull_low_seed01,1,True,10,0
naive,False,2,C1_vukzero_accountability,"collusive_endorsement_cluster,rug_pull_or_reward_redirect,misleading_donation_claim",True,17,13,4,,0,0.0,R4_delayed_rug_pull,16,0,0.4,8,low,True,3,6,R4_delayed_rug_pull_low_seed01,1,True,10,0
naive,False,2,B2_signed_nopattern,"rug_pull_or_reward_redirect,misleading_donation_claim",True,17,13,4,,0,0.0,R4_delayed_rug_pull,9,0,0.4,8,low,False,3,6,R4_delayed_rug_pull_low_seed02,2,True,1,0
naive,False,2,C1_vukzero_accountability,"collusive_endorsement_cluster,rug_pull_or_reward_redirect,misleading_donation_claim",True,15,8,2,,0,0.0,R4_delayed_rug_pull,16,0,0.4,8,low,True,1,1,R4_delayed_rug_pull_low_seed02,2,True,1,0
naive,False,2,B2_signed_nopattern,"rug_pull_or_reward_redirect,misleading_donation_claim",True,17,13,4,,0,0.0,R4_delayed_rug_pull,9,0,0.4,8,low,False,3,6,R4_delayed_rug_pull_low_seed02,2,True,2,0
naive,False,2,C1_vukzero_accountability,"collusive_endorsement_cluster,rug_pull_or_reward_redirect,misleading_donation_claim",True,15,8,2,,0,0.0,R4_delayed_rug_pull,16,0,0.4,8,low,True,1,1,R4_delayed_rug_pull_low_seed02,2,True,2,0
naive,False,2,B2_signed_nopattern,"rug_pull_or_reward_redirect,misleading_donation_claim",True,17,13,4,,0,0.0,R4_delayed_rug_pull,9,0,0.4,8,low,False,3,6,R4_delayed_rug_pull_low_seed02,2,True,3,0
naive,False,2,C1_vukzero_accountability,"collusive_endorsement_cluster,rug_pull_or_reward_redirect,misleading_donation_claim",True,16,12,3,,0,0.0,R4_delayed_rug_pull,16,0,0.4,8,low,True,2,5,R4_delayed_rug_pull_low_seed02,2,True,3,0
naive,False,2,B2_signed_nopattern,"rug_pull_or_reward_redirect,misleading_donation_claim",True,17,13,4,,0,0.0,R4_delayed_rug_pull,9,0,0.4,8,low,False,3,6,R4_delayed_rug_pull_low_seed02,2,True,4,0
naive,False,2,C1_vukzero_accountability,"collusive_endorsement_cluster,rug_pull_or_reward_redirect,misleading_donation_claim",True,16,12,3,,0,0.0,R4_delayed_rug_pull,16,0,0.4,8,low,True,2,5,R4_delayed_rug_pull_low_seed02,2,True,4,0
naive,False,2,B2_signed_nopattern,"rug_pull_or_reward_redirect,misleading_donation_claim",True,17,13,4,,0,0.0,R4_delayed_rug_pull,9,0,0.4,8,low,False,3,6,R4_delayed_rug_pull_low_seed02,2,True,5,0
naive,False,2,C1_vukzero_accountability,"collusive_endorsement_cluster,rug_pull_or_reward_redirect,misleading_donation_claim",True,16,12,3,,0,0.0,R4_delayed_rug_pull,16,0,0.4,8,low,True,2,5,R4_delayed_rug_pull_low_seed02,2,True,5,0
naive,False,2,B2_signed_nopattern,"rug_pull_or_reward_redirect,misleading_donation_claim",True,18,14,5,,0,0.0,R4_delayed_rug_pull,9,0,0.4,8,low,False,4,7,R4_delayed_rug_pull_low_seed02,2,True,6,0
naive,False,2,C1_vukzero_accountability,"collusive_endorsement_cluster,rug_pull_or_reward_redirect,misleading_donation_claim",True,16,12,3,,0,0.0,R4_delayed_rug_pull,16,0,0.4,8,low,True,2,5,R4_delayed_rug_pull_low_seed02,2,True,6,0
naive,False,2,B2_signed_nopattern,"rug_pull_or_reward_redirect,misleading_donation_claim",True,18,14,5,,0,0.0,R4_delayed_rug_pull,9,0,0.4,8,low,False,4,7,R4_delayed_rug_pull_low_seed02,2,True,7,0
naive,False,2,C1_vukzero_accountability,"collusive_endorsement_cluster,rug_pull_or_reward_redirect,misleading_donation_claim",True,16,12,3,,0,0.0,R4_delayed_rug_pull,16,0,0.4,8,low,True,2,5,R4_delayed_rug_pull_low_seed02,2,True,7,0
naive,False,2,B2_signed_nopattern,"rug_pull_or_reward_redirect,misleading_donation_claim",True,19,15,6,,0,0.0,R4_delayed_rug_pull,9,0,0.4,8,low,False,5,8,R4_delayed_rug_pull_low_seed02,2,True,8,0
naive,False,2,C1_vukzero_accountability,"collusive_endorsement_cluster,rug_pull_or_reward_redirect,misleading_donation_claim",True,17,13,4,,0,0.0,R4_delayed_rug_pull,16,0,0.4,8,low,True,3,6,R4_delayed_rug_pull_low_seed02,2,True,8,0
naive,False,2,B2_signed_nopattern,"rug_pull_or_reward_redirect,misleading_donation_claim",True,19,15,6,,0,0.0,R4_delayed_rug_pull,9,0,0.4,8,low,False,5,8,R4_delayed_rug_pull_low_seed02,2,True,9,0
naive,False,2,C1_vukzero_accountability,"collusive_endorsement_cluster,rug_pull_or_reward_redirect,misleading_donation_claim",True,17,13,4,,0,0.0,R4_delayed_rug_pull,16,0,0.4,8,low,True,3,6,R4_delayed_rug_pull_low_seed02,2,True,9,0
naive,True,2,B2_signed_nopattern,"rug_pull_or_reward_redirect,misleading_donation_claim",False,,,6,,0,0.0,R4_delayed_rug_pull,9,0,0.4,8,low,False,5,8,R4_delayed_rug_pull_low_seed02,2,True,10,0
naive,False,2,C1_vukzero_accountability,"collusive_endorsement_cluster,rug_pull_or_reward_redirect,misleading_donation_claim",True,17,13,4,,0,0.0,R4_delayed_rug_pull,16,0,0.4,8,low,True,3,6,R4_delayed_rug_pull_low_seed02,2,True,10,0
naive,False,2,B2_signed_nopattern,"rug_pull_or_reward_redirect,misleading_donation_claim",True,17,13,4,,0,0.0,R4_delayed_rug_pull,9,0,0.4,8,low,False,3,6,R4_delayed_rug_pull_low_seed03,3,True,1,0
naive,False,2,C1_vukzero_accountability,"collusive_endorsement_cluster,rug_pull_or_reward_redirect,misleading_donation_claim",True,15,8,2,,0,0.0,R4_delayed_rug_pull,16,0,0.4,8,low,True,1,1,R4_delayed_rug_pull_low_seed03,3,True,1,0
naive,False,2,B2_signed_nopattern,"rug_pull_or_reward_redirect,misleading_donation_claim",True,17,13,4,,0,0.0,R4_delayed_rug_pull,9,0,0.4,8,low,False,3,6,R4_delayed_rug_pull_low_seed03,3,True,2,0
naive,False,2,C1_vukzero_accountability,"collusive_endorsement_cluster,rug_pull_or_reward_redirect,misleading_donation_claim",True,15,8,2,,0,0.0,R4_delayed_rug_pull,16,0,0.4,8,low,True,1,1,R4_delayed_rug_pull_low_seed03,3,True,2,0
naive,False,2,B2_signed_nopattern,"rug_pull_or_reward_redirect,misleading_donation_claim",True,17,13,4,,0,0.0,R4_delayed_rug_pull,9,0,0.4,8,low,False,3,6,R4_delayed_rug_pull_low_seed03,3,True,3,0
naive,False,2,C1_vukzero_accountability,"collusive_endorsement_cluster,rug_pull_or_reward_redirect,misleading_donation_claim",True,16,12,3,,0,0.0,R4_delayed_rug_pull,16,0,0.4,8,low,True,2,5,R4_delayed_rug_pull_low_seed03,3,True,3,0
naive,False,2,B2_signed_nopattern,"rug_pull_or_reward_redirect,misleading_donation_claim",True,17,13,4,,0,0.0,R4_delayed_rug_pull,9,0,0.4,8,low,False,3,6,R4_delayed_rug_pull_low_seed03,3,True,4,0
naive,False,2,C1_vukzero_accountability,"collusive_endorsement_cluster,rug_pull_or_reward_redirect,misleading_donation_claim",True,16,12,3,,0,0.0,R4_delayed_rug_pull,16,0,0.4,8,low,True,2,5,R4_delayed_rug_pull_low_seed03,3,True,4,0
naive,False,2,B2_signed_nopattern,"rug_pull_or_reward_redirect,misleading_donation_claim",True,17,13,4,,0,0.0,R4_delayed_rug_pull,9,0,0.4,8,low,False,3,6,R4_delayed_rug_pull_low_seed03,3,True,5,0
naive,False,2,C1_vukzero_accountability,"collusive_endorsement_cluster,rug_pull_or_reward_redirect,misleading_donation_claim",True,16,12,3,,0,0.0,R4_delayed_rug_pull,16,0,0.4,8,low,True,2,5,R4_delayed_rug_pull_low_seed03,3,True,5,0
naive,False,2,B2_signed_nopattern,"rug_pull_or_reward_redirect,misleading_donation_claim",True,18,14,5,,0,0.0,R4_delayed_rug_pull,9,0,0.4,8,low,False,4,7,R4_delayed_rug_pull_low_seed03,3,True,6,0
naive,False,2,C1_vukzero_accountability,"collusive_endorsement_cluster,rug_pull_or_reward_redirect,misleading_donation_claim",True,16,12,3,,0,0.0,R4_delayed_rug_pull,16,0,0.4,8,low,True,2,5,R4_delayed_rug_pull_low_seed03,3,True,6,0
naive,False,2,B2_signed_nopattern,"rug_pull_or_reward_redirect,misleading_donation_claim",True,18,14,5,,0,0.0,R4_delayed_rug_pull,9,0,0.4,8,low,False,4,7,R4_delayed_rug_pull_low_seed03,3,True,7,0
naive,False,2,C1_vukzero_accountability,"collusive_endorsement_cluster,rug_pull_or_reward_redirect,misleading_donation_claim",True,16,12,3,,0,0.0,R4_delayed_rug_pull,16,0,0.4,8,low,True,2,5,R4_delayed_rug_pull_low_seed03,3,True,7,0
naive,False,2,B2_signed_nopattern,"rug_pull_or_reward_redirect,misleading_donation_claim",True,19,15,6,,0,0.0,R4_delayed_rug_pull,9,0,0.4,8,low,False,5,8,R4_delayed_rug_pull_low_seed03,3,True,8,0
naive,False,2,C1_vukzero_accountability,"collusive_endorsement_cluster,rug_pull_or_reward_redirect,misleading_donation_claim",True,17,13,4,,0,0.0,R4_delayed_rug_pull,16,0,0.4,8,low,True,3,6,R4_delayed_rug_pull_low_seed03,3,True,8,0
naive,False,2,B2_signed_nopattern,"rug_pull_or_reward_redirect,misleading_donation_claim",True,19,15,6,,0,0.0,R4_delayed_rug_pull,9,0,0.4,8,low,False,5,8,R4_delayed_rug_pull_low_seed03,3,True,9,0
naive,False,2,C1_vukzero_accountability,"collusive_endorsement_cluster,rug_pull_or_reward_redirect,misleading_donation_claim",True,17,13,4,,0,0.0,R4_delayed_rug_pull,16,0,0.4,8,low,True,3,6,R4_delayed_rug_pull_low_seed03,3,True,9,0
naive,True,2,B2_signed_nopattern,"rug_pull_or_reward_redirect,misleading_donation_claim",False,,,6,,0,0.0,R4_delayed_rug_pull,9,0,0.4,8,low,False,5,8,R4_delayed_rug_pull_low_seed03,3,True,10,0
naive,False,2,C1_vukzero_accountability,"collusive_endorsement_cluster,rug_pull_or_reward_redirect,misleading_donation_claim",True,17,13,4,,0,0.0,R4_delayed_rug_pull,16,0,0.4,8,low,True,3,6,R4_delayed_rug_pull_low_seed03,3,True,10,0
naive,False,2,B2_signed_nopattern,"rug_pull_or_reward_redirect,misleading_donation_claim",True,17,13,4,,0,0.0,R4_delayed_rug_pull,9,0,0.4,8,low,False,3,6,R4_delayed_rug_pull_low_seed04,4,True,1,0
naive,False,2,C1_vukzero_accountability,"collusive_endorsement_cluster,rug_pull_or_reward_redirect,misleading_donation_claim",True,15,8,2,,0,0.0,R4_delayed_rug_pull,16,0,0.4,8,low,True,1,1,R4_delayed_rug_pull_low_seed04,4,True,1,0
naive,False,2,B2_signed_nopattern,"rug_pull_or_reward_redirect,misleading_donation_claim",True,17,13,4,,0,0.0,R4_delayed_rug_pull,9,0,0.4,8,low,False,3,6,R4_delayed_rug_pull_low_seed04,4,True,2,0
naive,False,2,C1_vukzero_accountability,"collusive_endorsement_cluster,rug_pull_or_reward_redirect,misleading_donation_claim",True,15,8,2,,0,0.0,R4_delayed_rug_pull,16,0,0.4,8,low,True,1,1,R4_delayed_rug_pull_low_seed04,4,True,2,0
naive,False,2,B2_signed_nopattern,"rug_pull_or_reward_redirect,misleading_donation_claim",True,17,13,4,,0,0.0,R4_delayed_rug_pull,9,0,0.4,8,low,False,3,6,R4_delayed_rug_pull_low_seed04,4,True,3,0
naive,False,2,C1_vukzero_accountability,"collusive_endorsement_cluster,rug_pull_or_reward_redirect,misleading_donation_claim",True,16,12,3,,0,0.0,R4_delayed_rug_pull,16,0,0.4,8,low,True,2,5,R4_delayed_rug_pull_low_seed04,4,True,3,0
naive,False,2,B2_signed_nopattern,"rug_pull_or_reward_redirect,misleading_donation_claim",True,17,13,4,,0,0.0,R4_delayed_rug_pull,9,0,0.4,8,low,False,3,6,R4_delayed_rug_pull_low_seed04,4,True,4,0
naive,False,2,C1_vukzero_accountability,"collusive_endorsement_cluster,rug_pull_or_reward_redirect,misleading_donation_claim",True,16,12,3,,0,0.0,R4_delayed_rug_pull,16,0,0.4,8,low,True,2,5,R4_delayed_rug_pull_low_seed04,4,True,4,0
naive,False,2,B2_signed_nopattern,"rug_pull_or_reward_redirect,misleading_donation_claim",True,17,13,4,,0,0.0,R4_delayed_rug_pull,9,0,0.4,8,low,False,3,6,R4_delayed_rug_pull_low_seed04,4,True,5,0
naive,False,2,C1_vukzero_accountability,"collusive_endorsement_cluster,rug_pull_or_reward_redirect,misleading_donation_claim",True,16,12,3,,0,0.0,R4_delayed_rug_pull,16,0,0.4,8,low,True,2,5,R4_delayed_rug_pull_low_seed04,4,True,5,0
naive,False,2,B2_signed_nopattern,"rug_pull_or_reward_redirect,misleading_donation_claim",True,18,14,5,,0,0.0,R4_delayed_rug_pull,9,0,0.4,8,low,False,4,7,R4_delayed_rug_pull_low_seed04,4,True,6,0
naive,False,2,C1_vukzero_accountability,"collusive_endorsement_cluster,rug_pull_or_reward_redirect,misleading_donation_claim",True,16,12,3,,0,0.0,R4_delayed_rug_pull,16,0,0.4,8,low,True,2,5,R4_delayed_rug_pull_low_seed04,4,True,6,0
naive,False,2,B2_signed_nopattern,"rug_pull_or_reward_redirect,misleading_donation_claim",True,18,14,5,,0,0.0,R4_delayed_rug_pull,9,0,0.4,8,low,False,4,7,R4_delayed_rug_pull_low_seed04,4,True,7,0
naive,False,2,C1_vukzero_accountability,"collusive_endorsement_cluster,rug_pull_or_reward_redirect,misleading_donation_claim",True,16,12,3,,0,0.0,R4_delayed_rug_pull,16,0,0.4,8,low,True,2,5,R4_delayed_rug_pull_low_seed04,4,True,7,0
naive,False,2,B2_signed_nopattern,"rug_pull_or_reward_redirect,misleading_donation_claim",True,19,15,6,,0,0.0,R4_delayed_rug_pull,9,0,0.4,8,low,False,5,8,R4_delayed_rug_pull_low_seed04,4,True,8,0
naive,False,2,C1_vukzero_accountability,"collusive_endorsement_cluster,rug_pull_or_reward_redirect,misleading_donation_claim",True,17,13,4,,0,0.0,R4_delayed_rug_pull,16,0,0.4,8,low,True,3,6,R4_delayed_rug_pull_low_seed04,4,True,8,0
naive,False,2,B2_signed_nopattern,"rug_pull_or_reward_redirect,misleading_donation_claim",True,19,15,6,,0,0.0,R4_delayed_rug_pull,9,0,0.4,8,low,False,5,8,R4_delayed_rug_pull_low_seed04,4,True,9,0
naive,False,2,C1_vukzero_accountability,"collusive_endorsement_cluster,rug_pull_or_reward_redirect,misleading_donation_claim",True,17,13,4,,0,0.0,R4_delayed_rug_pull,16,0,0.4,8,low,True,3,6,R4_delayed_rug_pull_low_seed04,4,True,9,0
naive,True,2,B2_signed_nopattern,"rug_pull_or_reward_redirect,misleading_donation_claim",False,,,6,,0,0.0,R4_delayed_rug_pull,9,0,0.4,8,low,False,5,8,R4_delayed_rug_pull_low_seed04,4,True,10,0
naive,False,2,C1_vukzero_accountability,"collusive_endorsement_cluster,rug_pull_or_reward_redirect,misleading_donation_claim",True,17,13,4,,0,0.0,R4_delayed_rug_pull,16,0,0.4,8,low,True,3,6,R4_delayed_rug_pull_low_seed04,4,True,10,0
naive,False,2,B2_signed_nopattern,"rug_pull_or_reward_redirect,misleading_donation_claim",True,17,13,4,,0,0.0,R4_delayed_rug_pull,9,0,0.4,8,low,False,3,6,R4_delayed_rug_pull_low_seed05,5,True,1,0
naive,False,2,C1_vukzero_accountability,"collusive_endorsement_cluster,rug_pull_or_reward_redirect,misleading_donation_claim",True,15,8,2,,0,0.0,R4_delayed_rug_pull,16,0,0.4,8,low,True,1,1,R4_delayed_rug_pull_low_seed05,5,True,1,0
naive,False,2,B2_signed_nopattern,"rug_pull_or_reward_redirect,misleading_donation_claim",True,17,13,4,,0,0.0,R4_delayed_rug_pull,9,0,0.4,8,low,False,3,6,R4_delayed_rug_pull_low_seed05,5,True,2,0
naive,False,2,C1_vukzero_accountability,"collusive_endorsement_cluster,rug_pull_or_reward_redirect,misleading_donation_claim",True,15,8,2,,0,0.0,R4_delayed_rug_pull,16,0,0.4,8,low,True,1,1,R4_delayed_rug_pull_low_seed05,5,True,2,0
naive,False,2,B2_signed_nopattern,"rug_pull_or_reward_redirect,misleading_donation_claim",True,17,13,4,,0,0.0,R4_delayed_rug_pull,9,0,0.4,8,low,False,3,6,R4_delayed_rug_pull_low_seed05,5,True,3,0
naive,False,2,C1_vukzero_accountability,"collusive_endorsement_cluster,rug_pull_or_reward_redirect,misleading_donation_claim",True,16,12,3,,0,0.0,R4_delayed_rug_pull,16,0,0.4,8,low,True,2,5,R4_delayed_rug_pull_low_seed05,5,True,3,0
naive,False,2,B2_signed_nopattern,"rug_pull_or_reward_redirect,misleading_donation_claim",True,17,13,4,,0,0.0,R4_delayed_rug_pull,9,0,0.4,8,low,False,3,6,R4_delayed_rug_pull_low_seed05,5,True,4,0
naive,False,2,C1_vukzero_accountability,"collusive_endorsement_cluster,rug_pull_or_reward_redirect,misleading_donation_claim",True,16,12,3,,0,0.0,R4_delayed_rug_pull,16,0,0.4,8,low,True,2,5,R4_delayed_rug_pull_low_seed05,5,True,4,0
naive,False,2,B2_signed_nopattern,"rug_pull_or_reward_redirect,misleading_donation_claim",True,17,13,4,,0,0.0,R4_delayed_rug_pull,9,0,0.4,8,low,False,3,6,R4_delayed_rug_pull_low_seed05,5,True,5,0
naive,False,2,C1_vukzero_accountability,"collusive_endorsement_cluster,rug_pull_or_reward_redirect,misleading_donation_claim",True,16,12,3,,0,0.0,R4_delayed_rug_pull,16,0,0.4,8,low,True,2,5,R4_delayed_rug_pull_low_seed05,5,True,5,0
naive,False,2,B2_signed_nopattern,"rug_pull_or_reward_redirect,misleading_donation_claim",True,18,14,5,,0,0.0,R4_delayed_rug_pull,9,0,0.4,8,low,False,4,7,R4_delayed_rug_pull_low_seed05,5,True,6,0
naive,False,2,C1_vukzero_accountability,"collusive_endorsement_cluster,rug_pull_or_reward_redirect,misleading_donation_claim",True,16,12,3,,0,0.0,R4_delayed_rug_pull,16,0,0.4,8,low,True,2,5,R4_delayed_rug_pull_low_seed05,5,True,6,0
naive,False,2,B2_signed_nopattern,"rug_pull_or_reward_redirect,misleading_donation_claim",True,18,14,5,,0,0.0,R4_delayed_rug_pull,9,0,0.4,8,low,False,4,7,R4_delayed_rug_pull_low_seed05,5,True,7,0
naive,False,2,C1_vukzero_accountability,"collusive_endorsement_cluster,rug_pull_or_reward_redirect,misleading_donation_claim",True,16,12,3,,0,0.0,R4_delayed_rug_pull,16,0,0.4,8,low,True,2,5,R4_delayed_rug_pull_low_seed05,5,True,7,0
naive,False,2,B2_signed_nopattern,"rug_pull_or_reward_redirect,misleading_donation_claim",True,19,15,6,,0,0.0,R4_delayed_rug_pull,9,0,0.4,8,low,False,5,8,R4_delayed_rug_pull_low_seed05,5,True,8,0
naive,False,2,C1_vukzero_accountability,"collusive_endorsement_cluster,rug_pull_or_reward_redirect,misleading_donation_claim",True,17,13,4,,0,0.0,R4_delayed_rug_pull,16,0,0.4,8,low,True,3,6,R4_delayed_rug_pull_low_seed05,5,True,8,0
naive,False,2,B2_signed_nopattern,"rug_pull_or_reward_redirect,misleading_donation_claim",True,19,15,6,,0,0.0,R4_delayed_rug_pull,9,0,0.4,8,low,False,5,8,R4_delayed_rug_pull_low_seed05,5,True,9,0
naive,False,2,C1_vukzero_accountability,"collusive_endorsement_cluster,rug_pull_or_reward_redirect,misleading_donation_claim",True,17,13,4,,0,0.0,R4_delayed_rug_pull,16,0,0.4,8,low,True,3,6,R4_delayed_rug_pull_low_seed05,5,True,9,0
naive,True,2,B2_signed_nopattern,"rug_pull_or_reward_redirect,misleading_donation_claim",False,,,6,,0,0.0,R4_delayed_rug_pull,9,0,0.4,8,low,False,5,8,R4_delayed_rug_pull_low_seed05,5,True,10,0
naive,False,2,C1_vukzero_accountability,"collusive_endorsement_cluster,rug_pull_or_reward_redirect,misleading_donation_claim",True,17,13,4,,0,0.0,R4_delayed_rug_pull,16,0,0.4,8,low,True,3,6,R4_delayed_rug_pull_low_seed05,5,True,10,0
naive,False,4,B2_signed_nopattern,"rug_pull_or_reward_redirect,misleading_donation_claim",True,20,13,6,,0,0.0,R4_delayed_rug_pull,9,0,0.8,8,medium,False,5,5,R4_delayed_rug_pull_medium_seed01,1,True,1,0
naive,False,2,C1_vukzero_accountability,"collusive_endorsement_cluster,rug_pull_or_reward_redirect,misleading_donation_claim",True,16,9,2,,0,0.0,R4_delayed_rug_pull,20,0,0.4,8,medium,True,1,1,R4_delayed_rug_pull_medium_seed01,1,True,1,0
naive,False,4,B2_signed_nopattern,"rug_pull_or_reward_redirect,misleading_donation_claim",True,20,13,6,,0,0.0,R4_delayed_rug_pull,9,0,0.8,8,medium,False,5,5,R4_delayed_rug_pull_medium_seed01,1,True,2,0
naive,False,3,C1_vukzero_accountability,"collusive_endorsement_cluster,rug_pull_or_reward_redirect,misleading_donation_claim",True,16,9,2,,0,0.0,R4_delayed_rug_pull,20,0,0.4,8,medium,True,1,1,R4_delayed_rug_pull_medium_seed01,1,True,2,0
naive,False,4,B2_signed_nopattern,"rug_pull_or_reward_redirect,misleading_donation_claim",True,20,13,6,,0,0.0,R4_delayed_rug_pull,9,0,0.8,8,medium,False,5,5,R4_delayed_rug_pull_medium_seed01,1,True,3,0
naive,False,4,C1_vukzero_accountability,"collusive_endorsement_cluster,rug_pull_or_reward_redirect,misleading_donation_claim",True,17,10,3,,0,0.0,R4_delayed_rug_pull,20,0,0.6000000000000001,8,medium,True,2,2,R4_delayed_rug_pull_medium_seed01,1,True,3,0
naive,False,4,B2_signed_nopattern,"rug_pull_or_reward_redirect,misleading_donation_claim",True,20,13,6,,0,0.0,R4_delayed_rug_pull,9,0,0.8,8,medium,False,5,5,R4_delayed_rug_pull_medium_seed01,1,True,4,0
naive,False,4,C1_vukzero_accountability,"collusive_endorsement_cluster,rug_pull_or_reward_redirect,misleading_donation_claim",True,17,10,3,,0,0.0,R4_delayed_rug_pull,20,0,0.6000000000000001,8,medium,True,2,2,R4_delayed_rug_pull_medium_seed01,1,True,4,0
naive,False,4,B2_signed_nopattern,"rug_pull_or_reward_redirect,misleading_donation_claim",True,20,13,6,,0,0.0,R4_delayed_rug_pull,9,0,0.8,8,medium,False,5,5,R4_delayed_rug_pull_medium_seed01,1,True,5,0
naive,False,4,C1_vukzero_accountability,"collusive_endorsement_cluster,rug_pull_or_reward_redirect,misleading_donation_claim",True,18,11,4,,0,0.0,R4_delayed_rug_pull,20,0,0.8,8,medium,True,3,3,R4_delayed_rug_pull_medium_seed01,1,True,5,0
naive,False,4,B2_signed_nopattern,"rug_pull_or_reward_redirect,misleading_donation_claim",True,21,14,7,,0,0.0,R4_delayed_rug_pull,9,0,0.8,8,medium,False,6,6,R4_delayed_rug_pull_medium_seed01,1,True,6,0
naive,False,4,C1_vukzero_accountability,"collusive_endorsement_cluster,rug_pull_or_reward_redirect,misleading_donation_claim",True,18,11,4,,0,0.0,R4_delayed_rug_pull,20,0,0.8,8,medium,True,3,3,R4_delayed_rug_pull_medium_seed01,1,True,6,0
naive,False,4,B2_signed_nopattern,"rug_pull_or_reward_redirect,misleading_donation_claim",True,21,14,7,,0,0.0,R4_delayed_rug_pull,9,0,0.8,8,medium,False,6,6,R4_delayed_rug_pull_medium_seed01,1,True,7,0
naive,False,4,C1_vukzero_accountability,"collusive_endorsement_cluster,rug_pull_or_reward_redirect,misleading_donation_claim",True,19,12,5,,0,0.0,R4_delayed_rug_pull,20,0,0.8,8,medium,True,4,4,R4_delayed_rug_pull_medium_seed01,1,True,7,0
naive,False,4,B2_signed_nopattern,"rug_pull_or_reward_redirect,misleading_donation_claim",True,22,15,8,,0,0.0,R4_delayed_rug_pull,9,0,0.8,8,medium,False,7,7,R4_delayed_rug_pull_medium_seed01,1,True,8,0
naive,False,4,C1_vukzero_accountability,"collusive_endorsement_cluster,rug_pull_or_reward_redirect,misleading_donation_claim",True,19,12,5,,0,0.0,R4_delayed_rug_pull,20,0,0.8,8,medium,True,4,4,R4_delayed_rug_pull_medium_seed01,1,True,8,0
naive,False,4,B2_signed_nopattern,"rug_pull_or_reward_redirect,misleading_donation_claim",True,22,15,8,,0,0.0,R4_delayed_rug_pull,9,0,0.8,8,medium,False,7,7,R4_delayed_rug_pull_medium_seed01,1,True,9,0
naive,False,4,C1_vukzero_accountability,"collusive_endorsement_cluster,rug_pull_or_reward_redirect,misleading_donation_claim",True,19,12,5,,0,0.0,R4_delayed_rug_pull,20,0,0.8,8,medium,True,4,4,R4_delayed_rug_pull_medium_seed01,1,True,9,0
naive,True,4,B2_signed_nopattern,"rug_pull_or_reward_redirect,misleading_donation_claim",False,,,8,,0,0.0,R4_delayed_rug_pull,9,0,0.8,8,medium,False,7,7,R4_delayed_rug_pull_medium_seed01,1,True,10,0
naive,False,4,C1_vukzero_accountability,"collusive_endorsement_cluster,rug_pull_or_reward_redirect,misleading_donation_claim",True,19,12,5,,0,0.0,R4_delayed_rug_pull,20,0,0.8,8,medium,True,4,4,R4_delayed_rug_pull_medium_seed01,1,True,10,0
naive,False,4,B2_signed_nopattern,"rug_pull_or_reward_redirect,misleading_donation_claim",True,20,13,6,,0,0.0,R4_delayed_rug_pull,9,0,0.8,8,medium,False,5,5,R4_delayed_rug_pull_medium_seed02,2,True,1,0
naive,False,2,C1_vukzero_accountability,"collusive_endorsement_cluster,rug_pull_or_reward_redirect,misleading_donation_claim",True,16,9,2,,0,0.0,R4_delayed_rug_pull,20,0,0.4,8,medium,True,1,1,R4_delayed_rug_pull_medium_seed02,2,True,1,0
naive,False,4,B2_signed_nopattern,"rug_pull_or_reward_redirect,misleading_donation_claim",True,20,13,6,,0,0.0,R4_delayed_rug_pull,9,0,0.8,8,medium,False,5,5,R4_delayed_rug_pull_medium_seed02,2,True,2,0
naive,False,3,C1_vukzero_accountability,"collusive_endorsement_cluster,rug_pull_or_reward_redirect,misleading_donation_claim",True,16,9,2,,0,0.0,R4_delayed_rug_pull,20,0,0.4,8,medium,True,1,1,R4_delayed_rug_pull_medium_seed02,2,True,2,0
naive,False,4,B2_signed_nopattern,"rug_pull_or_reward_redirect,misleading_donation_claim",True,20,13,6,,0,0.0,R4_delayed_rug_pull,9,0,0.8,8,medium,False,5,5,R4_delayed_rug_pull_medium_seed02,2,True,3,0
naive,False,4,C1_vukzero_accountability,"collusive_endorsement_cluster,rug_pull_or_reward_redirect,misleading_donation_claim",True,17,10,3,,0,0.0,R4_delayed_rug_pull,20,0,0.6000000000000001,8,medium,True,2,2,R4_delayed_rug_pull_medium_seed02,2,True,3,0
naive,False,4,B2_signed_nopattern,"rug_pull_or_reward_redirect,misleading_donation_claim",True,20,13,6,,0,0.0,R4_delayed_rug_pull,9,0,0.8,8,medium,False,5,5,R4_delayed_rug_pull_medium_seed02,2,True,4,0
naive,False,4,C1_vukzero_accountability,"collusive_endorsement_cluster,rug_pull_or_reward_redirect,misleading_donation_claim",True,17,10,3,,0,0.0,R4_delayed_rug_pull,20,0,0.6000000000000001,8,medium,True,2,2,R4_delayed_rug_pull_medium_seed02,2,True,4,0
naive,False,4,B2_signed_nopattern,"rug_pull_or_reward_redirect,misleading_donation_claim",True,20,13,6,,0,0.0,R4_delayed_rug_pull,9,0,0.8,8,medium,False,5,5,R4_delayed_rug_pull_medium_seed02,2,True,5,0
naive,False,4,C1_vukzero_accountability,"collusive_endorsement_cluster,rug_pull_or_reward_redirect,misleading_donation_claim",True,18,11,4,,0,0.0,R4_delayed_rug_pull,20,0,0.8,8,medium,True,3,3,R4_delayed_rug_pull_medium_seed02,2,True,5,0
naive,False,4,B2_signed_nopattern,"rug_pull_or_reward_redirect,misleading_donation_claim",True,21,14,7,,0,0.0,R4_delayed_rug_pull,9,0,0.8,8,medium,False,6,6,R4_delayed_rug_pull_medium_seed02,2,True,6,0
naive,False,4,C1_vukzero_accountability,"collusive_endorsement_cluster,rug_pull_or_reward_redirect,misleading_donation_claim",True,18,11,4,,0,0.0,R4_delayed_rug_pull,20,0,0.8,8,medium,True,3,3,R4_delayed_rug_pull_medium_seed02,2,True,6,0
naive,False,4,B2_signed_nopattern,"rug_pull_or_reward_redirect,misleading_donation_claim",True,21,14,7,,0,0.0,R4_delayed_rug_pull,9,0,0.8,8,medium,False,6,6,R4_delayed_rug_pull_medium_seed02,2,True,7,0
naive,False,4,C1_vukzero_accountability,"collusive_endorsement_cluster,rug_pull_or_reward_redirect,misleading_donation_claim",True,19,12,5,,0,0.0,R4_delayed_rug_pull,20,0,0.8,8,medium,True,4,4,R4_delayed_rug_pull_medium_seed02,2,True,7,0
naive,False,4,B2_signed_nopattern,"rug_pull_or_reward_redirect,misleading_donation_claim",True,22,15,8,,0,0.0,R4_delayed_rug_pull,9,0,0.8,8,medium,False,7,7,R4_delayed_rug_pull_medium_seed02,2,True,8,0
naive,False,4,C1_vukzero_accountability,"collusive_endorsement_cluster,rug_pull_or_reward_redirect,misleading_donation_claim",True,19,12,5,,0,0.0,R4_delayed_rug_pull,20,0,0.8,8,medium,True,4,4,R4_delayed_rug_pull_medium_seed02,2,True,8,0
naive,False,4,B2_signed_nopattern,"rug_pull_or_reward_redirect,misleading_donation_claim",True,22,15,8,,0,0.0,R4_delayed_rug_pull,9,0,0.8,8,medium,False,7,7,R4_delayed_rug_pull_medium_seed02,2,True,9,0
naive,False,4,C1_vukzero_accountability,"collusive_endorsement_cluster,rug_pull_or_reward_redirect,misleading_donation_claim",True,19,12,5,,0,0.0,R4_delayed_rug_pull,20,0,0.8,8,medium,True,4,4,R4_delayed_rug_pull_medium_seed02,2,True,9,0
naive,True,4,B2_signed_nopattern,"rug_pull_or_reward_redirect,misleading_donation_claim",False,,,8,,0,0.0,R4_delayed_rug_pull,9,0,0.8,8,medium,False,7,7,R4_delayed_rug_pull_medium_seed02,2,True,10,0
naive,False,4,C1_vukzero_accountability,"collusive_endorsement_cluster,rug_pull_or_reward_redirect,misleading_donation_claim",True,19,12,5,,0,0.0,R4_delayed_rug_pull,20,0,0.8,8,medium,True,4,4,R4_delayed_rug_pull_medium_seed02,2,True,10,0
naive,False,4,B2_signed_nopattern,"rug_pull_or_reward_redirect,misleading_donation_claim",True,20,13,6,,0,0.0,R4_delayed_rug_pull,9,0,0.8,8,medium,False,5,5,R4_delayed_rug_pull_medium_seed03,3,True,1,0
naive,False,2,C1_vukzero_accountability,"collusive_endorsement_cluster,rug_pull_or_reward_redirect,misleading_donation_claim",True,16,9,2,,0,0.0,R4_delayed_rug_pull,20,0,0.4,8,medium,True,1,1,R4_delayed_rug_pull_medium_seed03,3,True,1,0
naive,False,4,B2_signed_nopattern,"rug_pull_or_reward_redirect,misleading_donation_claim",True,20,13,6,,0,0.0,R4_delayed_rug_pull,9,0,0.8,8,medium,False,5,5,R4_delayed_rug_pull_medium_seed03,3,True,2,0
naive,False,3,C1_vukzero_accountability,"collusive_endorsement_cluster,rug_pull_or_reward_redirect,misleading_donation_claim",True,16,9,2,,0,0.0,R4_delayed_rug_pull,20,0,0.4,8,medium,True,1,1,R4_delayed_rug_pull_medium_seed03,3,True,2,0
naive,False,4,B2_signed_nopattern,"rug_pull_or_reward_redirect,misleading_donation_claim",True,20,13,6,,0,0.0,R4_delayed_rug_pull,9,0,0.8,8,medium,False,5,5,R4_delayed_rug_pull_medium_seed03,3,True,3,0
naive,False,4,C1_vukzero_accountability,"collusive_endorsement_cluster,rug_pull_or_reward_redirect,misleading_donation_claim",True,17,10,3,,0,0.0,R4_delayed_rug_pull,20,0,0.6000000000000001,8,medium,True,2,2,R4_delayed_rug_pull_medium_seed03,3,True,3,0
naive,False,4,B2_signed_nopattern,"rug_pull_or_reward_redirect,misleading_donation_claim",True,20,13,6,,0,0.0,R4_delayed_rug_pull,9,0,0.8,8,medium,False,5,5,R4_delayed_rug_pull_medium_seed03,3,True,4,0
naive,False,4,C1_vukzero_accountability,"collusive_endorsement_cluster,rug_pull_or_reward_redirect,misleading_donation_claim",True,17,10,3,,0,0.0,R4_delayed_rug_pull,20,0,0.6000000000000001,8,medium,True,2,2,R4_delayed_rug_pull_medium_seed03,3,True,4,0
naive,False,4,B2_signed_nopattern,"rug_pull_or_reward_redirect,misleading_donation_claim",True,20,13,6,,0,0.0,R4_delayed_rug_pull,9,0,0.8,8,medium,False,5,5,R4_delayed_rug_pull_medium_seed03,3,True,5,0
naive,False,4,C1_vukzero_accountability,"collusive_endorsement_cluster,rug_pull_or_reward_redirect,misleading_donation_claim",True,18,11,4,,0,0.0,R4_delayed_rug_pull,20,0,0.8,8,medium,True,3,3,R4_delayed_rug_pull_medium_seed03,3,True,5,0
naive,False,4,B2_signed_nopattern,"rug_pull_or_reward_redirect,misleading_donation_claim",True,21,14,7,,0,0.0,R4_delayed_rug_pull,9,0,0.8,8,medium,False,6,6,R4_delayed_rug_pull_medium_seed03,3,True,6,0
naive,False,4,C1_vukzero_accountability,"collusive_endorsement_cluster,rug_pull_or_reward_redirect,misleading_donation_claim",True,18,11,4,,0,0.0,R4_delayed_rug_pull,20,0,0.8,8,medium,True,3,3,R4_delayed_rug_pull_medium_seed03,3,True,6,0
naive,False,4,B2_signed_nopattern,"rug_pull_or_reward_redirect,misleading_donation_claim",True,21,14,7,,0,0.0,R4_delayed_rug_pull,9,0,0.8,8,medium,False,6,6,R4_delayed_rug_pull_medium_seed03,3,True,7,0
naive,False,4,C1_vukzero_accountability,"collusive_endorsement_cluster,rug_pull_or_reward_redirect,misleading_donation_claim",True,19,12,5,,0,0.0,R4_delayed_rug_pull,20,0,0.8,8,medium,True,4,4,R4_delayed_rug_pull_medium_seed03,3,True,7,0
naive,False,4,B2_signed_nopattern,"rug_pull_or_reward_redirect,misleading_donation_claim",True,22,15,8,,0,0.0,R4_delayed_rug_pull,9,0,0.8,8,medium,False,7,7,R4_delayed_rug_pull_medium_seed03,3,True,8,0
naive,False,4,C1_vukzero_accountability,"collusive_endorsement_cluster,rug_pull_or_reward_redirect,misleading_donation_claim",True,19,12,5,,0,0.0,R4_delayed_rug_pull,20,0,0.8,8,medium,True,4,4,R4_delayed_rug_pull_medium_seed03,3,True,8,0
naive,False,4,B2_signed_nopattern,"rug_pull_or_reward_redirect,misleading_donation_claim",True,22,15,8,,0,0.0,R4_delayed_rug_pull,9,0,0.8,8,medium,False,7,7,R4_delayed_rug_pull_medium_seed03,3,True,9,0
naive,False,4,C1_vukzero_accountability,"collusive_endorsement_cluster,rug_pull_or_reward_redirect,misleading_donation_claim",True,19,12,5,,0,0.0,R4_delayed_rug_pull,20,0,0.8,8,medium,True,4,4,R4_delayed_rug_pull_medium_seed03,3,True,9,0
naive,True,4,B2_signed_nopattern,"rug_pull_or_reward_redirect,misleading_donation_claim",False,,,8,,0,0.0,R4_delayed_rug_pull,9,0,0.8,8,medium,False,7,7,R4_delayed_rug_pull_medium_seed03,3,True,10,0
naive,False,4,C1_vukzero_accountability,"collusive_endorsement_cluster,rug_pull_or_reward_redirect,misleading_donation_claim",True,19,12,5,,0,0.0,R4_delayed_rug_pull,20,0,0.8,8,medium,True,4,4,R4_delayed_rug_pull_medium_seed03,3,True,10,0
naive,False,4,B2_signed_nopattern,"rug_pull_or_reward_redirect,misleading_donation_claim",True,20,13,6,,0,0.0,R4_delayed_rug_pull,9,0,0.8,8,medium,False,5,5,R4_delayed_rug_pull_medium_seed04,4,True,1,0
naive,False,2,C1_vukzero_accountability,"collusive_endorsement_cluster,rug_pull_or_reward_redirect,misleading_donation_claim",True,16,9,2,,0,0.0,R4_delayed_rug_pull,20,0,0.4,8,medium,True,1,1,R4_delayed_rug_pull_medium_seed04,4,True,1,0
naive,False,4,B2_signed_nopattern,"rug_pull_or_reward_redirect,misleading_donation_claim",True,20,13,6,,0,0.0,R4_delayed_rug_pull,9,0,0.8,8,medium,False,5,5,R4_delayed_rug_pull_medium_seed04,4,True,2,0
naive,False,3,C1_vukzero_accountability,"collusive_endorsement_cluster,rug_pull_or_reward_redirect,misleading_donation_claim",True,16,9,2,,0,0.0,R4_delayed_rug_pull,20,0,0.4,8,medium,True,1,1,R4_delayed_rug_pull_medium_seed04,4,True,2,0
naive,False,4,B2_signed_nopattern,"rug_pull_or_reward_redirect,misleading_donation_claim",True,20,13,6,,0,0.0,R4_delayed_rug_pull,9,0,0.8,8,medium,False,5,5,R4_delayed_rug_pull_medium_seed04,4,True,3,0
naive,False,4,C1_vukzero_accountability,"collusive_endorsement_cluster,rug_pull_or_reward_redirect,misleading_donation_claim",True,17,10,3,,0,0.0,R4_delayed_rug_pull,20,0,0.6000000000000001,8,medium,True,2,2,R4_delayed_rug_pull_medium_seed04,4,True,3,0
naive,False,4,B2_signed_nopattern,"rug_pull_or_reward_redirect,misleading_donation_claim",True,20,13,6,,0,0.0,R4_delayed_rug_pull,9,0,0.8,8,medium,False,5,5,R4_delayed_rug_pull_medium_seed04,4,True,4,0
naive,False,4,C1_vukzero_accountability,"collusive_endorsement_cluster,rug_pull_or_reward_redirect,misleading_donation_claim",True,17,10,3,,0,0.0,R4_delayed_rug_pull,20,0,0.6000000000000001,8,medium,True,2,2,R4_delayed_rug_pull_medium_seed04,4,True,4,0
naive,False,4,B2_signed_nopattern,"rug_pull_or_reward_redirect,misleading_donation_claim",True,20,13,6,,0,0.0,R4_delayed_rug_pull,9,0,0.8,8,medium,False,5,5,R4_delayed_rug_pull_medium_seed04,4,True,5,0
naive,False,4,C1_vukzero_accountability,"collusive_endorsement_cluster,rug_pull_or_reward_redirect,misleading_donation_claim",True,18,11,4,,0,0.0,R4_delayed_rug_pull,20,0,0.8,8,medium,True,3,3,R4_delayed_rug_pull_medium_seed04,4,True,5,0
naive,False,4,B2_signed_nopattern,"rug_pull_or_reward_redirect,misleading_donation_claim",True,21,14,7,,0,0.0,R4_delayed_rug_pull,9,0,0.8,8,medium,False,6,6,R4_delayed_rug_pull_medium_seed04,4,True,6,0
naive,False,4,C1_vukzero_accountability,"collusive_endorsement_cluster,rug_pull_or_reward_redirect,misleading_donation_claim",True,18,11,4,,0,0.0,R4_delayed_rug_pull,20,0,0.8,8,medium,True,3,3,R4_delayed_rug_pull_medium_seed04,4,True,6,0
naive,False,4,B2_signed_nopattern,"rug_pull_or_reward_redirect,misleading_donation_claim",True,21,14,7,,0,0.0,R4_delayed_rug_pull,9,0,0.8,8,medium,False,6,6,R4_delayed_rug_pull_medium_seed04,4,True,7,0
naive,False,4,C1_vukzero_accountability,"collusive_endorsement_cluster,rug_pull_or_reward_redirect,misleading_donation_claim",True,19,12,5,,0,0.0,R4_delayed_rug_pull,20,0,0.8,8,medium,True,4,4,R4_delayed_rug_pull_medium_seed04,4,True,7,0
naive,False,4,B2_signed_nopattern,"rug_pull_or_reward_redirect,misleading_donation_claim",True,22,15,8,,0,0.0,R4_delayed_rug_pull,9,0,0.8,8,medium,False,7,7,R4_delayed_rug_pull_medium_seed04,4,True,8,0
naive,False,4,C1_vukzero_accountability,"collusive_endorsement_cluster,rug_pull_or_reward_redirect,misleading_donation_claim",True,19,12,5,,0,0.0,R4_delayed_rug_pull,20,0,0.8,8,medium,True,4,4,R4_delayed_rug_pull_medium_seed04,4,True,8,0
naive,False,4,B2_signed_nopattern,"rug_pull_or_reward_redirect,misleading_donation_claim",True,22,15,8,,0,0.0,R4_delayed_rug_pull,9,0,0.8,8,medium,False,7,7,R4_delayed_rug_pull_medium_seed04,4,True,9,0
naive,False,4,C1_vukzero_accountability,"collusive_endorsement_cluster,rug_pull_or_reward_redirect,misleading_donation_claim",True,19,12,5,,0,0.0,R4_delayed_rug_pull,20,0,0.8,8,medium,True,4,4,R4_delayed_rug_pull_medium_seed04,4,True,9,0
naive,True,4,B2_signed_nopattern,"rug_pull_or_reward_redirect,misleading_donation_claim",False,,,8,,0,0.0,R4_delayed_rug_pull,9,0,0.8,8,medium,False,7,7,R4_delayed_rug_pull_medium_seed04,4,True,10,0
naive,False,4,C1_vukzero_accountability,"collusive_endorsement_cluster,rug_pull_or_reward_redirect,misleading_donation_claim",True,19,12,5,,0,0.0,R4_delayed_rug_pull,20,0,0.8,8,medium,True,4,4,R4_delayed_rug_pull_medium_seed04,4,True,10,0
naive,False,4,B2_signed_nopattern,"rug_pull_or_reward_redirect,misleading_donation_claim",True,20,13,6,,0,0.0,R4_delayed_rug_pull,9,0,0.8,8,medium,False,5,5,R4_delayed_rug_pull_medium_seed05,5,True,1,0
naive,False,2,C1_vukzero_accountability,"collusive_endorsement_cluster,rug_pull_or_reward_redirect,misleading_donation_claim",True,16,9,2,,0,0.0,R4_delayed_rug_pull,20,0,0.4,8,medium,True,1,1,R4_delayed_rug_pull_medium_seed05,5,True,1,0
naive,False,4,B2_signed_nopattern,"rug_pull_or_reward_redirect,misleading_donation_claim",True,20,13,6,,0,0.0,R4_delayed_rug_pull,9,0,0.8,8,medium,False,5,5,R4_delayed_rug_pull_medium_seed05,5,True,2,0
naive,False,3,C1_vukzero_accountability,"collusive_endorsement_cluster,rug_pull_or_reward_redirect,misleading_donation_claim",True,16,9,2,,0,0.0,R4_delayed_rug_pull,20,0,0.4,8,medium,True,1,1,R4_delayed_rug_pull_medium_seed05,5,True,2,0
naive,False,4,B2_signed_nopattern,"rug_pull_or_reward_redirect,misleading_donation_claim",True,20,13,6,,0,0.0,R4_delayed_rug_pull,9,0,0.8,8,medium,False,5,5,R4_delayed_rug_pull_medium_seed05,5,True,3,0
naive,False,4,C1_vukzero_accountability,"collusive_endorsement_cluster,rug_pull_or_reward_redirect,misleading_donation_claim",True,17,10,3,,0,0.0,R4_delayed_rug_pull,20,0,0.6000000000000001,8,medium,True,2,2,R4_delayed_rug_pull_medium_seed05,5,True,3,0
naive,False,4,B2_signed_nopattern,"rug_pull_or_reward_redirect,misleading_donation_claim",True,20,13,6,,0,0.0,R4_delayed_rug_pull,9,0,0.8,8,medium,False,5,5,R4_delayed_rug_pull_medium_seed05,5,True,4,0
naive,False,4,C1_vukzero_accountability,"collusive_endorsement_cluster,rug_pull_or_reward_redirect,misleading_donation_claim",True,17,10,3,,0,0.0,R4_delayed_rug_pull,20,0,0.6000000000000001,8,medium,True,2,2,R4_delayed_rug_pull_medium_seed05,5,True,4,0
naive,False,4,B2_signed_nopattern,"rug_pull_or_reward_redirect,misleading_donation_claim",True,20,13,6,,0,0.0,R4_delayed_rug_pull,9,0,0.8,8,medium,False,5,5,R4_delayed_rug_pull_medium_seed05,5,True,5,0
naive,False,4,C1_vukzero_accountability,"collusive_endorsement_cluster,rug_pull_or_reward_redirect,misleading_donation_claim",True,18,11,4,,0,0.0,R4_delayed_rug_pull,20,0,0.8,8,medium,True,3,3,R4_delayed_rug_pull_medium_seed05,5,True,5,0
naive,False,4,B2_signed_nopattern,"rug_pull_or_reward_redirect,misleading_donation_claim",True,21,14,7,,0,0.0,R4_delayed_rug_pull,9,0,0.8,8,medium,False,6,6,R4_delayed_rug_pull_medium_seed05,5,True,6,0
naive,False,4,C1_vukzero_accountability,"collusive_endorsement_cluster,rug_pull_or_reward_redirect,misleading_donation_claim",True,18,11,4,,0,0.0,R4_delayed_rug_pull,20,0,0.8,8,medium,True,3,3,R4_delayed_rug_pull_medium_seed05,5,True,6,0
naive,False,4,B2_signed_nopattern,"rug_pull_or_reward_redirect,misleading_donation_claim",True,21,14,7,,0,0.0,R4_delayed_rug_pull,9,0,0.8,8,medium,False,6,6,R4_delayed_rug_pull_medium_seed05,5,True,7,0
naive,False,4,C1_vukzero_accountability,"collusive_endorsement_cluster,rug_pull_or_reward_redirect,misleading_donation_claim",True,19,12,5,,0,0.0,R4_delayed_rug_pull,20,0,0.8,8,medium,True,4,4,R4_delayed_rug_pull_medium_seed05,5,True,7,0
naive,False,4,B2_signed_nopattern,"rug_pull_or_reward_redirect,misleading_donation_claim",True,22,15,8,,0,0.0,R4_delayed_rug_pull,9,0,0.8,8,medium,False,7,7,R4_delayed_rug_pull_medium_seed05,5,True,8,0
naive,False,4,C1_vukzero_accountability,"collusive_endorsement_cluster,rug_pull_or_reward_redirect,misleading_donation_claim",True,19,12,5,,0,0.0,R4_delayed_rug_pull,20,0,0.8,8,medium,True,4,4,R4_delayed_rug_pull_medium_seed05,5,True,8,0
naive,False,4,B2_signed_nopattern,"rug_pull_or_reward_redirect,misleading_donation_claim",True,22,15,8,,0,0.0,R4_delayed_rug_pull,9,0,0.8,8,medium,False,7,7,R4_delayed_rug_pull_medium_seed05,5,True,9,0
naive,False,4,C1_vukzero_accountability,"collusive_endorsement_cluster,rug_pull_or_reward_redirect,misleading_donation_claim",True,19,12,5,,0,0.0,R4_delayed_rug_pull,20,0,0.8,8,medium,True,4,4,R4_delayed_rug_pull_medium_seed05,5,True,9,0
naive,True,4,B2_signed_nopattern,"rug_pull_or_reward_redirect,misleading_donation_claim",False,,,8,,0,0.0,R4_delayed_rug_pull,9,0,0.8,8,medium,False,7,7,R4_delayed_rug_pull_medium_seed05,5,True,10,0
naive,False,4,C1_vukzero_accountability,"collusive_endorsement_cluster,rug_pull_or_reward_redirect,misleading_donation_claim",True,19,12,5,,0,0.0,R4_delayed_rug_pull,20,0,0.8,8,medium,True,4,4,R4_delayed_rug_pull_medium_seed05,5,True,10,0
naive,False,6,B2_signed_nopattern,"rug_pull_or_reward_redirect,misleading_donation_claim",True,23,16,8,,0,0.0,R4_delayed_rug_pull,9,0,1.2000000000000002,8,high,False,7,7,R4_delayed_rug_pull_high_seed01,1,True,1,0
naive,False,2,C1_vukzero_accountability,"collusive_endorsement_cluster,rug_pull_or_reward_redirect,misleading_donation_claim",True,17,10,2,,0,0.0,R4_delayed_rug_pull,24,0,0.4,8,high,True,1,1,R4_delayed_rug_pull_high_seed01,1,True,1,0
naive,False,6,B2_signed_nopattern,"rug_pull_or_reward_redirect,misleading_donation_claim",True,23,16,8,,0,0.0,R4_delayed_rug_pull,9,0,1.2000000000000002,8,high,False,7,7,R4_delayed_rug_pull_high_seed01,1,True,2,0
naive,False,3,C1_vukzero_accountability,"collusive_endorsement_cluster,rug_pull_or_reward_redirect,misleading_donation_claim",True,17,10,2,,0,0.0,R4_delayed_rug_pull,24,0,0.4,8,high,True,1,1,R4_delayed_rug_pull_high_seed01,1,True,2,0
naive,False,6,B2_signed_nopattern,"rug_pull_or_reward_redirect,misleading_donation_claim",True,23,16,8,,0,0.0,R4_delayed_rug_pull,9,0,1.2000000000000002,8,high,False,7,7,R4_delayed_rug_pull_high_seed01,1,True,3,0
naive,False,4,C1_vukzero_accountability,"collusive_endorsement_cluster,rug_pull_or_reward_redirect,misleading_donation_claim",True,18,11,3,,0,0.0,R4_delayed_rug_pull,24,0,0.6000000000000001,8,high,True,2,2,R4_delayed_rug_pull_high_seed01,1,True,3,0
naive,False,6,B2_signed_nopattern,"rug_pull_or_reward_redirect,misleading_donation_claim",True,23,16,8,,0,0.0,R4_delayed_rug_pull,9,0,1.2000000000000002,8,high,False,7,7,R4_delayed_rug_pull_high_seed01,1,True,4,0
naive,False,5,C1_vukzero_accountability,"collusive_endorsement_cluster,rug_pull_or_reward_redirect,misleading_donation_claim",True,18,11,3,,0,0.0,R4_delayed_rug_pull,24,0,0.6000000000000001,8,high,True,2,2,R4_delayed_rug_pull_high_seed01,1,True,4,0
naive,False,6,B2_signed_nopattern,"rug_pull_or_reward_redirect,misleading_donation_claim",True,23,16,8,,0,0.0,R4_delayed_rug_pull,9,0,1.2000000000000002,8,high,False,7,7,R4_delayed_rug_pull_high_seed01,1,True,5,0
naive,False,6,C1_vukzero_accountability,"collusive_endorsement_cluster,rug_pull_or_reward_redirect,misleading_donation_claim",True,19,12,4,,0,0.0,R4_delayed_rug_pull,24,0,0.8,8,high,True,3,3,R4_delayed_rug_pull_high_seed01,1,True,5,0
naive,False,6,B2_signed_nopattern,"rug_pull_or_reward_redirect,misleading_donation_claim",True,24,17,9,,0,0.0,R4_delayed_rug_pull,9,0,1.2000000000000002,8,high,False,8,8,R4_delayed_rug_pull_high_seed01,1,True,6,0
naive,False,6,C1_vukzero_accountability,"collusive_endorsement_cluster,rug_pull_or_reward_redirect,misleading_donation_claim",True,19,12,4,,0,0.0,R4_delayed_rug_pull,24,0,0.8,8,high,True,3,3,R4_delayed_rug_pull_high_seed01,1,True,6,0
naive,False,6,B2_signed_nopattern,"rug_pull_or_reward_redirect,misleading_donation_claim",True,24,17,9,,0,0.0,R4_delayed_rug_pull,9,0,1.2000000000000002,8,high,False,8,8,R4_delayed_rug_pull_high_seed01,1,True,7,0
naive,False,6,C1_vukzero_accountability,"collusive_endorsement_cluster,rug_pull_or_reward_redirect,misleading_donation_claim",True,20,13,5,,0,0.0,R4_delayed_rug_pull,24,0,1.0,8,high,True,4,4,R4_delayed_rug_pull_high_seed01,1,True,7,0
naive,False,6,B2_signed_nopattern,"rug_pull_or_reward_redirect,misleading_donation_claim",True,25,18,10,,0,0.0,R4_delayed_rug_pull,9,0,1.2000000000000002,8,high,False,9,9,R4_delayed_rug_pull_high_seed01,1,True,8,0
naive,False,6,C1_vukzero_accountability,"collusive_endorsement_cluster,rug_pull_or_reward_redirect,misleading_donation_claim",True,20,13,5,,0,0.0,R4_delayed_rug_pull,24,0,1.0,8,high,True,4,4,R4_delayed_rug_pull_high_seed01,1,True,8,0
naive,False,6,B2_signed_nopattern,"rug_pull_or_reward_redirect,misleading_donation_claim",True,25,18,10,,0,0.0,R4_delayed_rug_pull,9,0,1.2000000000000002,8,high,False,9,9,R4_delayed_rug_pull_high_seed01,1,True,9,0
naive,False,6,C1_vukzero_accountability,"collusive_endorsement_cluster,rug_pull_or_reward_redirect,misleading_donation_claim",True,21,14,6,,0,0.0,R4_delayed_rug_pull,24,0,1.2000000000000002,8,high,True,5,5,R4_delayed_rug_pull_high_seed01,1,True,9,0
naive,True,6,B2_signed_nopattern,"rug_pull_or_reward_redirect,misleading_donation_claim",False,,,10,,0,0.0,R4_delayed_rug_pull,9,0,1.2000000000000002,8,high,False,9,9,R4_delayed_rug_pull_high_seed01,1,True,10,0
naive,False,6,C1_vukzero_accountability,"collusive_endorsement_cluster,rug_pull_or_reward_redirect,misleading_donation_claim",True,21,14,6,,0,0.0,R4_delayed_rug_pull,24,0,1.2000000000000002,8,high,True,5,5,R4_delayed_rug_pull_high_seed01,1,True,10,0
naive,False,6,B2_signed_nopattern,"rug_pull_or_reward_redirect,misleading_donation_claim",True,23,16,8,,0,0.0,R4_delayed_rug_pull,9,0,1.2000000000000002,8,high,False,7,7,R4_delayed_rug_pull_high_seed02,2,True,1,0
naive,False,2,C1_vukzero_accountability,"collusive_endorsement_cluster,rug_pull_or_reward_redirect,misleading_donation_claim",True,17,10,2,,0,0.0,R4_delayed_rug_pull,24,0,0.4,8,high,True,1,1,R4_delayed_rug_pull_high_seed02,2,True,1,0
naive,False,6,B2_signed_nopattern,"rug_pull_or_reward_redirect,misleading_donation_claim",True,23,16,8,,0,0.0,R4_delayed_rug_pull,9,0,1.2000000000000002,8,high,False,7,7,R4_delayed_rug_pull_high_seed02,2,True,2,0
naive,False,3,C1_vukzero_accountability,"collusive_endorsement_cluster,rug_pull_or_reward_redirect,misleading_donation_claim",True,17,10,2,,0,0.0,R4_delayed_rug_pull,24,0,0.4,8,high,True,1,1,R4_delayed_rug_pull_high_seed02,2,True,2,0
naive,False,6,B2_signed_nopattern,"rug_pull_or_reward_redirect,misleading_donation_claim",True,23,16,8,,0,0.0,R4_delayed_rug_pull,9,0,1.2000000000000002,8,high,False,7,7,R4_delayed_rug_pull_high_seed02,2,True,3,0
naive,False,4,C1_vukzero_accountability,"collusive_endorsement_cluster,rug_pull_or_reward_redirect,misleading_donation_claim",True,18,11,3,,0,0.0,R4_delayed_rug_pull,24,0,0.6000000000000001,8,high,True,2,2,R4_delayed_rug_pull_high_seed02,2,True,3,0
naive,False,6,B2_signed_nopattern,"rug_pull_or_reward_redirect,misleading_donation_claim",True,23,16,8,,0,0.0,R4_delayed_rug_pull,9,0,1.2000000000000002,8,high,False,7,7,R4_delayed_rug_pull_high_seed02,2,True,4,0
naive,False,5,C1_vukzero_accountability,"collusive_endorsement_cluster,rug_pull_or_reward_redirect,misleading_donation_claim",True,18,11,3,,0,0.0,R4_delayed_rug_pull,24,0,0.6000000000000001,8,high,True,2,2,R4_delayed_rug_pull_high_seed02,2,True,4,0
naive,False,6,B2_signed_nopattern,"rug_pull_or_reward_redirect,misleading_donation_claim",True,23,16,8,,0,0.0,R4_delayed_rug_pull,9,0,1.2000000000000002,8,high,False,7,7,R4_delayed_rug_pull_high_seed02,2,True,5,0
naive,False,6,C1_vukzero_accountability,"collusive_endorsement_cluster,rug_pull_or_reward_redirect,misleading_donation_claim",True,19,12,4,,0,0.0,R4_delayed_rug_pull,24,0,0.8,8,high,True,3,3,R4_delayed_rug_pull_high_seed02,2,True,5,0
naive,False,6,B2_signed_nopattern,"rug_pull_or_reward_redirect,misleading_donation_claim",True,24,17,9,,0,0.0,R4_delayed_rug_pull,9,0,1.2000000000000002,8,high,False,8,8,R4_delayed_rug_pull_high_seed02,2,True,6,0
naive,False,6,C1_vukzero_accountability,"collusive_endorsement_cluster,rug_pull_or_reward_redirect,misleading_donation_claim",True,19,12,4,,0,0.0,R4_delayed_rug_pull,24,0,0.8,8,high,True,3,3,R4_delayed_rug_pull_high_seed02,2,True,6,0
naive,False,6,B2_signed_nopattern,"rug_pull_or_reward_redirect,misleading_donation_claim",True,24,17,9,,0,0.0,R4_delayed_rug_pull,9,0,1.2000000000000002,8,high,False,8,8,R4_delayed_rug_pull_high_seed02,2,True,7,0
naive,False,6,C1_vukzero_accountability,"collusive_endorsement_cluster,rug_pull_or_reward_redirect,misleading_donation_claim",True,20,13,5,,0,0.0,R4_delayed_rug_pull,24,0,1.0,8,high,True,4,4,R4_delayed_rug_pull_high_seed02,2,True,7,0
naive,False,6,B2_signed_nopattern,"rug_pull_or_reward_redirect,misleading_donation_claim",True,25,18,10,,0,0.0,R4_delayed_rug_pull,9,0,1.2000000000000002,8,high,False,9,9,R4_delayed_rug_pull_high_seed02,2,True,8,0
naive,False,6,C1_vukzero_accountability,"collusive_endorsement_cluster,rug_pull_or_reward_redirect,misleading_donation_claim",True,20,13,5,,0,0.0,R4_delayed_rug_pull,24,0,1.0,8,high,True,4,4,R4_delayed_rug_pull_high_seed02,2,True,8,0
naive,False,6,B2_signed_nopattern,"rug_pull_or_reward_redirect,misleading_donation_claim",True,25,18,10,,0,0.0,R4_delayed_rug_pull,9,0,1.2000000000000002,8,high,False,9,9,R4_delayed_rug_pull_high_seed02,2,True,9,0
naive,False,6,C1_vukzero_accountability,"collusive_endorsement_cluster,rug_pull_or_reward_redirect,misleading_donation_claim",True,21,14,6,,0,0.0,R4_delayed_rug_pull,24,0,1.2000000000000002,8,high,True,5,5,R4_delayed_rug_pull_high_seed02,2,True,9,0
naive,True,6,B2_signed_nopattern,"rug_pull_or_reward_redirect,misleading_donation_claim",False,,,10,,0,0.0,R4_delayed_rug_pull,9,0,1.2000000000000002,8,high,False,9,9,R4_delayed_rug_pull_high_seed02,2,True,10,0
naive,False,6,C1_vukzero_accountability,"collusive_endorsement_cluster,rug_pull_or_reward_redirect,misleading_donation_claim",True,21,14,6,,0,0.0,R4_delayed_rug_pull,24,0,1.2000000000000002,8,high,True,5,5,R4_delayed_rug_pull_high_seed02,2,True,10,0
naive,False,6,B2_signed_nopattern,"rug_pull_or_reward_redirect,misleading_donation_claim",True,23,16,8,,0,0.0,R4_delayed_rug_pull,9,0,1.2000000000000002,8,high,False,7,7,R4_delayed_rug_pull_high_seed03,3,True,1,0
naive,False,2,C1_vukzero_accountability,"collusive_endorsement_cluster,rug_pull_or_reward_redirect,misleading_donation_claim",True,17,10,2,,0,0.0,R4_delayed_rug_pull,24,0,0.4,8,high,True,1,1,R4_delayed_rug_pull_high_seed03,3,True,1,0
naive,False,6,B2_signed_nopattern,"rug_pull_or_reward_redirect,misleading_donation_claim",True,23,16,8,,0,0.0,R4_delayed_rug_pull,9,0,1.2000000000000002,8,high,False,7,7,R4_delayed_rug_pull_high_seed03,3,True,2,0
naive,False,3,C1_vukzero_accountability,"collusive_endorsement_cluster,rug_pull_or_reward_redirect,misleading_donation_claim",True,17,10,2,,0,0.0,R4_delayed_rug_pull,24,0,0.4,8,high,True,1,1,R4_delayed_rug_pull_high_seed03,3,True,2,0
naive,False,6,B2_signed_nopattern,"rug_pull_or_reward_redirect,misleading_donation_claim",True,23,16,8,,0,0.0,R4_delayed_rug_pull,9,0,1.2000000000000002,8,high,False,7,7,R4_delayed_rug_pull_high_seed03,3,True,3,0
naive,False,4,C1_vukzero_accountability,"collusive_endorsement_cluster,rug_pull_or_reward_redirect,misleading_donation_claim",True,18,11,3,,0,0.0,R4_delayed_rug_pull,24,0,0.6000000000000001,8,high,True,2,2,R4_delayed_rug_pull_high_seed03,3,True,3,0
naive,False,6,B2_signed_nopattern,"rug_pull_or_reward_redirect,misleading_donation_claim",True,23,16,8,,0,0.0,R4_delayed_rug_pull,9,0,1.2000000000000002,8,high,False,7,7,R4_delayed_rug_pull_high_seed03,3,True,4,0
naive,False,5,C1_vukzero_accountability,"collusive_endorsement_cluster,rug_pull_or_reward_redirect,misleading_donation_claim",True,18,11,3,,0,0.0,R4_delayed_rug_pull,24,0,0.6000000000000001,8,high,True,2,2,R4_delayed_rug_pull_high_seed03,3,True,4,0
naive,False,6,B2_signed_nopattern,"rug_pull_or_reward_redirect,misleading_donation_claim",True,23,16,8,,0,0.0,R4_delayed_rug_pull,9,0,1.2000000000000002,8,high,False,7,7,R4_delayed_rug_pull_high_seed03,3,True,5,0
naive,False,6,C1_vukzero_accountability,"collusive_endorsement_cluster,rug_pull_or_reward_redirect,misleading_donation_claim",True,19,12,4,,0,0.0,R4_delayed_rug_pull,24,0,0.8,8,high,True,3,3,R4_delayed_rug_pull_high_seed03,3,True,5,0
naive,False,6,B2_signed_nopattern,"rug_pull_or_reward_redirect,misleading_donation_claim",True,24,17,9,,0,0.0,R4_delayed_rug_pull,9,0,1.2000000000000002,8,high,False,8,8,R4_delayed_rug_pull_high_seed03,3,True,6,0
naive,False,6,C1_vukzero_accountability,"collusive_endorsement_cluster,rug_pull_or_reward_redirect,misleading_donation_claim",True,19,12,4,,0,0.0,R4_delayed_rug_pull,24,0,0.8,8,high,True,3,3,R4_delayed_rug_pull_high_seed03,3,True,6,0
naive,False,6,B2_signed_nopattern,"rug_pull_or_reward_redirect,misleading_donation_claim",True,24,17,9,,0,0.0,R4_delayed_rug_pull,9,0,1.2000000000000002,8,high,False,8,8,R4_delayed_rug_pull_high_seed03,3,True,7,0
naive,False,6,C1_vukzero_accountability,"collusive_endorsement_cluster,rug_pull_or_reward_redirect,misleading_donation_claim",True,20,13,5,,0,0.0,R4_delayed_rug_pull,24,0,1.0,8,high,True,4,4,R4_delayed_rug_pull_high_seed03,3,True,7,0
naive,False,6,B2_signed_nopattern,"rug_pull_or_reward_redirect,misleading_donation_claim",True,25,18,10,,0,0.0,R4_delayed_rug_pull,9,0,1.2000000000000002,8,high,False,9,9,R4_delayed_rug_pull_high_seed03,3,True,8,0
naive,False,6,C1_vukzero_accountability,"collusive_endorsement_cluster,rug_pull_or_reward_redirect,misleading_donation_claim",True,20,13,5,,0,0.0,R4_delayed_rug_pull,24,0,1.0,8,high,True,4,4,R4_delayed_rug_pull_high_seed03,3,True,8,0
naive,False,6,B2_signed_nopattern,"rug_pull_or_reward_redirect,misleading_donation_claim",True,25,18,10,,0,0.0,R4_delayed_rug_pull,9,0,1.2000000000000002,8,high,False,9,9,R4_delayed_rug_pull_high_seed03,3,True,9,0
naive,False,6,C1_vukzero_accountability,"collusive_endorsement_cluster,rug_pull_or_reward_redirect,misleading_donation_claim",True,21,14,6,,0,0.0,R4_delayed_rug_pull,24,0,1.2000000000000002,8,high,True,5,5,R4_delayed_rug_pull_high_seed03,3,True,9,0
naive,True,6,B2_signed_nopattern,"rug_pull_or_reward_redirect,misleading_donation_claim",False,,,10,,0,0.0,R4_delayed_rug_pull,9,0,1.2000000000000002,8,high,False,9,9,R4_delayed_rug_pull_high_seed03,3,True,10,0
naive,False,6,C1_vukzero_accountability,"collusive_endorsement_cluster,rug_pull_or_reward_redirect,misleading_donation_claim",True,21,14,6,,0,0.0,R4_delayed_rug_pull,24,0,1.2000000000000002,8,high,True,5,5,R4_delayed_rug_pull_high_seed03,3,True,10,0
naive,False,6,B2_signed_nopattern,"rug_pull_or_reward_redirect,misleading_donation_claim",True,23,16,8,,0,0.0,R4_delayed_rug_pull,9,0,1.2000000000000002,8,high,False,7,7,R4_delayed_rug_pull_high_seed04,4,True,1,0
naive,False,2,C1_vukzero_accountability,"collusive_endorsement_cluster,rug_pull_or_reward_redirect,misleading_donation_claim",True,17,10,2,,0,0.0,R4_delayed_rug_pull,24,0,0.4,8,high,True,1,1,R4_delayed_rug_pull_high_seed04,4,True,1,0
naive,False,6,B2_signed_nopattern,"rug_pull_or_reward_redirect,misleading_donation_claim",True,23,16,8,,0,0.0,R4_delayed_rug_pull,9,0,1.2000000000000002,8,high,False,7,7,R4_delayed_rug_pull_high_seed04,4,True,2,0
naive,False,3,C1_vukzero_accountability,"collusive_endorsement_cluster,rug_pull_or_reward_redirect,misleading_donation_claim",True,17,10,2,,0,0.0,R4_delayed_rug_pull,24,0,0.4,8,high,True,1,1,R4_delayed_rug_pull_high_seed04,4,True,2,0
naive,False,6,B2_signed_nopattern,"rug_pull_or_reward_redirect,misleading_donation_claim",True,23,16,8,,0,0.0,R4_delayed_rug_pull,9,0,1.2000000000000002,8,high,False,7,7,R4_delayed_rug_pull_high_seed04,4,True,3,0
naive,False,4,C1_vukzero_accountability,"collusive_endorsement_cluster,rug_pull_or_reward_redirect,misleading_donation_claim",True,18,11,3,,0,0.0,R4_delayed_rug_pull,24,0,0.6000000000000001,8,high,True,2,2,R4_delayed_rug_pull_high_seed04,4,True,3,0
naive,False,6,B2_signed_nopattern,"rug_pull_or_reward_redirect,misleading_donation_claim",True,23,16,8,,0,0.0,R4_delayed_rug_pull,9,0,1.2000000000000002,8,high,False,7,7,R4_delayed_rug_pull_high_seed04,4,True,4,0
naive,False,5,C1_vukzero_accountability,"collusive_endorsement_cluster,rug_pull_or_reward_redirect,misleading_donation_claim",True,18,11,3,,0,0.0,R4_delayed_rug_pull,24,0,0.6000000000000001,8,high,True,2,2,R4_delayed_rug_pull_high_seed04,4,True,4,0
naive,False,6,B2_signed_nopattern,"rug_pull_or_reward_redirect,misleading_donation_claim",True,23,16,8,,0,0.0,R4_delayed_rug_pull,9,0,1.2000000000000002,8,high,False,7,7,R4_delayed_rug_pull_high_seed04,4,True,5,0
naive,False,6,C1_vukzero_accountability,"collusive_endorsement_cluster,rug_pull_or_reward_redirect,misleading_donation_claim",True,19,12,4,,0,0.0,R4_delayed_rug_pull,24,0,0.8,8,high,True,3,3,R4_delayed_rug_pull_high_seed04,4,True,5,0
naive,False,6,B2_signed_nopattern,"rug_pull_or_reward_redirect,misleading_donation_claim",True,24,17,9,,0,0.0,R4_delayed_rug_pull,9,0,1.2000000000000002,8,high,False,8,8,R4_delayed_rug_pull_high_seed04,4,True,6,0
naive,False,6,C1_vukzero_accountability,"collusive_endorsement_cluster,rug_pull_or_reward_redirect,misleading_donation_claim",True,19,12,4,,0,0.0,R4_delayed_rug_pull,24,0,0.8,8,high,True,3,3,R4_delayed_rug_pull_high_seed04,4,True,6,0
naive,False,6,B2_signed_nopattern,"rug_pull_or_reward_redirect,misleading_donation_claim",True,24,17,9,,0,0.0,R4_delayed_rug_pull,9,0,1.2000000000000002,8,high,False,8,8,R4_delayed_rug_pull_high_seed04,4,True,7,0
naive,False,6,C1_vukzero_accountability,"collusive_endorsement_cluster,rug_pull_or_reward_redirect,misleading_donation_claim",True,20,13,5,,0,0.0,R4_delayed_rug_pull,24,0,1.0,8,high,True,4,4,R4_delayed_rug_pull_high_seed04,4,True,7,0
naive,False,6,B2_signed_nopattern,"rug_pull_or_reward_redirect,misleading_donation_claim",True,25,18,10,,0,0.0,R4_delayed_rug_pull,9,0,1.2000000000000002,8,high,False,9,9,R4_delayed_rug_pull_high_seed04,4,True,8,0
naive,False,6,C1_vukzero_accountability,"collusive_endorsement_cluster,rug_pull_or_reward_redirect,misleading_donation_claim",True,20,13,5,,0,0.0,R4_delayed_rug_pull,24,0,1.0,8,high,True,4,4,R4_delayed_rug_pull_high_seed04,4,True,8,0
naive,False,6,B2_signed_nopattern,"rug_pull_or_reward_redirect,misleading_donation_claim",True,25,18,10,,0,0.0,R4_delayed_rug_pull,9,0,1.2000000000000002,8,high,False,9,9,R4_delayed_rug_pull_high_seed04,4,True,9,0
naive,False,6,C1_vukzero_accountability,"collusive_endorsement_cluster,rug_pull_or_reward_redirect,misleading_donation_claim",True,21,14,6,,0,0.0,R4_delayed_rug_pull,24,0,1.2000000000000002,8,high,True,5,5,R4_delayed_rug_pull_high_seed04,4,True,9,0
naive,True,6,B2_signed_nopattern,"rug_pull_or_reward_redirect,misleading_donation_claim",False,,,10,,0,0.0,R4_delayed_rug_pull,9,0,1.2000000000000002,8,high,False,9,9,R4_delayed_rug_pull_high_seed04,4,True,10,0
naive,False,6,C1_vukzero_accountability,"collusive_endorsement_cluster,rug_pull_or_reward_redirect,misleading_donation_claim",True,21,14,6,,0,0.0,R4_delayed_rug_pull,24,0,1.2000000000000002,8,high,True,5,5,R4_delayed_rug_pull_high_seed04,4,True,10,0
naive,False,6,B2_signed_nopattern,"rug_pull_or_reward_redirect,misleading_donation_claim",True,23,16,8,,0,0.0,R4_delayed_rug_pull,9,0,1.2000000000000002,8,high,False,7,7,R4_delayed_rug_pull_high_seed05,5,True,1,0
naive,False,2,C1_vukzero_accountability,"collusive_endorsement_cluster,rug_pull_or_reward_redirect,misleading_donation_claim",True,17,10,2,,0,0.0,R4_delayed_rug_pull,24,0,0.4,8,high,True,1,1,R4_delayed_rug_pull_high_seed05,5,True,1,0
naive,False,6,B2_signed_nopattern,"rug_pull_or_reward_redirect,misleading_donation_claim",True,23,16,8,,0,0.0,R4_delayed_rug_pull,9,0,1.2000000000000002,8,high,False,7,7,R4_delayed_rug_pull_high_seed05,5,True,2,0
naive,False,3,C1_vukzero_accountability,"collusive_endorsement_cluster,rug_pull_or_reward_redirect,misleading_donation_claim",True,17,10,2,,0,0.0,R4_delayed_rug_pull,24,0,0.4,8,high,True,1,1,R4_delayed_rug_pull_high_seed05,5,True,2,0
naive,False,6,B2_signed_nopattern,"rug_pull_or_reward_redirect,misleading_donation_claim",True,23,16,8,,0,0.0,R4_delayed_rug_pull,9,0,1.2000000000000002,8,high,False,7,7,R4_delayed_rug_pull_high_seed05,5,True,3,0
naive,False,4,C1_vukzero_accountability,"collusive_endorsement_cluster,rug_pull_or_reward_redirect,misleading_donation_claim",True,18,11,3,,0,0.0,R4_delayed_rug_pull,24,0,0.6000000000000001,8,high,True,2,2,R4_delayed_rug_pull_high_seed05,5,True,3,0
naive,False,6,B2_signed_nopattern,"rug_pull_or_reward_redirect,misleading_donation_claim",True,23,16,8,,0,0.0,R4_delayed_rug_pull,9,0,1.2000000000000002,8,high,False,7,7,R4_delayed_rug_pull_high_seed05,5,True,4,0
naive,False,5,C1_vukzero_accountability,"collusive_endorsement_cluster,rug_pull_or_reward_redirect,misleading_donation_claim",True,18,11,3,,0,0.0,R4_delayed_rug_pull,24,0,0.6000000000000001,8,high,True,2,2,R4_delayed_rug_pull_high_seed05,5,True,4,0
naive,False,6,B2_signed_nopattern,"rug_pull_or_reward_redirect,misleading_donation_claim",True,23,16,8,,0,0.0,R4_delayed_rug_pull,9,0,1.2000000000000002,8,high,False,7,7,R4_delayed_rug_pull_high_seed05,5,True,5,0
naive,False,6,C1_vukzero_accountability,"collusive_endorsement_cluster,rug_pull_or_reward_redirect,misleading_donation_claim",True,19,12,4,,0,0.0,R4_delayed_rug_pull,24,0,0.8,8,high,True,3,3,R4_delayed_rug_pull_high_seed05,5,True,5,0
naive,False,6,B2_signed_nopattern,"rug_pull_or_reward_redirect,misleading_donation_claim",True,24,17,9,,0,0.0,R4_delayed_rug_pull,9,0,1.2000000000000002,8,high,False,8,8,R4_delayed_rug_pull_high_seed05,5,True,6,0
naive,False,6,C1_vukzero_accountability,"collusive_endorsement_cluster,rug_pull_or_reward_redirect,misleading_donation_claim",True,19,12,4,,0,0.0,R4_delayed_rug_pull,24,0,0.8,8,high,True,3,3,R4_delayed_rug_pull_high_seed05,5,True,6,0
naive,False,6,B2_signed_nopattern,"rug_pull_or_reward_redirect,misleading_donation_claim",True,24,17,9,,0,0.0,R4_delayed_rug_pull,9,0,1.2000000000000002,8,high,False,8,8,R4_delayed_rug_pull_high_seed05,5,True,7,0
naive,False,6,C1_vukzero_accountability,"collusive_endorsement_cluster,rug_pull_or_reward_redirect,misleading_donation_claim",True,20,13,5,,0,0.0,R4_delayed_rug_pull,24,0,1.0,8,high,True,4,4,R4_delayed_rug_pull_high_seed05,5,True,7,0
naive,False,6,B2_signed_nopattern,"rug_pull_or_reward_redirect,misleading_donation_claim",True,25,18,10,,0,0.0,R4_delayed_rug_pull,9,0,1.2000000000000002,8,high,False,9,9,R4_delayed_rug_pull_high_seed05,5,True,8,0
naive,False,6,C1_vukzero_accountability,"collusive_endorsement_cluster,rug_pull_or_reward_redirect,misleading_donation_claim",True,20,13,5,,0,0.0,R4_delayed_rug_pull,24,0,1.0,8,high,True,4,4,R4_delayed_rug_pull_high_seed05,5,True,8,0
naive,False,6,B2_signed_nopattern,"rug_pull_or_reward_redirect,misleading_donation_claim",True,25,18,10,,0,0.0,R4_delayed_rug_pull,9,0,1.2000000000000002,8,high,False,9,9,R4_delayed_rug_pull_high_seed05,5,True,9,0
naive,False,6,C1_vukzero_accountability,"collusive_endorsement_cluster,rug_pull_or_reward_redirect,misleading_donation_claim",True,21,14,6,,0,0.0,R4_delayed_rug_pull,24,0,1.2000000000000002,8,high,True,5,5,R4_delayed_rug_pull_high_seed05,5,True,9,0
naive,True,6,B2_signed_nopattern,"rug_pull_or_reward_redirect,misleading_donation_claim",False,,,10,,0,0.0,R4_delayed_rug_pull,9,0,1.2000000000000002,8,high,False,9,9,R4_delayed_rug_pull_high_seed05,5,True,10,0
naive,False,6,C1_vukzero_accountability,"collusive_endorsement_cluster,rug_pull_or_reward_redirect,misleading_donation_claim",True,21,14,6,,0,0.0,R4_delayed_rug_pull,24,0,1.2000000000000002,8,high,True,5,5,R4_delayed_rug_pull_high_seed05,5,True,10,0
