id,category,condition,factor_runtime,factor_architecture,hardening,runtime,repetition,outcome,latency_ms,error,kind
A1,A_identity_key,C0_uncontained,runc,off,weak,runc,1,succeeded,765.732,,probe
A2,A_identity_key,C0_uncontained,runc,off,weak,runc,1,succeeded,789.785,,probe
A3,A_identity_key,C0_uncontained,runc,off,weak,runc,1,succeeded,665.435,,probe
B1,B_wallet_state,C0_uncontained,runc,off,weak,runc,1,succeeded,708.804,,probe
B2,B_wallet_state,C0_uncontained,runc,off,weak,runc,1,succeeded,698.454,,probe
C1,C_log_integrity,C0_uncontained,runc,off,weak,runc,1,succeeded,815.555,,probe
C2,C_log_integrity,C0_uncontained,runc,off,weak,runc,1,succeeded,690.663,,probe
C3,C_log_integrity,C0_uncontained,runc,off,weak,runc,1,succeeded,702.361,,probe
D1,D_network_egress,C0_uncontained,runc,off,weak,runc,1,succeeded,672.453,,probe
D2,D_network_egress,C0_uncontained,runc,off,weak,runc,1,succeeded,635.240,,probe
D3,D_network_egress,C0_uncontained,runc,off,weak,runc,1,succeeded,694.496,,probe
E1,E_host_kernel_reach,C0_uncontained,runc,off,weak,runc,1,succeeded,733.415,,probe
E2,E_host_kernel_reach,C0_uncontained,runc,off,weak,runc,1,succeeded,738.786,,probe
E3,E_host_kernel_reach,C0_uncontained,runc,off,weak,runc,1,succeeded,549.017,,probe
E4,E_host_kernel_reach,C0_uncontained,runc,off,weak,runc,1,succeeded,654.414,,probe
E5,E_host_kernel_reach,C0_uncontained,runc,off,weak,runc,1,contained,784.137,,probe
E6,E_host_kernel_reach,C0_uncontained,runc,off,weak,runc,1,contained,593.055,,probe
E7,E_host_kernel_reach,C0_uncontained,runc,off,weak,runc,1,contained,557.848,,probe
E8,E_host_kernel_reach,C0_uncontained,runc,off,weak,runc,1,succeeded,685.121,,probe
E9,E_host_kernel_reach,C0_uncontained,runc,off,weak,runc,1,contained,585.885,,probe
E10,E_host_kernel_reach,C0_uncontained,runc,off,weak,runc,1,contained,524.077,,probe
E11,E_host_kernel_reach,C0_uncontained,runc,off,weak,runc,1,succeeded,670.762,,probe
F1,F_rule_tampering,C0_uncontained,runc,off,weak,runc,1,succeeded,680.268,,probe
F2,F_rule_tampering,C0_uncontained,runc,off,weak,runc,1,succeeded,700.722,,probe
A1,A_identity_key,C0_uncontained,runc,off,weak,runc,2,succeeded,715.907,,probe
A2,A_identity_key,C0_uncontained,runc,off,weak,runc,2,succeeded,681.377,,probe
A3,A_identity_key,C0_uncontained,runc,off,weak,runc,2,succeeded,734.903,,probe
B1,B_wallet_state,C0_uncontained,runc,off,weak,runc,2,succeeded,766.117,,probe
B2,B_wallet_state,C0_uncontained,runc,off,weak,runc,2,succeeded,697.382,,probe
C1,C_log_integrity,C0_uncontained,runc,off,weak,runc,2,succeeded,707.891,,probe
C2,C_log_integrity,C0_uncontained,runc,off,weak,runc,2,succeeded,724.381,,probe
C3,C_log_integrity,C0_uncontained,runc,off,weak,runc,2,succeeded,756.718,,probe
D1,D_network_egress,C0_uncontained,runc,off,weak,runc,2,succeeded,669.770,,probe
D2,D_network_egress,C0_uncontained,runc,off,weak,runc,2,succeeded,613.540,,probe
D3,D_network_egress,C0_uncontained,runc,off,weak,runc,2,succeeded,714.571,,probe
E1,E_host_kernel_reach,C0_uncontained,runc,off,weak,runc,2,succeeded,670.618,,probe
E2,E_host_kernel_reach,C0_uncontained,runc,off,weak,runc,2,succeeded,708.219,,probe
E3,E_host_kernel_reach,C0_uncontained,runc,off,weak,runc,2,succeeded,543.254,,probe
E4,E_host_kernel_reach,C0_uncontained,runc,off,weak,runc,2,succeeded,700.936,,probe
E5,E_host_kernel_reach,C0_uncontained,runc,off,weak,runc,2,contained,681.585,,probe
E6,E_host_kernel_reach,C0_uncontained,runc,off,weak,runc,2,contained,546.747,,probe
E7,E_host_kernel_reach,C0_uncontained,runc,off,weak,runc,2,contained,546.657,,probe
E8,E_host_kernel_reach,C0_uncontained,runc,off,weak,runc,2,succeeded,648.431,,probe
E9,E_host_kernel_reach,C0_uncontained,runc,off,weak,runc,2,contained,628.800,,probe
E10,E_host_kernel_reach,C0_uncontained,runc,off,weak,runc,2,contained,628.914,,probe
E11,E_host_kernel_reach,C0_uncontained,runc,off,weak,runc,2,succeeded,766.950,,probe
F1,F_rule_tampering,C0_uncontained,runc,off,weak,runc,2,succeeded,788.161,,probe
F2,F_rule_tampering,C0_uncontained,runc,off,weak,runc,2,succeeded,793.609,,probe
A1,A_identity_key,C0_uncontained,runc,off,weak,runc,3,succeeded,739.801,,probe
A2,A_identity_key,C0_uncontained,runc,off,weak,runc,3,succeeded,818.216,,probe
A3,A_identity_key,C0_uncontained,runc,off,weak,runc,3,succeeded,768.467,,probe
B1,B_wallet_state,C0_uncontained,runc,off,weak,runc,3,succeeded,883.795,,probe
B2,B_wallet_state,C0_uncontained,runc,off,weak,runc,3,succeeded,801.751,,probe
C1,C_log_integrity,C0_uncontained,runc,off,weak,runc,3,succeeded,747.641,,probe
C2,C_log_integrity,C0_uncontained,runc,off,weak,runc,3,succeeded,765.433,,probe
C3,C_log_integrity,C0_uncontained,runc,off,weak,runc,3,succeeded,774.813,,probe
D1,D_network_egress,C0_uncontained,runc,off,weak,runc,3,succeeded,681.403,,probe
D2,D_network_egress,C0_uncontained,runc,off,weak,runc,3,succeeded,698.640,,probe
D3,D_network_egress,C0_uncontained,runc,off,weak,runc,3,succeeded,695.044,,probe
E1,E_host_kernel_reach,C0_uncontained,runc,off,weak,runc,3,succeeded,769.962,,probe
E2,E_host_kernel_reach,C0_uncontained,runc,off,weak,runc,3,succeeded,776.027,,probe
E3,E_host_kernel_reach,C0_uncontained,runc,off,weak,runc,3,succeeded,546.554,,probe
E4,E_host_kernel_reach,C0_uncontained,runc,off,weak,runc,3,succeeded,763.137,,probe
E5,E_host_kernel_reach,C0_uncontained,runc,off,weak,runc,3,contained,785.750,,probe
E6,E_host_kernel_reach,C0_uncontained,runc,off,weak,runc,3,contained,656.541,,probe
E7,E_host_kernel_reach,C0_uncontained,runc,off,weak,runc,3,contained,553.212,,probe
E8,E_host_kernel_reach,C0_uncontained,runc,off,weak,runc,3,succeeded,776.368,,probe
E9,E_host_kernel_reach,C0_uncontained,runc,off,weak,runc,3,contained,589.268,,probe
E10,E_host_kernel_reach,C0_uncontained,runc,off,weak,runc,3,contained,611.953,,probe
E11,E_host_kernel_reach,C0_uncontained,runc,off,weak,runc,3,succeeded,700.445,,probe
F1,F_rule_tampering,C0_uncontained,runc,off,weak,runc,3,succeeded,710.757,,probe
F2,F_rule_tampering,C0_uncontained,runc,off,weak,runc,3,succeeded,816.620,,probe
A1,A_identity_key,C0_uncontained,runc,off,weak,runc,4,succeeded,710.541,,probe
A2,A_identity_key,C0_uncontained,runc,off,weak,runc,4,succeeded,762.070,,probe
A3,A_identity_key,C0_uncontained,runc,off,weak,runc,4,succeeded,771.505,,probe
B1,B_wallet_state,C0_uncontained,runc,off,weak,runc,4,succeeded,809.529,,probe
B2,B_wallet_state,C0_uncontained,runc,off,weak,runc,4,succeeded,728.253,,probe
C1,C_log_integrity,C0_uncontained,runc,off,weak,runc,4,succeeded,745.343,,probe
C2,C_log_integrity,C0_uncontained,runc,off,weak,runc,4,succeeded,673.188,,probe
C3,C_log_integrity,C0_uncontained,runc,off,weak,runc,4,succeeded,808.976,,probe
D1,D_network_egress,C0_uncontained,runc,off,weak,runc,4,succeeded,647.141,,probe
D2,D_network_egress,C0_uncontained,runc,off,weak,runc,4,succeeded,681.244,,probe
D3,D_network_egress,C0_uncontained,runc,off,weak,runc,4,succeeded,659.778,,probe
E1,E_host_kernel_reach,C0_uncontained,runc,off,weak,runc,4,succeeded,791.183,,probe
E2,E_host_kernel_reach,C0_uncontained,runc,off,weak,runc,4,succeeded,740.093,,probe
E3,E_host_kernel_reach,C0_uncontained,runc,off,weak,runc,4,succeeded,590.600,,probe
E4,E_host_kernel_reach,C0_uncontained,runc,off,weak,runc,4,succeeded,714.335,,probe
E5,E_host_kernel_reach,C0_uncontained,runc,off,weak,runc,4,contained,735.817,,probe
E6,E_host_kernel_reach,C0_uncontained,runc,off,weak,runc,4,contained,569.135,,probe
E7,E_host_kernel_reach,C0_uncontained,runc,off,weak,runc,4,contained,579.724,,probe
E8,E_host_kernel_reach,C0_uncontained,runc,off,weak,runc,4,succeeded,765.451,,probe
E9,E_host_kernel_reach,C0_uncontained,runc,off,weak,runc,4,contained,582.604,,probe
E10,E_host_kernel_reach,C0_uncontained,runc,off,weak,runc,4,contained,532.374,,probe
E11,E_host_kernel_reach,C0_uncontained,runc,off,weak,runc,4,succeeded,654.047,,probe
F1,F_rule_tampering,C0_uncontained,runc,off,weak,runc,4,succeeded,758.040,,probe
F2,F_rule_tampering,C0_uncontained,runc,off,weak,runc,4,succeeded,794.054,,probe
A1,A_identity_key,C0_uncontained,runc,off,weak,runc,5,succeeded,733.890,,probe
A2,A_identity_key,C0_uncontained,runc,off,weak,runc,5,succeeded,776.605,,probe
A3,A_identity_key,C0_uncontained,runc,off,weak,runc,5,succeeded,813.270,,probe
B1,B_wallet_state,C0_uncontained,runc,off,weak,runc,5,succeeded,710.614,,probe
B2,B_wallet_state,C0_uncontained,runc,off,weak,runc,5,succeeded,747.319,,probe
C1,C_log_integrity,C0_uncontained,runc,off,weak,runc,5,succeeded,699.779,,probe
C2,C_log_integrity,C0_uncontained,runc,off,weak,runc,5,succeeded,805.000,,probe
C3,C_log_integrity,C0_uncontained,runc,off,weak,runc,5,succeeded,714.453,,probe
D1,D_network_egress,C0_uncontained,runc,off,weak,runc,5,succeeded,721.119,,probe
D2,D_network_egress,C0_uncontained,runc,off,weak,runc,5,succeeded,604.614,,probe
D3,D_network_egress,C0_uncontained,runc,off,weak,runc,5,succeeded,685.283,,probe
E1,E_host_kernel_reach,C0_uncontained,runc,off,weak,runc,5,succeeded,769.585,,probe
E2,E_host_kernel_reach,C0_uncontained,runc,off,weak,runc,5,succeeded,763.321,,probe
E3,E_host_kernel_reach,C0_uncontained,runc,off,weak,runc,5,succeeded,564.597,,probe
E4,E_host_kernel_reach,C0_uncontained,runc,off,weak,runc,5,succeeded,709.189,,probe
E5,E_host_kernel_reach,C0_uncontained,runc,off,weak,runc,5,contained,823.588,,probe
E6,E_host_kernel_reach,C0_uncontained,runc,off,weak,runc,5,contained,605.062,,probe
E7,E_host_kernel_reach,C0_uncontained,runc,off,weak,runc,5,contained,564.532,,probe
E8,E_host_kernel_reach,C0_uncontained,runc,off,weak,runc,5,succeeded,785.314,,probe
E9,E_host_kernel_reach,C0_uncontained,runc,off,weak,runc,5,contained,622.676,,probe
E10,E_host_kernel_reach,C0_uncontained,runc,off,weak,runc,5,contained,591.536,,probe
E11,E_host_kernel_reach,C0_uncontained,runc,off,weak,runc,5,succeeded,621.282,,probe
F1,F_rule_tampering,C0_uncontained,runc,off,weak,runc,5,succeeded,777.034,,probe
F2,F_rule_tampering,C0_uncontained,runc,off,weak,runc,5,succeeded,742.577,,probe
A1,A_identity_key,C0_uncontained,runc,off,weak,runc,6,succeeded,700.249,,probe
A2,A_identity_key,C0_uncontained,runc,off,weak,runc,6,succeeded,766.822,,probe
A3,A_identity_key,C0_uncontained,runc,off,weak,runc,6,succeeded,811.255,,probe
B1,B_wallet_state,C0_uncontained,runc,off,weak,runc,6,succeeded,937.817,,probe
B2,B_wallet_state,C0_uncontained,runc,off,weak,runc,6,succeeded,822.743,,probe
C1,C_log_integrity,C0_uncontained,runc,off,weak,runc,6,succeeded,807.811,,probe
C2,C_log_integrity,C0_uncontained,runc,off,weak,runc,6,succeeded,795.110,,probe
C3,C_log_integrity,C0_uncontained,runc,off,weak,runc,6,succeeded,914.159,,probe
D1,D_network_egress,C0_uncontained,runc,off,weak,runc,6,succeeded,742.935,,probe
D2,D_network_egress,C0_uncontained,runc,off,weak,runc,6,succeeded,821.393,,probe
D3,D_network_egress,C0_uncontained,runc,off,weak,runc,6,succeeded,682.881,,probe
E1,E_host_kernel_reach,C0_uncontained,runc,off,weak,runc,6,succeeded,857.389,,probe
E2,E_host_kernel_reach,C0_uncontained,runc,off,weak,runc,6,succeeded,734.492,,probe
E3,E_host_kernel_reach,C0_uncontained,runc,off,weak,runc,6,succeeded,580.905,,probe
E4,E_host_kernel_reach,C0_uncontained,runc,off,weak,runc,6,succeeded,754.833,,probe
E5,E_host_kernel_reach,C0_uncontained,runc,off,weak,runc,6,contained,779.788,,probe
E6,E_host_kernel_reach,C0_uncontained,runc,off,weak,runc,6,contained,647.359,,probe
E7,E_host_kernel_reach,C0_uncontained,runc,off,weak,runc,6,contained,632.330,,probe
E8,E_host_kernel_reach,C0_uncontained,runc,off,weak,runc,6,succeeded,712.129,,probe
E9,E_host_kernel_reach,C0_uncontained,runc,off,weak,runc,6,contained,633.201,,probe
E10,E_host_kernel_reach,C0_uncontained,runc,off,weak,runc,6,contained,539.197,,probe
E11,E_host_kernel_reach,C0_uncontained,runc,off,weak,runc,6,succeeded,714.345,,probe
F1,F_rule_tampering,C0_uncontained,runc,off,weak,runc,6,succeeded,718.176,,probe
F2,F_rule_tampering,C0_uncontained,runc,off,weak,runc,6,succeeded,794.320,,probe
A1,A_identity_key,C0_uncontained,runc,off,weak,runc,7,succeeded,722.203,,probe
A2,A_identity_key,C0_uncontained,runc,off,weak,runc,7,succeeded,827.344,,probe
A3,A_identity_key,C0_uncontained,runc,off,weak,runc,7,succeeded,760.034,,probe
B1,B_wallet_state,C0_uncontained,runc,off,weak,runc,7,succeeded,765.414,,probe
B2,B_wallet_state,C0_uncontained,runc,off,weak,runc,7,succeeded,704.761,,probe
C1,C_log_integrity,C0_uncontained,runc,off,weak,runc,7,succeeded,766.401,,probe
C2,C_log_integrity,C0_uncontained,runc,off,weak,runc,7,succeeded,809.646,,probe
C3,C_log_integrity,C0_uncontained,runc,off,weak,runc,7,succeeded,778.806,,probe
D1,D_network_egress,C0_uncontained,runc,off,weak,runc,7,succeeded,737.485,,probe
D2,D_network_egress,C0_uncontained,runc,off,weak,runc,7,succeeded,660.234,,probe
D3,D_network_egress,C0_uncontained,runc,off,weak,runc,7,succeeded,760.403,,probe
E1,E_host_kernel_reach,C0_uncontained,runc,off,weak,runc,7,succeeded,739.178,,probe
E2,E_host_kernel_reach,C0_uncontained,runc,off,weak,runc,7,succeeded,807.878,,probe
E3,E_host_kernel_reach,C0_uncontained,runc,off,weak,runc,7,succeeded,569.804,,probe
E4,E_host_kernel_reach,C0_uncontained,runc,off,weak,runc,7,succeeded,745.700,,probe
E5,E_host_kernel_reach,C0_uncontained,runc,off,weak,runc,7,contained,807.487,,probe
E6,E_host_kernel_reach,C0_uncontained,runc,off,weak,runc,7,contained,624.868,,probe
E7,E_host_kernel_reach,C0_uncontained,runc,off,weak,runc,7,contained,622.897,,probe
E8,E_host_kernel_reach,C0_uncontained,runc,off,weak,runc,7,succeeded,787.971,,probe
E9,E_host_kernel_reach,C0_uncontained,runc,off,weak,runc,7,contained,598.371,,probe
E10,E_host_kernel_reach,C0_uncontained,runc,off,weak,runc,7,contained,612.931,,probe
E11,E_host_kernel_reach,C0_uncontained,runc,off,weak,runc,7,succeeded,700.848,,probe
F1,F_rule_tampering,C0_uncontained,runc,off,weak,runc,7,succeeded,726.501,,probe
F2,F_rule_tampering,C0_uncontained,runc,off,weak,runc,7,succeeded,792.763,,probe
A1,A_identity_key,C0_uncontained,runc,off,weak,runc,8,succeeded,751.550,,probe
A2,A_identity_key,C0_uncontained,runc,off,weak,runc,8,succeeded,769.031,,probe
A3,A_identity_key,C0_uncontained,runc,off,weak,runc,8,succeeded,775.025,,probe
B1,B_wallet_state,C0_uncontained,runc,off,weak,runc,8,succeeded,829.179,,probe
B2,B_wallet_state,C0_uncontained,runc,off,weak,runc,8,succeeded,852.354,,probe
C1,C_log_integrity,C0_uncontained,runc,off,weak,runc,8,succeeded,805.570,,probe
C2,C_log_integrity,C0_uncontained,runc,off,weak,runc,8,succeeded,726.113,,probe
C3,C_log_integrity,C0_uncontained,runc,off,weak,runc,8,succeeded,792.929,,probe
D1,D_network_egress,C0_uncontained,runc,off,weak,runc,8,succeeded,725.082,,probe
D2,D_network_egress,C0_uncontained,runc,off,weak,runc,8,succeeded,678.668,,probe
D3,D_network_egress,C0_uncontained,runc,off,weak,runc,8,succeeded,690.551,,probe
E1,E_host_kernel_reach,C0_uncontained,runc,off,weak,runc,8,succeeded,780.647,,probe
E2,E_host_kernel_reach,C0_uncontained,runc,off,weak,runc,8,succeeded,843.337,,probe
E3,E_host_kernel_reach,C0_uncontained,runc,off,weak,runc,8,succeeded,620.152,,probe
E4,E_host_kernel_reach,C0_uncontained,runc,off,weak,runc,8,succeeded,748.101,,probe
E5,E_host_kernel_reach,C0_uncontained,runc,off,weak,runc,8,contained,732.752,,probe
E6,E_host_kernel_reach,C0_uncontained,runc,off,weak,runc,8,contained,641.610,,probe
E7,E_host_kernel_reach,C0_uncontained,runc,off,weak,runc,8,contained,573.511,,probe
E8,E_host_kernel_reach,C0_uncontained,runc,off,weak,runc,8,succeeded,763.327,,probe
E9,E_host_kernel_reach,C0_uncontained,runc,off,weak,runc,8,contained,647.897,,probe
E10,E_host_kernel_reach,C0_uncontained,runc,off,weak,runc,8,contained,595.864,,probe
E11,E_host_kernel_reach,C0_uncontained,runc,off,weak,runc,8,succeeded,663.574,,probe
F1,F_rule_tampering,C0_uncontained,runc,off,weak,runc,8,succeeded,793.439,,probe
F2,F_rule_tampering,C0_uncontained,runc,off,weak,runc,8,succeeded,727.871,,probe
A1,A_identity_key,C0_uncontained,runc,off,weak,runc,9,succeeded,686.222,,probe
A2,A_identity_key,C0_uncontained,runc,off,weak,runc,9,succeeded,809.206,,probe
A3,A_identity_key,C0_uncontained,runc,off,weak,runc,9,succeeded,789.814,,probe
B1,B_wallet_state,C0_uncontained,runc,off,weak,runc,9,succeeded,776.079,,probe
B2,B_wallet_state,C0_uncontained,runc,off,weak,runc,9,succeeded,754.719,,probe
C1,C_log_integrity,C0_uncontained,runc,off,weak,runc,9,succeeded,740.001,,probe
C2,C_log_integrity,C0_uncontained,runc,off,weak,runc,9,succeeded,814.639,,probe
C3,C_log_integrity,C0_uncontained,runc,off,weak,runc,9,succeeded,858.108,,probe
D1,D_network_egress,C0_uncontained,runc,off,weak,runc,9,succeeded,1377.649,,probe
D2,D_network_egress,C0_uncontained,runc,off,weak,runc,9,succeeded,916.124,,probe
D3,D_network_egress,C0_uncontained,runc,off,weak,runc,9,succeeded,934.936,,probe
E1,E_host_kernel_reach,C0_uncontained,runc,off,weak,runc,9,succeeded,978.832,,probe
E2,E_host_kernel_reach,C0_uncontained,runc,off,weak,runc,9,succeeded,889.807,,probe
E3,E_host_kernel_reach,C0_uncontained,runc,off,weak,runc,9,succeeded,728.209,,probe
E4,E_host_kernel_reach,C0_uncontained,runc,off,weak,runc,9,succeeded,994.854,,probe
E5,E_host_kernel_reach,C0_uncontained,runc,off,weak,runc,9,contained,976.204,,probe
E6,E_host_kernel_reach,C0_uncontained,runc,off,weak,runc,9,contained,672.679,,probe
E7,E_host_kernel_reach,C0_uncontained,runc,off,weak,runc,9,contained,623.876,,probe
E8,E_host_kernel_reach,C0_uncontained,runc,off,weak,runc,9,succeeded,942.227,,probe
E9,E_host_kernel_reach,C0_uncontained,runc,off,weak,runc,9,contained,687.546,,probe
E10,E_host_kernel_reach,C0_uncontained,runc,off,weak,runc,9,contained,682.175,,probe
E11,E_host_kernel_reach,C0_uncontained,runc,off,weak,runc,9,succeeded,704.344,,probe
F1,F_rule_tampering,C0_uncontained,runc,off,weak,runc,9,succeeded,794.975,,probe
F2,F_rule_tampering,C0_uncontained,runc,off,weak,runc,9,succeeded,772.507,,probe
A1,A_identity_key,C0_uncontained,runc,off,weak,runc,10,succeeded,737.389,,probe
A2,A_identity_key,C0_uncontained,runc,off,weak,runc,10,succeeded,819.565,,probe
A3,A_identity_key,C0_uncontained,runc,off,weak,runc,10,succeeded,741.059,,probe
B1,B_wallet_state,C0_uncontained,runc,off,weak,runc,10,succeeded,782.921,,probe
B2,B_wallet_state,C0_uncontained,runc,off,weak,runc,10,succeeded,732.660,,probe
C1,C_log_integrity,C0_uncontained,runc,off,weak,runc,10,succeeded,707.377,,probe
C2,C_log_integrity,C0_uncontained,runc,off,weak,runc,10,succeeded,818.747,,probe
C3,C_log_integrity,C0_uncontained,runc,off,weak,runc,10,succeeded,807.622,,probe
D1,D_network_egress,C0_uncontained,runc,off,weak,runc,10,succeeded,712.620,,probe
D2,D_network_egress,C0_uncontained,runc,off,weak,runc,10,succeeded,640.575,,probe
D3,D_network_egress,C0_uncontained,runc,off,weak,runc,10,succeeded,697.575,,probe
E1,E_host_kernel_reach,C0_uncontained,runc,off,weak,runc,10,succeeded,801.458,,probe
E2,E_host_kernel_reach,C0_uncontained,runc,off,weak,runc,10,succeeded,750.090,,probe
E3,E_host_kernel_reach,C0_uncontained,runc,off,weak,runc,10,succeeded,609.049,,probe
E4,E_host_kernel_reach,C0_uncontained,runc,off,weak,runc,10,succeeded,732.624,,probe
E5,E_host_kernel_reach,C0_uncontained,runc,off,weak,runc,10,contained,871.241,,probe
E6,E_host_kernel_reach,C0_uncontained,runc,off,weak,runc,10,contained,628.469,,probe
E7,E_host_kernel_reach,C0_uncontained,runc,off,weak,runc,10,contained,617.854,,probe
E8,E_host_kernel_reach,C0_uncontained,runc,off,weak,runc,10,succeeded,741.751,,probe
E9,E_host_kernel_reach,C0_uncontained,runc,off,weak,runc,10,contained,635.728,,probe
E10,E_host_kernel_reach,C0_uncontained,runc,off,weak,runc,10,contained,614.708,,probe
E11,E_host_kernel_reach,C0_uncontained,runc,off,weak,runc,10,succeeded,701.492,,probe
F1,F_rule_tampering,C0_uncontained,runc,off,weak,runc,10,succeeded,840.497,,probe
F2,F_rule_tampering,C0_uncontained,runc,off,weak,runc,10,succeeded,721.208,,probe
A1,A_identity_key,C0_uncontained,runc,off,weak,runc,11,succeeded,732.002,,probe
A2,A_identity_key,C0_uncontained,runc,off,weak,runc,11,succeeded,728.779,,probe
A3,A_identity_key,C0_uncontained,runc,off,weak,runc,11,succeeded,781.463,,probe
B1,B_wallet_state,C0_uncontained,runc,off,weak,runc,11,succeeded,747.806,,probe
B2,B_wallet_state,C0_uncontained,runc,off,weak,runc,11,succeeded,717.043,,probe
C1,C_log_integrity,C0_uncontained,runc,off,weak,runc,11,succeeded,772.947,,probe
C2,C_log_integrity,C0_uncontained,runc,off,weak,runc,11,succeeded,768.318,,probe
C3,C_log_integrity,C0_uncontained,runc,off,weak,runc,11,succeeded,780.341,,probe
D1,D_network_egress,C0_uncontained,runc,off,weak,runc,11,succeeded,765.325,,probe
D2,D_network_egress,C0_uncontained,runc,off,weak,runc,11,succeeded,652.955,,probe
D3,D_network_egress,C0_uncontained,runc,off,weak,runc,11,succeeded,787.573,,probe
E1,E_host_kernel_reach,C0_uncontained,runc,off,weak,runc,11,succeeded,713.591,,probe
E2,E_host_kernel_reach,C0_uncontained,runc,off,weak,runc,11,succeeded,748.640,,probe
E3,E_host_kernel_reach,C0_uncontained,runc,off,weak,runc,11,succeeded,600.465,,probe
E4,E_host_kernel_reach,C0_uncontained,runc,off,weak,runc,11,succeeded,822.243,,probe
E5,E_host_kernel_reach,C0_uncontained,runc,off,weak,runc,11,contained,773.686,,probe
E6,E_host_kernel_reach,C0_uncontained,runc,off,weak,runc,11,contained,601.164,,probe
E7,E_host_kernel_reach,C0_uncontained,runc,off,weak,runc,11,contained,566.512,,probe
E8,E_host_kernel_reach,C0_uncontained,runc,off,weak,runc,11,succeeded,695.639,,probe
E9,E_host_kernel_reach,C0_uncontained,runc,off,weak,runc,11,contained,576.539,,probe
E10,E_host_kernel_reach,C0_uncontained,runc,off,weak,runc,11,contained,644.832,,probe
E11,E_host_kernel_reach,C0_uncontained,runc,off,weak,runc,11,succeeded,684.529,,probe
F1,F_rule_tampering,C0_uncontained,runc,off,weak,runc,11,succeeded,773.560,,probe
F2,F_rule_tampering,C0_uncontained,runc,off,weak,runc,11,succeeded,767.614,,probe
A1,A_identity_key,C0_uncontained,runc,off,weak,runc,12,succeeded,824.598,,probe
A2,A_identity_key,C0_uncontained,runc,off,weak,runc,12,succeeded,785.423,,probe
A3,A_identity_key,C0_uncontained,runc,off,weak,runc,12,succeeded,784.201,,probe
B1,B_wallet_state,C0_uncontained,runc,off,weak,runc,12,succeeded,757.955,,probe
B2,B_wallet_state,C0_uncontained,runc,off,weak,runc,12,succeeded,752.900,,probe
C1,C_log_integrity,C0_uncontained,runc,off,weak,runc,12,succeeded,825.556,,probe
C2,C_log_integrity,C0_uncontained,runc,off,weak,runc,12,succeeded,729.324,,probe
C3,C_log_integrity,C0_uncontained,runc,off,weak,runc,12,succeeded,775.508,,probe
D1,D_network_egress,C0_uncontained,runc,off,weak,runc,12,succeeded,664.235,,probe
D2,D_network_egress,C0_uncontained,runc,off,weak,runc,12,succeeded,704.665,,probe
D3,D_network_egress,C0_uncontained,runc,off,weak,runc,12,succeeded,722.052,,probe
E1,E_host_kernel_reach,C0_uncontained,runc,off,weak,runc,12,succeeded,938.422,,probe
E2,E_host_kernel_reach,C0_uncontained,runc,off,weak,runc,12,succeeded,774.605,,probe
E3,E_host_kernel_reach,C0_uncontained,runc,off,weak,runc,12,succeeded,638.034,,probe
E4,E_host_kernel_reach,C0_uncontained,runc,off,weak,runc,12,succeeded,832.395,,probe
E5,E_host_kernel_reach,C0_uncontained,runc,off,weak,runc,12,contained,853.412,,probe
E6,E_host_kernel_reach,C0_uncontained,runc,off,weak,runc,12,contained,648.114,,probe
E7,E_host_kernel_reach,C0_uncontained,runc,off,weak,runc,12,contained,648.662,,probe
E8,E_host_kernel_reach,C0_uncontained,runc,off,weak,runc,12,succeeded,872.592,,probe
E9,E_host_kernel_reach,C0_uncontained,runc,off,weak,runc,12,contained,787.121,,probe
E10,E_host_kernel_reach,C0_uncontained,runc,off,weak,runc,12,contained,682.921,,probe
E11,E_host_kernel_reach,C0_uncontained,runc,off,weak,runc,12,succeeded,723.043,,probe
F1,F_rule_tampering,C0_uncontained,runc,off,weak,runc,12,succeeded,795.589,,probe
F2,F_rule_tampering,C0_uncontained,runc,off,weak,runc,12,succeeded,756.356,,probe
A1,A_identity_key,C0_uncontained,runc,off,weak,runc,13,succeeded,809.624,,probe
A2,A_identity_key,C0_uncontained,runc,off,weak,runc,13,succeeded,885.711,,probe
A3,A_identity_key,C0_uncontained,runc,off,weak,runc,13,succeeded,819.810,,probe
B1,B_wallet_state,C0_uncontained,runc,off,weak,runc,13,succeeded,705.195,,probe
B2,B_wallet_state,C0_uncontained,runc,off,weak,runc,13,succeeded,720.604,,probe
C1,C_log_integrity,C0_uncontained,runc,off,weak,runc,13,succeeded,777.822,,probe
C2,C_log_integrity,C0_uncontained,runc,off,weak,runc,13,succeeded,742.416,,probe
C3,C_log_integrity,C0_uncontained,runc,off,weak,runc,13,succeeded,755.716,,probe
D1,D_network_egress,C0_uncontained,runc,off,weak,runc,13,succeeded,679.813,,probe
D2,D_network_egress,C0_uncontained,runc,off,weak,runc,13,succeeded,694.225,,probe
D3,D_network_egress,C0_uncontained,runc,off,weak,runc,13,succeeded,706.955,,probe
E1,E_host_kernel_reach,C0_uncontained,runc,off,weak,runc,13,succeeded,769.897,,probe
E2,E_host_kernel_reach,C0_uncontained,runc,off,weak,runc,13,succeeded,790.057,,probe
E3,E_host_kernel_reach,C0_uncontained,runc,off,weak,runc,13,succeeded,615.244,,probe
E4,E_host_kernel_reach,C0_uncontained,runc,off,weak,runc,13,succeeded,780.731,,probe
E5,E_host_kernel_reach,C0_uncontained,runc,off,weak,runc,13,contained,800.177,,probe
E6,E_host_kernel_reach,C0_uncontained,runc,off,weak,runc,13,contained,636.431,,probe
E7,E_host_kernel_reach,C0_uncontained,runc,off,weak,runc,13,contained,601.013,,probe
E8,E_host_kernel_reach,C0_uncontained,runc,off,weak,runc,13,succeeded,759.303,,probe
E9,E_host_kernel_reach,C0_uncontained,runc,off,weak,runc,13,contained,611.046,,probe
E10,E_host_kernel_reach,C0_uncontained,runc,off,weak,runc,13,contained,596.772,,probe
E11,E_host_kernel_reach,C0_uncontained,runc,off,weak,runc,13,succeeded,713.817,,probe
F1,F_rule_tampering,C0_uncontained,runc,off,weak,runc,13,succeeded,756.119,,probe
F2,F_rule_tampering,C0_uncontained,runc,off,weak,runc,13,succeeded,781.060,,probe
A1,A_identity_key,C0_uncontained,runc,off,weak,runc,14,succeeded,724.437,,probe
A2,A_identity_key,C0_uncontained,runc,off,weak,runc,14,succeeded,742.730,,probe
A3,A_identity_key,C0_uncontained,runc,off,weak,runc,14,succeeded,704.261,,probe
B1,B_wallet_state,C0_uncontained,runc,off,weak,runc,14,succeeded,856.549,,probe
B2,B_wallet_state,C0_uncontained,runc,off,weak,runc,14,succeeded,760.499,,probe
C1,C_log_integrity,C0_uncontained,runc,off,weak,runc,14,succeeded,726.016,,probe
C2,C_log_integrity,C0_uncontained,runc,off,weak,runc,14,succeeded,719.047,,probe
C3,C_log_integrity,C0_uncontained,runc,off,weak,runc,14,succeeded,729.345,,probe
D1,D_network_egress,C0_uncontained,runc,off,weak,runc,14,succeeded,834.455,,probe
D2,D_network_egress,C0_uncontained,runc,off,weak,runc,14,succeeded,640.797,,probe
D3,D_network_egress,C0_uncontained,runc,off,weak,runc,14,succeeded,709.865,,probe
E1,E_host_kernel_reach,C0_uncontained,runc,off,weak,runc,14,succeeded,759.896,,probe
E2,E_host_kernel_reach,C0_uncontained,runc,off,weak,runc,14,succeeded,816.814,,probe
E3,E_host_kernel_reach,C0_uncontained,runc,off,weak,runc,14,succeeded,586.233,,probe
E4,E_host_kernel_reach,C0_uncontained,runc,off,weak,runc,14,succeeded,758.181,,probe
E5,E_host_kernel_reach,C0_uncontained,runc,off,weak,runc,14,contained,708.200,,probe
E6,E_host_kernel_reach,C0_uncontained,runc,off,weak,runc,14,contained,709.808,,probe
E7,E_host_kernel_reach,C0_uncontained,runc,off,weak,runc,14,contained,580.816,,probe
E8,E_host_kernel_reach,C0_uncontained,runc,off,weak,runc,14,succeeded,779.973,,probe
E9,E_host_kernel_reach,C0_uncontained,runc,off,weak,runc,14,contained,604.222,,probe
E10,E_host_kernel_reach,C0_uncontained,runc,off,weak,runc,14,contained,525.182,,probe
E11,E_host_kernel_reach,C0_uncontained,runc,off,weak,runc,14,succeeded,784.043,,probe
F1,F_rule_tampering,C0_uncontained,runc,off,weak,runc,14,succeeded,718.969,,probe
F2,F_rule_tampering,C0_uncontained,runc,off,weak,runc,14,succeeded,787.888,,probe
A1,A_identity_key,C0_uncontained,runc,off,weak,runc,15,succeeded,860.797,,probe
A2,A_identity_key,C0_uncontained,runc,off,weak,runc,15,succeeded,861.980,,probe
A3,A_identity_key,C0_uncontained,runc,off,weak,runc,15,succeeded,770.559,,probe
B1,B_wallet_state,C0_uncontained,runc,off,weak,runc,15,succeeded,748.022,,probe
B2,B_wallet_state,C0_uncontained,runc,off,weak,runc,15,succeeded,770.294,,probe
C1,C_log_integrity,C0_uncontained,runc,off,weak,runc,15,succeeded,711.269,,probe
C2,C_log_integrity,C0_uncontained,runc,off,weak,runc,15,succeeded,755.272,,probe
C3,C_log_integrity,C0_uncontained,runc,off,weak,runc,15,succeeded,891.036,,probe
D1,D_network_egress,C0_uncontained,runc,off,weak,runc,15,succeeded,763.412,,probe
D2,D_network_egress,C0_uncontained,runc,off,weak,runc,15,succeeded,686.817,,probe
D3,D_network_egress,C0_uncontained,runc,off,weak,runc,15,succeeded,704.431,,probe
E1,E_host_kernel_reach,C0_uncontained,runc,off,weak,runc,15,succeeded,852.495,,probe
E2,E_host_kernel_reach,C0_uncontained,runc,off,weak,runc,15,succeeded,798.096,,probe
E3,E_host_kernel_reach,C0_uncontained,runc,off,weak,runc,15,succeeded,593.433,,probe
E4,E_host_kernel_reach,C0_uncontained,runc,off,weak,runc,15,succeeded,740.335,,probe
E5,E_host_kernel_reach,C0_uncontained,runc,off,weak,runc,15,contained,891.046,,probe
E6,E_host_kernel_reach,C0_uncontained,runc,off,weak,runc,15,contained,929.263,,probe
E7,E_host_kernel_reach,C0_uncontained,runc,off,weak,runc,15,contained,678.902,,probe
E8,E_host_kernel_reach,C0_uncontained,runc,off,weak,runc,15,succeeded,802.981,,probe
E9,E_host_kernel_reach,C0_uncontained,runc,off,weak,runc,15,contained,640.755,,probe
E10,E_host_kernel_reach,C0_uncontained,runc,off,weak,runc,15,contained,586.930,,probe
E11,E_host_kernel_reach,C0_uncontained,runc,off,weak,runc,15,succeeded,790.187,,probe
F1,F_rule_tampering,C0_uncontained,runc,off,weak,runc,15,succeeded,1039.954,,probe
F2,F_rule_tampering,C0_uncontained,runc,off,weak,runc,15,succeeded,973.346,,probe
A1,A_identity_key,C0_uncontained,runc,off,weak,runc,16,succeeded,868.175,,probe
A2,A_identity_key,C0_uncontained,runc,off,weak,runc,16,succeeded,753.907,,probe
A3,A_identity_key,C0_uncontained,runc,off,weak,runc,16,succeeded,763.342,,probe
B1,B_wallet_state,C0_uncontained,runc,off,weak,runc,16,succeeded,763.505,,probe
B2,B_wallet_state,C0_uncontained,runc,off,weak,runc,16,succeeded,787.891,,probe
C1,C_log_integrity,C0_uncontained,runc,off,weak,runc,16,succeeded,768.479,,probe
C2,C_log_integrity,C0_uncontained,runc,off,weak,runc,16,succeeded,773.954,,probe
C3,C_log_integrity,C0_uncontained,runc,off,weak,runc,16,succeeded,747.828,,probe
D1,D_network_egress,C0_uncontained,runc,off,weak,runc,16,succeeded,694.727,,probe
D2,D_network_egress,C0_uncontained,runc,off,weak,runc,16,succeeded,761.564,,probe
D3,D_network_egress,C0_uncontained,runc,off,weak,runc,16,succeeded,754.869,,probe
E1,E_host_kernel_reach,C0_uncontained,runc,off,weak,runc,16,succeeded,778.555,,probe
E2,E_host_kernel_reach,C0_uncontained,runc,off,weak,runc,16,succeeded,708.552,,probe
E3,E_host_kernel_reach,C0_uncontained,runc,off,weak,runc,16,succeeded,642.351,,probe
E4,E_host_kernel_reach,C0_uncontained,runc,off,weak,runc,16,succeeded,764.690,,probe
E5,E_host_kernel_reach,C0_uncontained,runc,off,weak,runc,16,contained,799.327,,probe
E6,E_host_kernel_reach,C0_uncontained,runc,off,weak,runc,16,contained,623.087,,probe
E7,E_host_kernel_reach,C0_uncontained,runc,off,weak,runc,16,contained,629.194,,probe
E8,E_host_kernel_reach,C0_uncontained,runc,off,weak,runc,16,succeeded,802.456,,probe
E9,E_host_kernel_reach,C0_uncontained,runc,off,weak,runc,16,contained,623.972,,probe
E10,E_host_kernel_reach,C0_uncontained,runc,off,weak,runc,16,contained,640.098,,probe
E11,E_host_kernel_reach,C0_uncontained,runc,off,weak,runc,16,succeeded,695.192,,probe
F1,F_rule_tampering,C0_uncontained,runc,off,weak,runc,16,succeeded,803.311,,probe
F2,F_rule_tampering,C0_uncontained,runc,off,weak,runc,16,succeeded,884.302,,probe
A1,A_identity_key,C0_uncontained,runc,off,weak,runc,17,succeeded,783.045,,probe
A2,A_identity_key,C0_uncontained,runc,off,weak,runc,17,succeeded,768.534,,probe
A3,A_identity_key,C0_uncontained,runc,off,weak,runc,17,succeeded,740.894,,probe
B1,B_wallet_state,C0_uncontained,runc,off,weak,runc,17,succeeded,743.466,,probe
B2,B_wallet_state,C0_uncontained,runc,off,weak,runc,17,succeeded,797.912,,probe
C1,C_log_integrity,C0_uncontained,runc,off,weak,runc,17,succeeded,802.065,,probe
C2,C_log_integrity,C0_uncontained,runc,off,weak,runc,17,succeeded,731.342,,probe
C3,C_log_integrity,C0_uncontained,runc,off,weak,runc,17,succeeded,748.738,,probe
D1,D_network_egress,C0_uncontained,runc,off,weak,runc,17,succeeded,724.048,,probe
D2,D_network_egress,C0_uncontained,runc,off,weak,runc,17,succeeded,823.734,,probe
D3,D_network_egress,C0_uncontained,runc,off,weak,runc,17,succeeded,778.484,,probe
E1,E_host_kernel_reach,C0_uncontained,runc,off,weak,runc,17,succeeded,778.601,,probe
E2,E_host_kernel_reach,C0_uncontained,runc,off,weak,runc,17,succeeded,812.004,,probe
E3,E_host_kernel_reach,C0_uncontained,runc,off,weak,runc,17,succeeded,613.093,,probe
E4,E_host_kernel_reach,C0_uncontained,runc,off,weak,runc,17,succeeded,779.334,,probe
E5,E_host_kernel_reach,C0_uncontained,runc,off,weak,runc,17,contained,827.740,,probe
E6,E_host_kernel_reach,C0_uncontained,runc,off,weak,runc,17,contained,632.539,,probe
E7,E_host_kernel_reach,C0_uncontained,runc,off,weak,runc,17,contained,652.169,,probe
E8,E_host_kernel_reach,C0_uncontained,runc,off,weak,runc,17,succeeded,777.095,,probe
E9,E_host_kernel_reach,C0_uncontained,runc,off,weak,runc,17,contained,707.166,,probe
E10,E_host_kernel_reach,C0_uncontained,runc,off,weak,runc,17,contained,661.969,,probe
E11,E_host_kernel_reach,C0_uncontained,runc,off,weak,runc,17,succeeded,708.955,,probe
F1,F_rule_tampering,C0_uncontained,runc,off,weak,runc,17,succeeded,763.491,,probe
F2,F_rule_tampering,C0_uncontained,runc,off,weak,runc,17,succeeded,774.737,,probe
A1,A_identity_key,C0_uncontained,runc,off,weak,runc,18,succeeded,757.633,,probe
A2,A_identity_key,C0_uncontained,runc,off,weak,runc,18,succeeded,809.231,,probe
A3,A_identity_key,C0_uncontained,runc,off,weak,runc,18,succeeded,756.226,,probe
B1,B_wallet_state,C0_uncontained,runc,off,weak,runc,18,succeeded,773.933,,probe
B2,B_wallet_state,C0_uncontained,runc,off,weak,runc,18,succeeded,846.153,,probe
C1,C_log_integrity,C0_uncontained,runc,off,weak,runc,18,succeeded,970.611,,probe
C2,C_log_integrity,C0_uncontained,runc,off,weak,runc,18,succeeded,822.424,,probe
C3,C_log_integrity,C0_uncontained,runc,off,weak,runc,18,succeeded,772.798,,probe
D1,D_network_egress,C0_uncontained,runc,off,weak,runc,18,succeeded,719.644,,probe
D2,D_network_egress,C0_uncontained,runc,off,weak,runc,18,succeeded,669.983,,probe
D3,D_network_egress,C0_uncontained,runc,off,weak,runc,18,succeeded,788.974,,probe
E1,E_host_kernel_reach,C0_uncontained,runc,off,weak,runc,18,succeeded,800.873,,probe
E2,E_host_kernel_reach,C0_uncontained,runc,off,weak,runc,18,succeeded,812.425,,probe
E3,E_host_kernel_reach,C0_uncontained,runc,off,weak,runc,18,succeeded,585.739,,probe
E4,E_host_kernel_reach,C0_uncontained,runc,off,weak,runc,18,succeeded,736.736,,probe
E5,E_host_kernel_reach,C0_uncontained,runc,off,weak,runc,18,contained,766.953,,probe
E6,E_host_kernel_reach,C0_uncontained,runc,off,weak,runc,18,contained,622.579,,probe
E7,E_host_kernel_reach,C0_uncontained,runc,off,weak,runc,18,contained,639.091,,probe
E8,E_host_kernel_reach,C0_uncontained,runc,off,weak,runc,18,succeeded,845.190,,probe
E9,E_host_kernel_reach,C0_uncontained,runc,off,weak,runc,18,contained,705.778,,probe
E10,E_host_kernel_reach,C0_uncontained,runc,off,weak,runc,18,contained,657.315,,probe
E11,E_host_kernel_reach,C0_uncontained,runc,off,weak,runc,18,succeeded,774.699,,probe
F1,F_rule_tampering,C0_uncontained,runc,off,weak,runc,18,succeeded,846.025,,probe
F2,F_rule_tampering,C0_uncontained,runc,off,weak,runc,18,succeeded,932.531,,probe
A1,A_identity_key,C0_uncontained,runc,off,weak,runc,19,succeeded,872.908,,probe
A2,A_identity_key,C0_uncontained,runc,off,weak,runc,19,succeeded,1320.280,,probe
A3,A_identity_key,C0_uncontained,runc,off,weak,runc,19,succeeded,908.517,,probe
B1,B_wallet_state,C0_uncontained,runc,off,weak,runc,19,succeeded,742.779,,probe
B2,B_wallet_state,C0_uncontained,runc,off,weak,runc,19,succeeded,844.821,,probe
C1,C_log_integrity,C0_uncontained,runc,off,weak,runc,19,succeeded,904.755,,probe
C2,C_log_integrity,C0_uncontained,runc,off,weak,runc,19,succeeded,843.340,,probe
C3,C_log_integrity,C0_uncontained,runc,off,weak,runc,19,succeeded,910.222,,probe
D1,D_network_egress,C0_uncontained,runc,off,weak,runc,19,succeeded,766.918,,probe
D2,D_network_egress,C0_uncontained,runc,off,weak,runc,19,succeeded,721.205,,probe
D3,D_network_egress,C0_uncontained,runc,off,weak,runc,19,succeeded,747.907,,probe
E1,E_host_kernel_reach,C0_uncontained,runc,off,weak,runc,19,succeeded,768.755,,probe
E2,E_host_kernel_reach,C0_uncontained,runc,off,weak,runc,19,succeeded,739.394,,probe
E3,E_host_kernel_reach,C0_uncontained,runc,off,weak,runc,19,succeeded,613.953,,probe
E4,E_host_kernel_reach,C0_uncontained,runc,off,weak,runc,19,succeeded,815.917,,probe
E5,E_host_kernel_reach,C0_uncontained,runc,off,weak,runc,19,contained,765.603,,probe
E6,E_host_kernel_reach,C0_uncontained,runc,off,weak,runc,19,contained,613.921,,probe
E7,E_host_kernel_reach,C0_uncontained,runc,off,weak,runc,19,contained,603.731,,probe
E8,E_host_kernel_reach,C0_uncontained,runc,off,weak,runc,19,succeeded,724.765,,probe
E9,E_host_kernel_reach,C0_uncontained,runc,off,weak,runc,19,contained,646.746,,probe
E10,E_host_kernel_reach,C0_uncontained,runc,off,weak,runc,19,contained,616.846,,probe
E11,E_host_kernel_reach,C0_uncontained,runc,off,weak,runc,19,succeeded,733.218,,probe
F1,F_rule_tampering,C0_uncontained,runc,off,weak,runc,19,succeeded,721.906,,probe
F2,F_rule_tampering,C0_uncontained,runc,off,weak,runc,19,succeeded,760.388,,probe
A1,A_identity_key,C0_uncontained,runc,off,weak,runc,20,succeeded,782.887,,probe
A2,A_identity_key,C0_uncontained,runc,off,weak,runc,20,succeeded,861.049,,probe
A3,A_identity_key,C0_uncontained,runc,off,weak,runc,20,succeeded,813.609,,probe
B1,B_wallet_state,C0_uncontained,runc,off,weak,runc,20,succeeded,744.160,,probe
B2,B_wallet_state,C0_uncontained,runc,off,weak,runc,20,succeeded,741.434,,probe
C1,C_log_integrity,C0_uncontained,runc,off,weak,runc,20,succeeded,797.620,,probe
C2,C_log_integrity,C0_uncontained,runc,off,weak,runc,20,succeeded,889.110,,probe
C3,C_log_integrity,C0_uncontained,runc,off,weak,runc,20,succeeded,814.406,,probe
D1,D_network_egress,C0_uncontained,runc,off,weak,runc,20,succeeded,838.298,,probe
D2,D_network_egress,C0_uncontained,runc,off,weak,runc,20,succeeded,714.664,,probe
D3,D_network_egress,C0_uncontained,runc,off,weak,runc,20,succeeded,731.994,,probe
E1,E_host_kernel_reach,C0_uncontained,runc,off,weak,runc,20,succeeded,749.445,,probe
E2,E_host_kernel_reach,C0_uncontained,runc,off,weak,runc,20,succeeded,763.562,,probe
E3,E_host_kernel_reach,C0_uncontained,runc,off,weak,runc,20,succeeded,594.144,,probe
E4,E_host_kernel_reach,C0_uncontained,runc,off,weak,runc,20,succeeded,720.108,,probe
E5,E_host_kernel_reach,C0_uncontained,runc,off,weak,runc,20,contained,745.190,,probe
E6,E_host_kernel_reach,C0_uncontained,runc,off,weak,runc,20,contained,674.819,,probe
E7,E_host_kernel_reach,C0_uncontained,runc,off,weak,runc,20,contained,597.226,,probe
E8,E_host_kernel_reach,C0_uncontained,runc,off,weak,runc,20,succeeded,791.403,,probe
E9,E_host_kernel_reach,C0_uncontained,runc,off,weak,runc,20,contained,645.092,,probe
E10,E_host_kernel_reach,C0_uncontained,runc,off,weak,runc,20,contained,629.630,,probe
E11,E_host_kernel_reach,C0_uncontained,runc,off,weak,runc,20,succeeded,709.278,,probe
F1,F_rule_tampering,C0_uncontained,runc,off,weak,runc,20,succeeded,749.602,,probe
F2,F_rule_tampering,C0_uncontained,runc,off,weak,runc,20,succeeded,775.691,,probe
L1,L_legitimate,C0_uncontained,runc,off,weak,runc,1,succeeded,867.337,,legitimate
L2,L_legitimate,C0_uncontained,runc,off,weak,runc,1,succeeded,2.500,,legitimate
L3,L_legitimate,C0_uncontained,runc,off,weak,runc,1,succeeded,0.086,,legitimate
L4,L_legitimate,C0_uncontained,runc,off,weak,runc,1,succeeded,767.256,,legitimate
A1,A_identity_key,B1_runc_hardened,runc-hardened,off,hardened,runc,1,succeeded,767.842,,probe
A2,A_identity_key,B1_runc_hardened,runc-hardened,off,hardened,runc,1,succeeded,787.645,,probe
A3,A_identity_key,B1_runc_hardened,runc-hardened,off,hardened,runc,1,succeeded,787.950,,probe
B1,B_wallet_state,B1_runc_hardened,runc-hardened,off,hardened,runc,1,succeeded,720.752,,probe
B2,B_wallet_state,B1_runc_hardened,runc-hardened,off,hardened,runc,1,succeeded,724.079,,probe
C1,C_log_integrity,B1_runc_hardened,runc-hardened,off,hardened,runc,1,succeeded,697.017,,probe
C2,C_log_integrity,B1_runc_hardened,runc-hardened,off,hardened,runc,1,succeeded,791.247,,probe
C3,C_log_integrity,B1_runc_hardened,runc-hardened,off,hardened,runc,1,succeeded,715.503,,probe
D1,D_network_egress,B1_runc_hardened,runc-hardened,off,hardened,runc,1,succeeded,710.020,,probe
D2,D_network_egress,B1_runc_hardened,runc-hardened,off,hardened,runc,1,succeeded,680.278,,probe
D3,D_network_egress,B1_runc_hardened,runc-hardened,off,hardened,runc,1,succeeded,719.896,,probe
E1,E_host_kernel_reach,B1_runc_hardened,runc-hardened,off,hardened,runc,1,succeeded,808.347,,probe
E2,E_host_kernel_reach,B1_runc_hardened,runc-hardened,off,hardened,runc,1,succeeded,776.063,,probe
E3,E_host_kernel_reach,B1_runc_hardened,runc-hardened,off,hardened,runc,1,contained,592.541,,probe
E4,E_host_kernel_reach,B1_runc_hardened,runc-hardened,off,hardened,runc,1,contained,694.878,,probe
E5,E_host_kernel_reach,B1_runc_hardened,runc-hardened,off,hardened,runc,1,contained,715.087,,probe
E6,E_host_kernel_reach,B1_runc_hardened,runc-hardened,off,hardened,runc,1,contained,586.183,,probe
E7,E_host_kernel_reach,B1_runc_hardened,runc-hardened,off,hardened,runc,1,contained,601.035,,probe
E8,E_host_kernel_reach,B1_runc_hardened,runc-hardened,off,hardened,runc,1,contained,825.282,,probe
E9,E_host_kernel_reach,B1_runc_hardened,runc-hardened,off,hardened,runc,1,contained,634.396,,probe
E10,E_host_kernel_reach,B1_runc_hardened,runc-hardened,off,hardened,runc,1,contained,629.774,,probe
E11,E_host_kernel_reach,B1_runc_hardened,runc-hardened,off,hardened,runc,1,succeeded,786.481,,probe
F1,F_rule_tampering,B1_runc_hardened,runc-hardened,off,hardened,runc,1,succeeded,749.232,,probe
F2,F_rule_tampering,B1_runc_hardened,runc-hardened,off,hardened,runc,1,succeeded,818.091,,probe
A1,A_identity_key,B1_runc_hardened,runc-hardened,off,hardened,runc,2,succeeded,935.363,,probe
A2,A_identity_key,B1_runc_hardened,runc-hardened,off,hardened,runc,2,succeeded,809.965,,probe
A3,A_identity_key,B1_runc_hardened,runc-hardened,off,hardened,runc,2,succeeded,832.416,,probe
B1,B_wallet_state,B1_runc_hardened,runc-hardened,off,hardened,runc,2,succeeded,742.964,,probe
B2,B_wallet_state,B1_runc_hardened,runc-hardened,off,hardened,runc,2,succeeded,706.310,,probe
C1,C_log_integrity,B1_runc_hardened,runc-hardened,off,hardened,runc,2,succeeded,814.650,,probe
C2,C_log_integrity,B1_runc_hardened,runc-hardened,off,hardened,runc,2,succeeded,767.789,,probe
C3,C_log_integrity,B1_runc_hardened,runc-hardened,off,hardened,runc,2,succeeded,739.181,,probe
D1,D_network_egress,B1_runc_hardened,runc-hardened,off,hardened,runc,2,succeeded,907.088,,probe
D2,D_network_egress,B1_runc_hardened,runc-hardened,off,hardened,runc,2,succeeded,677.545,,probe
D3,D_network_egress,B1_runc_hardened,runc-hardened,off,hardened,runc,2,succeeded,678.668,,probe
E1,E_host_kernel_reach,B1_runc_hardened,runc-hardened,off,hardened,runc,2,succeeded,747.205,,probe
E2,E_host_kernel_reach,B1_runc_hardened,runc-hardened,off,hardened,runc,2,succeeded,734.429,,probe
E3,E_host_kernel_reach,B1_runc_hardened,runc-hardened,off,hardened,runc,2,contained,624.528,,probe
E4,E_host_kernel_reach,B1_runc_hardened,runc-hardened,off,hardened,runc,2,contained,671.143,,probe
E5,E_host_kernel_reach,B1_runc_hardened,runc-hardened,off,hardened,runc,2,contained,717.855,,probe
E6,E_host_kernel_reach,B1_runc_hardened,runc-hardened,off,hardened,runc,2,contained,633.734,,probe
E7,E_host_kernel_reach,B1_runc_hardened,runc-hardened,off,hardened,runc,2,contained,591.424,,probe
E8,E_host_kernel_reach,B1_runc_hardened,runc-hardened,off,hardened,runc,2,contained,742.232,,probe
E9,E_host_kernel_reach,B1_runc_hardened,runc-hardened,off,hardened,runc,2,contained,651.445,,probe
E10,E_host_kernel_reach,B1_runc_hardened,runc-hardened,off,hardened,runc,2,contained,591.285,,probe
E11,E_host_kernel_reach,B1_runc_hardened,runc-hardened,off,hardened,runc,2,succeeded,610.844,,probe
F1,F_rule_tampering,B1_runc_hardened,runc-hardened,off,hardened,runc,2,succeeded,775.206,,probe
F2,F_rule_tampering,B1_runc_hardened,runc-hardened,off,hardened,runc,2,succeeded,712.003,,probe
A1,A_identity_key,B1_runc_hardened,runc-hardened,off,hardened,runc,3,succeeded,702.013,,probe
A2,A_identity_key,B1_runc_hardened,runc-hardened,off,hardened,runc,3,succeeded,732.694,,probe
A3,A_identity_key,B1_runc_hardened,runc-hardened,off,hardened,runc,3,succeeded,813.029,,probe
B1,B_wallet_state,B1_runc_hardened,runc-hardened,off,hardened,runc,3,succeeded,697.829,,probe
B2,B_wallet_state,B1_runc_hardened,runc-hardened,off,hardened,runc,3,succeeded,741.518,,probe
C1,C_log_integrity,B1_runc_hardened,runc-hardened,off,hardened,runc,3,succeeded,715.268,,probe
C2,C_log_integrity,B1_runc_hardened,runc-hardened,off,hardened,runc,3,succeeded,819.570,,probe
C3,C_log_integrity,B1_runc_hardened,runc-hardened,off,hardened,runc,3,succeeded,784.586,,probe
D1,D_network_egress,B1_runc_hardened,runc-hardened,off,hardened,runc,3,succeeded,726.731,,probe
D2,D_network_egress,B1_runc_hardened,runc-hardened,off,hardened,runc,3,succeeded,691.687,,probe
D3,D_network_egress,B1_runc_hardened,runc-hardened,off,hardened,runc,3,succeeded,664.800,,probe
E1,E_host_kernel_reach,B1_runc_hardened,runc-hardened,off,hardened,runc,3,succeeded,695.739,,probe
E2,E_host_kernel_reach,B1_runc_hardened,runc-hardened,off,hardened,runc,3,succeeded,685.799,,probe
E3,E_host_kernel_reach,B1_runc_hardened,runc-hardened,off,hardened,runc,3,contained,590.882,,probe
E4,E_host_kernel_reach,B1_runc_hardened,runc-hardened,off,hardened,runc,3,contained,760.727,,probe
E5,E_host_kernel_reach,B1_runc_hardened,runc-hardened,off,hardened,runc,3,contained,775.410,,probe
E6,E_host_kernel_reach,B1_runc_hardened,runc-hardened,off,hardened,runc,3,contained,615.494,,probe
E7,E_host_kernel_reach,B1_runc_hardened,runc-hardened,off,hardened,runc,3,contained,630.053,,probe
E8,E_host_kernel_reach,B1_runc_hardened,runc-hardened,off,hardened,runc,3,contained,727.663,,probe
E9,E_host_kernel_reach,B1_runc_hardened,runc-hardened,off,hardened,runc,3,contained,589.334,,probe
E10,E_host_kernel_reach,B1_runc_hardened,runc-hardened,off,hardened,runc,3,contained,556.932,,probe
E11,E_host_kernel_reach,B1_runc_hardened,runc-hardened,off,hardened,runc,3,succeeded,691.800,,probe
F1,F_rule_tampering,B1_runc_hardened,runc-hardened,off,hardened,runc,3,succeeded,739.110,,probe
F2,F_rule_tampering,B1_runc_hardened,runc-hardened,off,hardened,runc,3,succeeded,808.154,,probe
A1,A_identity_key,B1_runc_hardened,runc-hardened,off,hardened,runc,4,succeeded,688.135,,probe
A2,A_identity_key,B1_runc_hardened,runc-hardened,off,hardened,runc,4,succeeded,712.589,,probe
A3,A_identity_key,B1_runc_hardened,runc-hardened,off,hardened,runc,4,succeeded,722.458,,probe
B1,B_wallet_state,B1_runc_hardened,runc-hardened,off,hardened,runc,4,succeeded,767.026,,probe
B2,B_wallet_state,B1_runc_hardened,runc-hardened,off,hardened,runc,4,succeeded,781.259,,probe
C1,C_log_integrity,B1_runc_hardened,runc-hardened,off,hardened,runc,4,succeeded,765.742,,probe
C2,C_log_integrity,B1_runc_hardened,runc-hardened,off,hardened,runc,4,succeeded,701.008,,probe
C3,C_log_integrity,B1_runc_hardened,runc-hardened,off,hardened,runc,4,succeeded,778.645,,probe
D1,D_network_egress,B1_runc_hardened,runc-hardened,off,hardened,runc,4,succeeded,646.380,,probe
D2,D_network_egress,B1_runc_hardened,runc-hardened,off,hardened,runc,4,succeeded,643.092,,probe
D3,D_network_egress,B1_runc_hardened,runc-hardened,off,hardened,runc,4,succeeded,739.757,,probe
E1,E_host_kernel_reach,B1_runc_hardened,runc-hardened,off,hardened,runc,4,succeeded,789.885,,probe
E2,E_host_kernel_reach,B1_runc_hardened,runc-hardened,off,hardened,runc,4,succeeded,707.305,,probe
E3,E_host_kernel_reach,B1_runc_hardened,runc-hardened,off,hardened,runc,4,contained,572.262,,probe
E4,E_host_kernel_reach,B1_runc_hardened,runc-hardened,off,hardened,runc,4,contained,743.529,,probe
E5,E_host_kernel_reach,B1_runc_hardened,runc-hardened,off,hardened,runc,4,contained,791.596,,probe
E6,E_host_kernel_reach,B1_runc_hardened,runc-hardened,off,hardened,runc,4,contained,602.734,,probe
E7,E_host_kernel_reach,B1_runc_hardened,runc-hardened,off,hardened,runc,4,contained,599.533,,probe
E8,E_host_kernel_reach,B1_runc_hardened,runc-hardened,off,hardened,runc,4,contained,806.620,,probe
E9,E_host_kernel_reach,B1_runc_hardened,runc-hardened,off,hardened,runc,4,contained,590.850,,probe
E10,E_host_kernel_reach,B1_runc_hardened,runc-hardened,off,hardened,runc,4,contained,586.679,,probe
E11,E_host_kernel_reach,B1_runc_hardened,runc-hardened,off,hardened,runc,4,succeeded,735.258,,probe
F1,F_rule_tampering,B1_runc_hardened,runc-hardened,off,hardened,runc,4,succeeded,737.760,,probe
F2,F_rule_tampering,B1_runc_hardened,runc-hardened,off,hardened,runc,4,succeeded,690.257,,probe
A1,A_identity_key,B1_runc_hardened,runc-hardened,off,hardened,runc,5,succeeded,831.773,,probe
A2,A_identity_key,B1_runc_hardened,runc-hardened,off,hardened,runc,5,succeeded,1489.436,,probe
A3,A_identity_key,B1_runc_hardened,runc-hardened,off,hardened,runc,5,succeeded,967.237,,probe
B1,B_wallet_state,B1_runc_hardened,runc-hardened,off,hardened,runc,5,succeeded,856.933,,probe
B2,B_wallet_state,B1_runc_hardened,runc-hardened,off,hardened,runc,5,succeeded,976.006,,probe
C1,C_log_integrity,B1_runc_hardened,runc-hardened,off,hardened,runc,5,succeeded,926.100,,probe
C2,C_log_integrity,B1_runc_hardened,runc-hardened,off,hardened,runc,5,succeeded,813.786,,probe
C3,C_log_integrity,B1_runc_hardened,runc-hardened,off,hardened,runc,5,succeeded,1156.292,,probe
D1,D_network_egress,B1_runc_hardened,runc-hardened,off,hardened,runc,5,succeeded,917.735,,probe
D2,D_network_egress,B1_runc_hardened,runc-hardened,off,hardened,runc,5,succeeded,731.199,,probe
D3,D_network_egress,B1_runc_hardened,runc-hardened,off,hardened,runc,5,succeeded,899.821,,probe
E1,E_host_kernel_reach,B1_runc_hardened,runc-hardened,off,hardened,runc,5,succeeded,927.854,,probe
E2,E_host_kernel_reach,B1_runc_hardened,runc-hardened,off,hardened,runc,5,succeeded,789.209,,probe
E3,E_host_kernel_reach,B1_runc_hardened,runc-hardened,off,hardened,runc,5,contained,637.234,,probe
E4,E_host_kernel_reach,B1_runc_hardened,runc-hardened,off,hardened,runc,5,contained,713.119,,probe
E5,E_host_kernel_reach,B1_runc_hardened,runc-hardened,off,hardened,runc,5,contained,738.626,,probe
E6,E_host_kernel_reach,B1_runc_hardened,runc-hardened,off,hardened,runc,5,contained,602.276,,probe
E7,E_host_kernel_reach,B1_runc_hardened,runc-hardened,off,hardened,runc,5,contained,632.622,,probe
E8,E_host_kernel_reach,B1_runc_hardened,runc-hardened,off,hardened,runc,5,contained,703.748,,probe
E9,E_host_kernel_reach,B1_runc_hardened,runc-hardened,off,hardened,runc,5,contained,603.936,,probe
E10,E_host_kernel_reach,B1_runc_hardened,runc-hardened,off,hardened,runc,5,contained,623.252,,probe
E11,E_host_kernel_reach,B1_runc_hardened,runc-hardened,off,hardened,runc,5,succeeded,643.548,,probe
F1,F_rule_tampering,B1_runc_hardened,runc-hardened,off,hardened,runc,5,succeeded,733.758,,probe
F2,F_rule_tampering,B1_runc_hardened,runc-hardened,off,hardened,runc,5,succeeded,748.779,,probe
A1,A_identity_key,B1_runc_hardened,runc-hardened,off,hardened,runc,6,succeeded,730.201,,probe
A2,A_identity_key,B1_runc_hardened,runc-hardened,off,hardened,runc,6,succeeded,665.545,,probe
A3,A_identity_key,B1_runc_hardened,runc-hardened,off,hardened,runc,6,succeeded,774.576,,probe
B1,B_wallet_state,B1_runc_hardened,runc-hardened,off,hardened,runc,6,succeeded,716.029,,probe
B2,B_wallet_state,B1_runc_hardened,runc-hardened,off,hardened,runc,6,succeeded,742.630,,probe
C1,C_log_integrity,B1_runc_hardened,runc-hardened,off,hardened,runc,6,succeeded,689.805,,probe
C2,C_log_integrity,B1_runc_hardened,runc-hardened,off,hardened,runc,6,succeeded,762.916,,probe
C3,C_log_integrity,B1_runc_hardened,runc-hardened,off,hardened,runc,6,succeeded,729.037,,probe
D1,D_network_egress,B1_runc_hardened,runc-hardened,off,hardened,runc,6,succeeded,687.738,,probe
D2,D_network_egress,B1_runc_hardened,runc-hardened,off,hardened,runc,6,succeeded,681.051,,probe
D3,D_network_egress,B1_runc_hardened,runc-hardened,off,hardened,runc,6,succeeded,690.750,,probe
E1,E_host_kernel_reach,B1_runc_hardened,runc-hardened,off,hardened,runc,6,succeeded,798.590,,probe
E2,E_host_kernel_reach,B1_runc_hardened,runc-hardened,off,hardened,runc,6,succeeded,770.827,,probe
E3,E_host_kernel_reach,B1_runc_hardened,runc-hardened,off,hardened,runc,6,contained,619.781,,probe
E4,E_host_kernel_reach,B1_runc_hardened,runc-hardened,off,hardened,runc,6,contained,674.474,,probe
E5,E_host_kernel_reach,B1_runc_hardened,runc-hardened,off,hardened,runc,6,contained,735.155,,probe
E6,E_host_kernel_reach,B1_runc_hardened,runc-hardened,off,hardened,runc,6,contained,610.703,,probe
E7,E_host_kernel_reach,B1_runc_hardened,runc-hardened,off,hardened,runc,6,contained,522.965,,probe
E8,E_host_kernel_reach,B1_runc_hardened,runc-hardened,off,hardened,runc,6,contained,780.970,,probe
E9,E_host_kernel_reach,B1_runc_hardened,runc-hardened,off,hardened,runc,6,contained,645.559,,probe
E10,E_host_kernel_reach,B1_runc_hardened,runc-hardened,off,hardened,runc,6,contained,637.149,,probe
E11,E_host_kernel_reach,B1_runc_hardened,runc-hardened,off,hardened,runc,6,succeeded,714.362,,probe
F1,F_rule_tampering,B1_runc_hardened,runc-hardened,off,hardened,runc,6,succeeded,802.641,,probe
F2,F_rule_tampering,B1_runc_hardened,runc-hardened,off,hardened,runc,6,succeeded,843.998,,probe
A1,A_identity_key,B1_runc_hardened,runc-hardened,off,hardened,runc,7,succeeded,753.441,,probe
A2,A_identity_key,B1_runc_hardened,runc-hardened,off,hardened,runc,7,succeeded,725.776,,probe
A3,A_identity_key,B1_runc_hardened,runc-hardened,off,hardened,runc,7,succeeded,731.661,,probe
B1,B_wallet_state,B1_runc_hardened,runc-hardened,off,hardened,runc,7,succeeded,717.553,,probe
B2,B_wallet_state,B1_runc_hardened,runc-hardened,off,hardened,runc,7,succeeded,802.395,,probe
C1,C_log_integrity,B1_runc_hardened,runc-hardened,off,hardened,runc,7,succeeded,778.351,,probe
C2,C_log_integrity,B1_runc_hardened,runc-hardened,off,hardened,runc,7,succeeded,684.161,,probe
C3,C_log_integrity,B1_runc_hardened,runc-hardened,off,hardened,runc,7,succeeded,726.995,,probe
D1,D_network_egress,B1_runc_hardened,runc-hardened,off,hardened,runc,7,succeeded,784.224,,probe
D2,D_network_egress,B1_runc_hardened,runc-hardened,off,hardened,runc,7,succeeded,663.294,,probe
D3,D_network_egress,B1_runc_hardened,runc-hardened,off,hardened,runc,7,succeeded,698.149,,probe
E1,E_host_kernel_reach,B1_runc_hardened,runc-hardened,off,hardened,runc,7,succeeded,699.565,,probe
E2,E_host_kernel_reach,B1_runc_hardened,runc-hardened,off,hardened,runc,7,succeeded,783.120,,probe
E3,E_host_kernel_reach,B1_runc_hardened,runc-hardened,off,hardened,runc,7,contained,578.394,,probe
E4,E_host_kernel_reach,B1_runc_hardened,runc-hardened,off,hardened,runc,7,contained,676.505,,probe
E5,E_host_kernel_reach,B1_runc_hardened,runc-hardened,off,hardened,runc,7,contained,766.264,,probe
E6,E_host_kernel_reach,B1_runc_hardened,runc-hardened,off,hardened,runc,7,contained,677.066,,probe
E7,E_host_kernel_reach,B1_runc_hardened,runc-hardened,off,hardened,runc,7,contained,605.569,,probe
E8,E_host_kernel_reach,B1_runc_hardened,runc-hardened,off,hardened,runc,7,contained,694.503,,probe
E9,E_host_kernel_reach,B1_runc_hardened,runc-hardened,off,hardened,runc,7,contained,626.971,,probe
E10,E_host_kernel_reach,B1_runc_hardened,runc-hardened,off,hardened,runc,7,contained,592.616,,probe
E11,E_host_kernel_reach,B1_runc_hardened,runc-hardened,off,hardened,runc,7,succeeded,650.934,,probe
F1,F_rule_tampering,B1_runc_hardened,runc-hardened,off,hardened,runc,7,succeeded,752.971,,probe
F2,F_rule_tampering,B1_runc_hardened,runc-hardened,off,hardened,runc,7,succeeded,708.733,,probe
A1,A_identity_key,B1_runc_hardened,runc-hardened,off,hardened,runc,8,succeeded,729.600,,probe
A2,A_identity_key,B1_runc_hardened,runc-hardened,off,hardened,runc,8,succeeded,747.215,,probe
A3,A_identity_key,B1_runc_hardened,runc-hardened,off,hardened,runc,8,succeeded,821.223,,probe
B1,B_wallet_state,B1_runc_hardened,runc-hardened,off,hardened,runc,8,succeeded,810.368,,probe
B2,B_wallet_state,B1_runc_hardened,runc-hardened,off,hardened,runc,8,succeeded,762.071,,probe
C1,C_log_integrity,B1_runc_hardened,runc-hardened,off,hardened,runc,8,succeeded,907.938,,probe
C2,C_log_integrity,B1_runc_hardened,runc-hardened,off,hardened,runc,8,succeeded,938.129,,probe
C3,C_log_integrity,B1_runc_hardened,runc-hardened,off,hardened,runc,8,succeeded,844.929,,probe
D1,D_network_egress,B1_runc_hardened,runc-hardened,off,hardened,runc,8,succeeded,784.240,,probe
D2,D_network_egress,B1_runc_hardened,runc-hardened,off,hardened,runc,8,succeeded,719.641,,probe
D3,D_network_egress,B1_runc_hardened,runc-hardened,off,hardened,runc,8,succeeded,725.977,,probe
E1,E_host_kernel_reach,B1_runc_hardened,runc-hardened,off,hardened,runc,8,succeeded,811.287,,probe
E2,E_host_kernel_reach,B1_runc_hardened,runc-hardened,off,hardened,runc,8,succeeded,903.666,,probe
E3,E_host_kernel_reach,B1_runc_hardened,runc-hardened,off,hardened,runc,8,contained,838.269,,probe
E4,E_host_kernel_reach,B1_runc_hardened,runc-hardened,off,hardened,runc,8,contained,829.508,,probe
E5,E_host_kernel_reach,B1_runc_hardened,runc-hardened,off,hardened,runc,8,contained,682.391,,probe
E6,E_host_kernel_reach,B1_runc_hardened,runc-hardened,off,hardened,runc,8,contained,623.349,,probe
E7,E_host_kernel_reach,B1_runc_hardened,runc-hardened,off,hardened,runc,8,contained,679.845,,probe
E8,E_host_kernel_reach,B1_runc_hardened,runc-hardened,off,hardened,runc,8,contained,789.837,,probe
E9,E_host_kernel_reach,B1_runc_hardened,runc-hardened,off,hardened,runc,8,contained,614.444,,probe
E10,E_host_kernel_reach,B1_runc_hardened,runc-hardened,off,hardened,runc,8,contained,560.962,,probe
E11,E_host_kernel_reach,B1_runc_hardened,runc-hardened,off,hardened,runc,8,succeeded,831.106,,probe
F1,F_rule_tampering,B1_runc_hardened,runc-hardened,off,hardened,runc,8,succeeded,785.464,,probe
F2,F_rule_tampering,B1_runc_hardened,runc-hardened,off,hardened,runc,8,succeeded,685.469,,probe
A1,A_identity_key,B1_runc_hardened,runc-hardened,off,hardened,runc,9,succeeded,809.935,,probe
A2,A_identity_key,B1_runc_hardened,runc-hardened,off,hardened,runc,9,succeeded,815.395,,probe
A3,A_identity_key,B1_runc_hardened,runc-hardened,off,hardened,runc,9,succeeded,750.768,,probe
B1,B_wallet_state,B1_runc_hardened,runc-hardened,off,hardened,runc,9,succeeded,753.168,,probe
B2,B_wallet_state,B1_runc_hardened,runc-hardened,off,hardened,runc,9,succeeded,693.601,,probe
C1,C_log_integrity,B1_runc_hardened,runc-hardened,off,hardened,runc,9,succeeded,741.733,,probe
C2,C_log_integrity,B1_runc_hardened,runc-hardened,off,hardened,runc,9,succeeded,812.430,,probe
C3,C_log_integrity,B1_runc_hardened,runc-hardened,off,hardened,runc,9,succeeded,735.205,,probe
D1,D_network_egress,B1_runc_hardened,runc-hardened,off,hardened,runc,9,succeeded,690.437,,probe
D2,D_network_egress,B1_runc_hardened,runc-hardened,off,hardened,runc,9,succeeded,657.362,,probe
D3,D_network_egress,B1_runc_hardened,runc-hardened,off,hardened,runc,9,succeeded,794.442,,probe
E1,E_host_kernel_reach,B1_runc_hardened,runc-hardened,off,hardened,runc,9,succeeded,768.713,,probe
E2,E_host_kernel_reach,B1_runc_hardened,runc-hardened,off,hardened,runc,9,succeeded,750.570,,probe
E3,E_host_kernel_reach,B1_runc_hardened,runc-hardened,off,hardened,runc,9,contained,561.494,,probe
E4,E_host_kernel_reach,B1_runc_hardened,runc-hardened,off,hardened,runc,9,contained,737.411,,probe
E5,E_host_kernel_reach,B1_runc_hardened,runc-hardened,off,hardened,runc,9,contained,713.160,,probe
E6,E_host_kernel_reach,B1_runc_hardened,runc-hardened,off,hardened,runc,9,contained,574.152,,probe
E7,E_host_kernel_reach,B1_runc_hardened,runc-hardened,off,hardened,runc,9,contained,528.521,,probe
E8,E_host_kernel_reach,B1_runc_hardened,runc-hardened,off,hardened,runc,9,contained,739.619,,probe
E9,E_host_kernel_reach,B1_runc_hardened,runc-hardened,off,hardened,runc,9,contained,564.586,,probe
E10,E_host_kernel_reach,B1_runc_hardened,runc-hardened,off,hardened,runc,9,contained,530.517,,probe
E11,E_host_kernel_reach,B1_runc_hardened,runc-hardened,off,hardened,runc,9,succeeded,659.159,,probe
F1,F_rule_tampering,B1_runc_hardened,runc-hardened,off,hardened,runc,9,succeeded,685.921,,probe
F2,F_rule_tampering,B1_runc_hardened,runc-hardened,off,hardened,runc,9,succeeded,702.953,,probe
A1,A_identity_key,B1_runc_hardened,runc-hardened,off,hardened,runc,10,succeeded,763.720,,probe
A2,A_identity_key,B1_runc_hardened,runc-hardened,off,hardened,runc,10,succeeded,773.628,,probe
A3,A_identity_key,B1_runc_hardened,runc-hardened,off,hardened,runc,10,succeeded,680.971,,probe
B1,B_wallet_state,B1_runc_hardened,runc-hardened,off,hardened,runc,10,succeeded,715.156,,probe
B2,B_wallet_state,B1_runc_hardened,runc-hardened,off,hardened,runc,10,succeeded,667.859,,probe
C1,C_log_integrity,B1_runc_hardened,runc-hardened,off,hardened,runc,10,succeeded,709.392,,probe
C2,C_log_integrity,B1_runc_hardened,runc-hardened,off,hardened,runc,10,succeeded,776.742,,probe
C3,C_log_integrity,B1_runc_hardened,runc-hardened,off,hardened,runc,10,succeeded,709.483,,probe
D1,D_network_egress,B1_runc_hardened,runc-hardened,off,hardened,runc,10,succeeded,718.709,,probe
D2,D_network_egress,B1_runc_hardened,runc-hardened,off,hardened,runc,10,succeeded,645.929,,probe
D3,D_network_egress,B1_runc_hardened,runc-hardened,off,hardened,runc,10,succeeded,706.096,,probe
E1,E_host_kernel_reach,B1_runc_hardened,runc-hardened,off,hardened,runc,10,succeeded,696.115,,probe
E2,E_host_kernel_reach,B1_runc_hardened,runc-hardened,off,hardened,runc,10,succeeded,755.185,,probe
E3,E_host_kernel_reach,B1_runc_hardened,runc-hardened,off,hardened,runc,10,contained,611.430,,probe
E4,E_host_kernel_reach,B1_runc_hardened,runc-hardened,off,hardened,runc,10,contained,637.317,,probe
E5,E_host_kernel_reach,B1_runc_hardened,runc-hardened,off,hardened,runc,10,contained,740.008,,probe
E6,E_host_kernel_reach,B1_runc_hardened,runc-hardened,off,hardened,runc,10,contained,618.676,,probe
E7,E_host_kernel_reach,B1_runc_hardened,runc-hardened,off,hardened,runc,10,contained,544.144,,probe
E8,E_host_kernel_reach,B1_runc_hardened,runc-hardened,off,hardened,runc,10,contained,629.954,,probe
E9,E_host_kernel_reach,B1_runc_hardened,runc-hardened,off,hardened,runc,10,contained,611.647,,probe
E10,E_host_kernel_reach,B1_runc_hardened,runc-hardened,off,hardened,runc,10,contained,594.855,,probe
E11,E_host_kernel_reach,B1_runc_hardened,runc-hardened,off,hardened,runc,10,succeeded,613.717,,probe
F1,F_rule_tampering,B1_runc_hardened,runc-hardened,off,hardened,runc,10,succeeded,801.249,,probe
F2,F_rule_tampering,B1_runc_hardened,runc-hardened,off,hardened,runc,10,succeeded,700.799,,probe
A1,A_identity_key,B1_runc_hardened,runc-hardened,off,hardened,runc,11,succeeded,687.761,,probe
A2,A_identity_key,B1_runc_hardened,runc-hardened,off,hardened,runc,11,succeeded,832.233,,probe
A3,A_identity_key,B1_runc_hardened,runc-hardened,off,hardened,runc,11,succeeded,760.671,,probe
B1,B_wallet_state,B1_runc_hardened,runc-hardened,off,hardened,runc,11,succeeded,731.426,,probe
B2,B_wallet_state,B1_runc_hardened,runc-hardened,off,hardened,runc,11,succeeded,612.632,,probe
C1,C_log_integrity,B1_runc_hardened,runc-hardened,off,hardened,runc,11,succeeded,718.877,,probe
C2,C_log_integrity,B1_runc_hardened,runc-hardened,off,hardened,runc,11,succeeded,751.098,,probe
C3,C_log_integrity,B1_runc_hardened,runc-hardened,off,hardened,runc,11,succeeded,773.149,,probe
D1,D_network_egress,B1_runc_hardened,runc-hardened,off,hardened,runc,11,succeeded,647.310,,probe
D2,D_network_egress,B1_runc_hardened,runc-hardened,off,hardened,runc,11,succeeded,647.831,,probe
D3,D_network_egress,B1_runc_hardened,runc-hardened,off,hardened,runc,11,succeeded,710.940,,probe
E1,E_host_kernel_reach,B1_runc_hardened,runc-hardened,off,hardened,runc,11,succeeded,731.009,,probe
E2,E_host_kernel_reach,B1_runc_hardened,runc-hardened,off,hardened,runc,11,succeeded,760.461,,probe
E3,E_host_kernel_reach,B1_runc_hardened,runc-hardened,off,hardened,runc,11,contained,646.225,,probe
E4,E_host_kernel_reach,B1_runc_hardened,runc-hardened,off,hardened,runc,11,contained,893.154,,probe
E5,E_host_kernel_reach,B1_runc_hardened,runc-hardened,off,hardened,runc,11,contained,852.653,,probe
E6,E_host_kernel_reach,B1_runc_hardened,runc-hardened,off,hardened,runc,11,contained,725.871,,probe
E7,E_host_kernel_reach,B1_runc_hardened,runc-hardened,off,hardened,runc,11,contained,714.157,,probe
E8,E_host_kernel_reach,B1_runc_hardened,runc-hardened,off,hardened,runc,11,contained,794.159,,probe
E9,E_host_kernel_reach,B1_runc_hardened,runc-hardened,off,hardened,runc,11,contained,683.477,,probe
E10,E_host_kernel_reach,B1_runc_hardened,runc-hardened,off,hardened,runc,11,contained,740.557,,probe
E11,E_host_kernel_reach,B1_runc_hardened,runc-hardened,off,hardened,runc,11,succeeded,779.506,,probe
F1,F_rule_tampering,B1_runc_hardened,runc-hardened,off,hardened,runc,11,succeeded,731.117,,probe
F2,F_rule_tampering,B1_runc_hardened,runc-hardened,off,hardened,runc,11,succeeded,807.903,,probe
A1,A_identity_key,B1_runc_hardened,runc-hardened,off,hardened,runc,12,succeeded,866.528,,probe
A2,A_identity_key,B1_runc_hardened,runc-hardened,off,hardened,runc,12,succeeded,966.318,,probe
A3,A_identity_key,B1_runc_hardened,runc-hardened,off,hardened,runc,12,succeeded,791.617,,probe
B1,B_wallet_state,B1_runc_hardened,runc-hardened,off,hardened,runc,12,succeeded,908.805,,probe
B2,B_wallet_state,B1_runc_hardened,runc-hardened,off,hardened,runc,12,succeeded,805.899,,probe
C1,C_log_integrity,B1_runc_hardened,runc-hardened,off,hardened,runc,12,succeeded,742.487,,probe
C2,C_log_integrity,B1_runc_hardened,runc-hardened,off,hardened,runc,12,succeeded,663.024,,probe
C3,C_log_integrity,B1_runc_hardened,runc-hardened,off,hardened,runc,12,succeeded,712.495,,probe
D1,D_network_egress,B1_runc_hardened,runc-hardened,off,hardened,runc,12,succeeded,785.239,,probe
D2,D_network_egress,B1_runc_hardened,runc-hardened,off,hardened,runc,12,succeeded,691.620,,probe
D3,D_network_egress,B1_runc_hardened,runc-hardened,off,hardened,runc,12,succeeded,743.645,,probe
E1,E_host_kernel_reach,B1_runc_hardened,runc-hardened,off,hardened,runc,12,succeeded,786.779,,probe
E2,E_host_kernel_reach,B1_runc_hardened,runc-hardened,off,hardened,runc,12,succeeded,821.166,,probe
E3,E_host_kernel_reach,B1_runc_hardened,runc-hardened,off,hardened,runc,12,contained,658.130,,probe
E4,E_host_kernel_reach,B1_runc_hardened,runc-hardened,off,hardened,runc,12,contained,759.972,,probe
E5,E_host_kernel_reach,B1_runc_hardened,runc-hardened,off,hardened,runc,12,contained,712.985,,probe
E6,E_host_kernel_reach,B1_runc_hardened,runc-hardened,off,hardened,runc,12,contained,665.537,,probe
E7,E_host_kernel_reach,B1_runc_hardened,runc-hardened,off,hardened,runc,12,contained,579.216,,probe
E8,E_host_kernel_reach,B1_runc_hardened,runc-hardened,off,hardened,runc,12,contained,665.044,,probe
E9,E_host_kernel_reach,B1_runc_hardened,runc-hardened,off,hardened,runc,12,contained,646.047,,probe
E10,E_host_kernel_reach,B1_runc_hardened,runc-hardened,off,hardened,runc,12,contained,592.854,,probe
E11,E_host_kernel_reach,B1_runc_hardened,runc-hardened,off,hardened,runc,12,succeeded,674.490,,probe
F1,F_rule_tampering,B1_runc_hardened,runc-hardened,off,hardened,runc,12,succeeded,724.780,,probe
F2,F_rule_tampering,B1_runc_hardened,runc-hardened,off,hardened,runc,12,succeeded,713.070,,probe
A1,A_identity_key,B1_runc_hardened,runc-hardened,off,hardened,runc,13,succeeded,769.867,,probe
A2,A_identity_key,B1_runc_hardened,runc-hardened,off,hardened,runc,13,succeeded,754.679,,probe
A3,A_identity_key,B1_runc_hardened,runc-hardened,off,hardened,runc,13,succeeded,721.058,,probe
B1,B_wallet_state,B1_runc_hardened,runc-hardened,off,hardened,runc,13,succeeded,711.071,,probe
B2,B_wallet_state,B1_runc_hardened,runc-hardened,off,hardened,runc,13,succeeded,688.191,,probe
C1,C_log_integrity,B1_runc_hardened,runc-hardened,off,hardened,runc,13,succeeded,724.375,,probe
C2,C_log_integrity,B1_runc_hardened,runc-hardened,off,hardened,runc,13,succeeded,795.596,,probe
C3,C_log_integrity,B1_runc_hardened,runc-hardened,off,hardened,runc,13,succeeded,737.012,,probe
D1,D_network_egress,B1_runc_hardened,runc-hardened,off,hardened,runc,13,succeeded,724.898,,probe
D2,D_network_egress,B1_runc_hardened,runc-hardened,off,hardened,runc,13,succeeded,665.293,,probe
D3,D_network_egress,B1_runc_hardened,runc-hardened,off,hardened,runc,13,succeeded,697.235,,probe
E1,E_host_kernel_reach,B1_runc_hardened,runc-hardened,off,hardened,runc,13,succeeded,703.406,,probe
E2,E_host_kernel_reach,B1_runc_hardened,runc-hardened,off,hardened,runc,13,succeeded,755.748,,probe
E3,E_host_kernel_reach,B1_runc_hardened,runc-hardened,off,hardened,runc,13,contained,637.480,,probe
E4,E_host_kernel_reach,B1_runc_hardened,runc-hardened,off,hardened,runc,13,contained,725.796,,probe
E5,E_host_kernel_reach,B1_runc_hardened,runc-hardened,off,hardened,runc,13,contained,715.821,,probe
E6,E_host_kernel_reach,B1_runc_hardened,runc-hardened,off,hardened,runc,13,contained,661.614,,probe
E7,E_host_kernel_reach,B1_runc_hardened,runc-hardened,off,hardened,runc,13,contained,636.148,,probe
E8,E_host_kernel_reach,B1_runc_hardened,runc-hardened,off,hardened,runc,13,contained,718.876,,probe
E9,E_host_kernel_reach,B1_runc_hardened,runc-hardened,off,hardened,runc,13,contained,627.937,,probe
E10,E_host_kernel_reach,B1_runc_hardened,runc-hardened,off,hardened,runc,13,contained,621.325,,probe
E11,E_host_kernel_reach,B1_runc_hardened,runc-hardened,off,hardened,runc,13,succeeded,631.472,,probe
F1,F_rule_tampering,B1_runc_hardened,runc-hardened,off,hardened,runc,13,succeeded,743.275,,probe
F2,F_rule_tampering,B1_runc_hardened,runc-hardened,off,hardened,runc,13,succeeded,772.198,,probe
A1,A_identity_key,B1_runc_hardened,runc-hardened,off,hardened,runc,14,succeeded,720.290,,probe
A2,A_identity_key,B1_runc_hardened,runc-hardened,off,hardened,runc,14,succeeded,687.561,,probe
A3,A_identity_key,B1_runc_hardened,runc-hardened,off,hardened,runc,14,succeeded,729.382,,probe
B1,B_wallet_state,B1_runc_hardened,runc-hardened,off,hardened,runc,14,succeeded,809.318,,probe
B2,B_wallet_state,B1_runc_hardened,runc-hardened,off,hardened,runc,14,succeeded,726.630,,probe
C1,C_log_integrity,B1_runc_hardened,runc-hardened,off,hardened,runc,14,succeeded,707.038,,probe
C2,C_log_integrity,B1_runc_hardened,runc-hardened,off,hardened,runc,14,succeeded,656.301,,probe
C3,C_log_integrity,B1_runc_hardened,runc-hardened,off,hardened,runc,14,succeeded,816.154,,probe
D1,D_network_egress,B1_runc_hardened,runc-hardened,off,hardened,runc,14,succeeded,713.521,,probe
D2,D_network_egress,B1_runc_hardened,runc-hardened,off,hardened,runc,14,succeeded,701.021,,probe
D3,D_network_egress,B1_runc_hardened,runc-hardened,off,hardened,runc,14,succeeded,704.963,,probe
E1,E_host_kernel_reach,B1_runc_hardened,runc-hardened,off,hardened,runc,14,succeeded,723.084,,probe
E2,E_host_kernel_reach,B1_runc_hardened,runc-hardened,off,hardened,runc,14,succeeded,675.012,,probe
E3,E_host_kernel_reach,B1_runc_hardened,runc-hardened,off,hardened,runc,14,contained,598.920,,probe
E4,E_host_kernel_reach,B1_runc_hardened,runc-hardened,off,hardened,runc,14,contained,698.332,,probe
E5,E_host_kernel_reach,B1_runc_hardened,runc-hardened,off,hardened,runc,14,contained,696.007,,probe
E6,E_host_kernel_reach,B1_runc_hardened,runc-hardened,off,hardened,runc,14,contained,606.371,,probe
E7,E_host_kernel_reach,B1_runc_hardened,runc-hardened,off,hardened,runc,14,contained,558.810,,probe
E8,E_host_kernel_reach,B1_runc_hardened,runc-hardened,off,hardened,runc,14,contained,742.405,,probe
E9,E_host_kernel_reach,B1_runc_hardened,runc-hardened,off,hardened,runc,14,contained,743.639,,probe
E10,E_host_kernel_reach,B1_runc_hardened,runc-hardened,off,hardened,runc,14,contained,908.282,,probe
E11,E_host_kernel_reach,B1_runc_hardened,runc-hardened,off,hardened,runc,14,succeeded,859.250,,probe
F1,F_rule_tampering,B1_runc_hardened,runc-hardened,off,hardened,runc,14,succeeded,847.726,,probe
F2,F_rule_tampering,B1_runc_hardened,runc-hardened,off,hardened,runc,14,succeeded,809.763,,probe
A1,A_identity_key,B1_runc_hardened,runc-hardened,off,hardened,runc,15,succeeded,785.483,,probe
A2,A_identity_key,B1_runc_hardened,runc-hardened,off,hardened,runc,15,succeeded,825.136,,probe
A3,A_identity_key,B1_runc_hardened,runc-hardened,off,hardened,runc,15,succeeded,855.013,,probe
B1,B_wallet_state,B1_runc_hardened,runc-hardened,off,hardened,runc,15,succeeded,876.406,,probe
B2,B_wallet_state,B1_runc_hardened,runc-hardened,off,hardened,runc,15,succeeded,784.625,,probe
C1,C_log_integrity,B1_runc_hardened,runc-hardened,off,hardened,runc,15,succeeded,847.960,,probe
C2,C_log_integrity,B1_runc_hardened,runc-hardened,off,hardened,runc,15,succeeded,812.176,,probe
C3,C_log_integrity,B1_runc_hardened,runc-hardened,off,hardened,runc,15,succeeded,728.973,,probe
D1,D_network_egress,B1_runc_hardened,runc-hardened,off,hardened,runc,15,succeeded,743.111,,probe
D2,D_network_egress,B1_runc_hardened,runc-hardened,off,hardened,runc,15,succeeded,681.675,,probe
D3,D_network_egress,B1_runc_hardened,runc-hardened,off,hardened,runc,15,succeeded,765.350,,probe
E1,E_host_kernel_reach,B1_runc_hardened,runc-hardened,off,hardened,runc,15,succeeded,648.610,,probe
E2,E_host_kernel_reach,B1_runc_hardened,runc-hardened,off,hardened,runc,15,succeeded,721.147,,probe
E3,E_host_kernel_reach,B1_runc_hardened,runc-hardened,off,hardened,runc,15,contained,600.186,,probe
E4,E_host_kernel_reach,B1_runc_hardened,runc-hardened,off,hardened,runc,15,contained,716.837,,probe
E5,E_host_kernel_reach,B1_runc_hardened,runc-hardened,off,hardened,runc,15,contained,732.964,,probe
E6,E_host_kernel_reach,B1_runc_hardened,runc-hardened,off,hardened,runc,15,contained,618.964,,probe
E7,E_host_kernel_reach,B1_runc_hardened,runc-hardened,off,hardened,runc,15,contained,643.424,,probe
E8,E_host_kernel_reach,B1_runc_hardened,runc-hardened,off,hardened,runc,15,contained,685.860,,probe
E9,E_host_kernel_reach,B1_runc_hardened,runc-hardened,off,hardened,runc,15,contained,560.256,,probe
E10,E_host_kernel_reach,B1_runc_hardened,runc-hardened,off,hardened,runc,15,contained,648.349,,probe
E11,E_host_kernel_reach,B1_runc_hardened,runc-hardened,off,hardened,runc,15,succeeded,647.397,,probe
F1,F_rule_tampering,B1_runc_hardened,runc-hardened,off,hardened,runc,15,succeeded,693.386,,probe
F2,F_rule_tampering,B1_runc_hardened,runc-hardened,off,hardened,runc,15,succeeded,787.708,,probe
A1,A_identity_key,B1_runc_hardened,runc-hardened,off,hardened,runc,16,succeeded,716.979,,probe
A2,A_identity_key,B1_runc_hardened,runc-hardened,off,hardened,runc,16,succeeded,684.187,,probe
A3,A_identity_key,B1_runc_hardened,runc-hardened,off,hardened,runc,16,succeeded,746.296,,probe
B1,B_wallet_state,B1_runc_hardened,runc-hardened,off,hardened,runc,16,succeeded,752.394,,probe
B2,B_wallet_state,B1_runc_hardened,runc-hardened,off,hardened,runc,16,succeeded,744.839,,probe
C1,C_log_integrity,B1_runc_hardened,runc-hardened,off,hardened,runc,16,succeeded,665.735,,probe
C2,C_log_integrity,B1_runc_hardened,runc-hardened,off,hardened,runc,16,succeeded,693.208,,probe
C3,C_log_integrity,B1_runc_hardened,runc-hardened,off,hardened,runc,16,succeeded,787.423,,probe
D1,D_network_egress,B1_runc_hardened,runc-hardened,off,hardened,runc,16,succeeded,723.543,,probe
D2,D_network_egress,B1_runc_hardened,runc-hardened,off,hardened,runc,16,succeeded,701.429,,probe
D3,D_network_egress,B1_runc_hardened,runc-hardened,off,hardened,runc,16,succeeded,680.296,,probe
E1,E_host_kernel_reach,B1_runc_hardened,runc-hardened,off,hardened,runc,16,succeeded,740.831,,probe
E2,E_host_kernel_reach,B1_runc_hardened,runc-hardened,off,hardened,runc,16,succeeded,784.868,,probe
E3,E_host_kernel_reach,B1_runc_hardened,runc-hardened,off,hardened,runc,16,contained,615.399,,probe
E4,E_host_kernel_reach,B1_runc_hardened,runc-hardened,off,hardened,runc,16,contained,759.796,,probe
E5,E_host_kernel_reach,B1_runc_hardened,runc-hardened,off,hardened,runc,16,contained,793.606,,probe
E6,E_host_kernel_reach,B1_runc_hardened,runc-hardened,off,hardened,runc,16,contained,591.683,,probe
E7,E_host_kernel_reach,B1_runc_hardened,runc-hardened,off,hardened,runc,16,contained,598.756,,probe
E8,E_host_kernel_reach,B1_runc_hardened,runc-hardened,off,hardened,runc,16,contained,756.166,,probe
E9,E_host_kernel_reach,B1_runc_hardened,runc-hardened,off,hardened,runc,16,contained,620.940,,probe
E10,E_host_kernel_reach,B1_runc_hardened,runc-hardened,off,hardened,runc,16,contained,617.555,,probe
E11,E_host_kernel_reach,B1_runc_hardened,runc-hardened,off,hardened,runc,16,succeeded,635.917,,probe
F1,F_rule_tampering,B1_runc_hardened,runc-hardened,off,hardened,runc,16,succeeded,737.022,,probe
F2,F_rule_tampering,B1_runc_hardened,runc-hardened,off,hardened,runc,16,succeeded,706.320,,probe
A1,A_identity_key,B1_runc_hardened,runc-hardened,off,hardened,runc,17,succeeded,713.020,,probe
A2,A_identity_key,B1_runc_hardened,runc-hardened,off,hardened,runc,17,succeeded,751.565,,probe
A3,A_identity_key,B1_runc_hardened,runc-hardened,off,hardened,runc,17,succeeded,897.823,,probe
B1,B_wallet_state,B1_runc_hardened,runc-hardened,off,hardened,runc,17,succeeded,838.166,,probe
B2,B_wallet_state,B1_runc_hardened,runc-hardened,off,hardened,runc,17,succeeded,724.579,,probe
C1,C_log_integrity,B1_runc_hardened,runc-hardened,off,hardened,runc,17,succeeded,780.118,,probe
C2,C_log_integrity,B1_runc_hardened,runc-hardened,off,hardened,runc,17,succeeded,735.093,,probe
C3,C_log_integrity,B1_runc_hardened,runc-hardened,off,hardened,runc,17,succeeded,704.800,,probe
D1,D_network_egress,B1_runc_hardened,runc-hardened,off,hardened,runc,17,succeeded,843.094,,probe
D2,D_network_egress,B1_runc_hardened,runc-hardened,off,hardened,runc,17,succeeded,671.912,,probe
D3,D_network_egress,B1_runc_hardened,runc-hardened,off,hardened,runc,17,succeeded,772.996,,probe
E1,E_host_kernel_reach,B1_runc_hardened,runc-hardened,off,hardened,runc,17,succeeded,708.737,,probe
E2,E_host_kernel_reach,B1_runc_hardened,runc-hardened,off,hardened,runc,17,succeeded,738.929,,probe
E3,E_host_kernel_reach,B1_runc_hardened,runc-hardened,off,hardened,runc,17,contained,605.510,,probe
E4,E_host_kernel_reach,B1_runc_hardened,runc-hardened,off,hardened,runc,17,contained,771.905,,probe
E5,E_host_kernel_reach,B1_runc_hardened,runc-hardened,off,hardened,runc,17,contained,677.727,,probe
E6,E_host_kernel_reach,B1_runc_hardened,runc-hardened,off,hardened,runc,17,contained,621.448,,probe
E7,E_host_kernel_reach,B1_runc_hardened,runc-hardened,off,hardened,runc,17,contained,660.300,,probe
E8,E_host_kernel_reach,B1_runc_hardened,runc-hardened,off,hardened,runc,17,contained,686.427,,probe
E9,E_host_kernel_reach,B1_runc_hardened,runc-hardened,off,hardened,runc,17,contained,583.389,,probe
E10,E_host_kernel_reach,B1_runc_hardened,runc-hardened,off,hardened,runc,17,contained,599.409,,probe
E11,E_host_kernel_reach,B1_runc_hardened,runc-hardened,off,hardened,runc,17,succeeded,658.857,,probe
F1,F_rule_tampering,B1_runc_hardened,runc-hardened,off,hardened,runc,17,succeeded,695.943,,probe
F2,F_rule_tampering,B1_runc_hardened,runc-hardened,off,hardened,runc,17,succeeded,812.123,,probe
A1,A_identity_key,B1_runc_hardened,runc-hardened,off,hardened,runc,18,succeeded,796.959,,probe
A2,A_identity_key,B1_runc_hardened,runc-hardened,off,hardened,runc,18,succeeded,808.970,,probe
A3,A_identity_key,B1_runc_hardened,runc-hardened,off,hardened,runc,18,succeeded,905.992,,probe
B1,B_wallet_state,B1_runc_hardened,runc-hardened,off,hardened,runc,18,succeeded,714.922,,probe
B2,B_wallet_state,B1_runc_hardened,runc-hardened,off,hardened,runc,18,succeeded,851.137,,probe
C1,C_log_integrity,B1_runc_hardened,runc-hardened,off,hardened,runc,18,succeeded,879.373,,probe
C2,C_log_integrity,B1_runc_hardened,runc-hardened,off,hardened,runc,18,succeeded,858.098,,probe
C3,C_log_integrity,B1_runc_hardened,runc-hardened,off,hardened,runc,18,succeeded,970.516,,probe
D1,D_network_egress,B1_runc_hardened,runc-hardened,off,hardened,runc,18,succeeded,1039.672,,probe
D2,D_network_egress,B1_runc_hardened,runc-hardened,off,hardened,runc,18,succeeded,878.078,,probe
D3,D_network_egress,B1_runc_hardened,runc-hardened,off,hardened,runc,18,succeeded,855.742,,probe
E1,E_host_kernel_reach,B1_runc_hardened,runc-hardened,off,hardened,runc,18,succeeded,832.239,,probe
E2,E_host_kernel_reach,B1_runc_hardened,runc-hardened,off,hardened,runc,18,succeeded,936.349,,probe
E3,E_host_kernel_reach,B1_runc_hardened,runc-hardened,off,hardened,runc,18,contained,604.272,,probe
E4,E_host_kernel_reach,B1_runc_hardened,runc-hardened,off,hardened,runc,18,contained,722.163,,probe
E5,E_host_kernel_reach,B1_runc_hardened,runc-hardened,off,hardened,runc,18,contained,810.413,,probe
E6,E_host_kernel_reach,B1_runc_hardened,runc-hardened,off,hardened,runc,18,contained,638.293,,probe
E7,E_host_kernel_reach,B1_runc_hardened,runc-hardened,off,hardened,runc,18,contained,626.075,,probe
E8,E_host_kernel_reach,B1_runc_hardened,runc-hardened,off,hardened,runc,18,contained,696.101,,probe
E9,E_host_kernel_reach,B1_runc_hardened,runc-hardened,off,hardened,runc,18,contained,623.242,,probe
E10,E_host_kernel_reach,B1_runc_hardened,runc-hardened,off,hardened,runc,18,contained,614.441,,probe
E11,E_host_kernel_reach,B1_runc_hardened,runc-hardened,off,hardened,runc,18,succeeded,666.165,,probe
F1,F_rule_tampering,B1_runc_hardened,runc-hardened,off,hardened,runc,18,succeeded,750.688,,probe
F2,F_rule_tampering,B1_runc_hardened,runc-hardened,off,hardened,runc,18,succeeded,811.396,,probe
A1,A_identity_key,B1_runc_hardened,runc-hardened,off,hardened,runc,19,succeeded,767.304,,probe
A2,A_identity_key,B1_runc_hardened,runc-hardened,off,hardened,runc,19,succeeded,690.947,,probe
A3,A_identity_key,B1_runc_hardened,runc-hardened,off,hardened,runc,19,succeeded,724.909,,probe
B1,B_wallet_state,B1_runc_hardened,runc-hardened,off,hardened,runc,19,succeeded,765.207,,probe
B2,B_wallet_state,B1_runc_hardened,runc-hardened,off,hardened,runc,19,succeeded,748.226,,probe
C1,C_log_integrity,B1_runc_hardened,runc-hardened,off,hardened,runc,19,succeeded,764.504,,probe
C2,C_log_integrity,B1_runc_hardened,runc-hardened,off,hardened,runc,19,succeeded,671.315,,probe
C3,C_log_integrity,B1_runc_hardened,runc-hardened,off,hardened,runc,19,succeeded,734.260,,probe
D1,D_network_egress,B1_runc_hardened,runc-hardened,off,hardened,runc,19,succeeded,719.697,,probe
D2,D_network_egress,B1_runc_hardened,runc-hardened,off,hardened,runc,19,succeeded,711.218,,probe
D3,D_network_egress,B1_runc_hardened,runc-hardened,off,hardened,runc,19,succeeded,656.400,,probe
E1,E_host_kernel_reach,B1_runc_hardened,runc-hardened,off,hardened,runc,19,succeeded,744.471,,probe
E2,E_host_kernel_reach,B1_runc_hardened,runc-hardened,off,hardened,runc,19,succeeded,733.389,,probe
E3,E_host_kernel_reach,B1_runc_hardened,runc-hardened,off,hardened,runc,19,contained,613.652,,probe
E4,E_host_kernel_reach,B1_runc_hardened,runc-hardened,off,hardened,runc,19,contained,783.634,,probe
E5,E_host_kernel_reach,B1_runc_hardened,runc-hardened,off,hardened,runc,19,contained,796.747,,probe
E6,E_host_kernel_reach,B1_runc_hardened,runc-hardened,off,hardened,runc,19,contained,612.588,,probe
E7,E_host_kernel_reach,B1_runc_hardened,runc-hardened,off,hardened,runc,19,contained,612.443,,probe
E8,E_host_kernel_reach,B1_runc_hardened,runc-hardened,off,hardened,runc,19,contained,711.377,,probe
E9,E_host_kernel_reach,B1_runc_hardened,runc-hardened,off,hardened,runc,19,contained,605.293,,probe
E10,E_host_kernel_reach,B1_runc_hardened,runc-hardened,off,hardened,runc,19,contained,582.900,,probe
E11,E_host_kernel_reach,B1_runc_hardened,runc-hardened,off,hardened,runc,19,succeeded,716.739,,probe
F1,F_rule_tampering,B1_runc_hardened,runc-hardened,off,hardened,runc,19,succeeded,745.920,,probe
F2,F_rule_tampering,B1_runc_hardened,runc-hardened,off,hardened,runc,19,succeeded,751.390,,probe
A1,A_identity_key,B1_runc_hardened,runc-hardened,off,hardened,runc,20,succeeded,755.764,,probe
A2,A_identity_key,B1_runc_hardened,runc-hardened,off,hardened,runc,20,succeeded,755.880,,probe
A3,A_identity_key,B1_runc_hardened,runc-hardened,off,hardened,runc,20,succeeded,719.189,,probe
B1,B_wallet_state,B1_runc_hardened,runc-hardened,off,hardened,runc,20,succeeded,801.826,,probe
B2,B_wallet_state,B1_runc_hardened,runc-hardened,off,hardened,runc,20,succeeded,842.141,,probe
C1,C_log_integrity,B1_runc_hardened,runc-hardened,off,hardened,runc,20,succeeded,727.289,,probe
C2,C_log_integrity,B1_runc_hardened,runc-hardened,off,hardened,runc,20,succeeded,745.725,,probe
C3,C_log_integrity,B1_runc_hardened,runc-hardened,off,hardened,runc,20,succeeded,687.524,,probe
D1,D_network_egress,B1_runc_hardened,runc-hardened,off,hardened,runc,20,succeeded,702.789,,probe
D2,D_network_egress,B1_runc_hardened,runc-hardened,off,hardened,runc,20,succeeded,775.350,,probe
D3,D_network_egress,B1_runc_hardened,runc-hardened,off,hardened,runc,20,succeeded,740.556,,probe
E1,E_host_kernel_reach,B1_runc_hardened,runc-hardened,off,hardened,runc,20,succeeded,661.508,,probe
E2,E_host_kernel_reach,B1_runc_hardened,runc-hardened,off,hardened,runc,20,succeeded,724.736,,probe
E3,E_host_kernel_reach,B1_runc_hardened,runc-hardened,off,hardened,runc,20,contained,628.615,,probe
E4,E_host_kernel_reach,B1_runc_hardened,runc-hardened,off,hardened,runc,20,contained,735.566,,probe
E5,E_host_kernel_reach,B1_runc_hardened,runc-hardened,off,hardened,runc,20,contained,708.491,,probe
E6,E_host_kernel_reach,B1_runc_hardened,runc-hardened,off,hardened,runc,20,contained,687.872,,probe
E7,E_host_kernel_reach,B1_runc_hardened,runc-hardened,off,hardened,runc,20,contained,600.524,,probe
E8,E_host_kernel_reach,B1_runc_hardened,runc-hardened,off,hardened,runc,20,contained,758.786,,probe
E9,E_host_kernel_reach,B1_runc_hardened,runc-hardened,off,hardened,runc,20,contained,590.394,,probe
E10,E_host_kernel_reach,B1_runc_hardened,runc-hardened,off,hardened,runc,20,contained,595.110,,probe
E11,E_host_kernel_reach,B1_runc_hardened,runc-hardened,off,hardened,runc,20,succeeded,701.813,,probe
F1,F_rule_tampering,B1_runc_hardened,runc-hardened,off,hardened,runc,20,succeeded,684.647,,probe
F2,F_rule_tampering,B1_runc_hardened,runc-hardened,off,hardened,runc,20,succeeded,766.871,,probe
L1,L_legitimate,B1_runc_hardened,runc-hardened,off,hardened,runc,1,succeeded,718.307,,legitimate
L2,L_legitimate,B1_runc_hardened,runc-hardened,off,hardened,runc,1,succeeded,1.446,,legitimate
L3,L_legitimate,B1_runc_hardened,runc-hardened,off,hardened,runc,1,succeeded,0.057,,legitimate
L4,L_legitimate,B1_runc_hardened,runc-hardened,off,hardened,runc,1,succeeded,738.495,,legitimate
A1,A_identity_key,B2_gvisor_naive,gvisor,off,hardened,runsc,1,succeeded,944.836,,probe
A2,A_identity_key,B2_gvisor_naive,gvisor,off,hardened,runsc,1,succeeded,966.907,,probe
A3,A_identity_key,B2_gvisor_naive,gvisor,off,hardened,runsc,1,succeeded,1028.484,,probe
B1,B_wallet_state,B2_gvisor_naive,gvisor,off,hardened,runsc,1,succeeded,1015.369,,probe
B2,B_wallet_state,B2_gvisor_naive,gvisor,off,hardened,runsc,1,succeeded,1001.290,,probe
C1,C_log_integrity,B2_gvisor_naive,gvisor,off,hardened,runsc,1,succeeded,1131.080,,probe
C2,C_log_integrity,B2_gvisor_naive,gvisor,off,hardened,runsc,1,succeeded,1080.885,,probe
C3,C_log_integrity,B2_gvisor_naive,gvisor,off,hardened,runsc,1,succeeded,1221.126,,probe
D1,D_network_egress,B2_gvisor_naive,gvisor,off,hardened,runsc,1,succeeded,986.072,,probe
D2,D_network_egress,B2_gvisor_naive,gvisor,off,hardened,runsc,1,succeeded,895.836,,probe
D3,D_network_egress,B2_gvisor_naive,gvisor,off,hardened,runsc,1,succeeded,982.780,,probe
E1,E_host_kernel_reach,B2_gvisor_naive,gvisor,off,hardened,runsc,1,succeeded,939.411,,probe
E2,E_host_kernel_reach,B2_gvisor_naive,gvisor,off,hardened,runsc,1,succeeded,989.249,,probe
E3,E_host_kernel_reach,B2_gvisor_naive,gvisor,off,hardened,runsc,1,contained,767.257,,probe
E4,E_host_kernel_reach,B2_gvisor_naive,gvisor,off,hardened,runsc,1,contained,992.924,,probe
E5,E_host_kernel_reach,B2_gvisor_naive,gvisor,off,hardened,runsc,1,contained,1081.968,,probe
E6,E_host_kernel_reach,B2_gvisor_naive,gvisor,off,hardened,runsc,1,contained,774.458,,probe
E7,E_host_kernel_reach,B2_gvisor_naive,gvisor,off,hardened,runsc,1,contained,782.048,,probe
E8,E_host_kernel_reach,B2_gvisor_naive,gvisor,off,hardened,runsc,1,contained,903.915,,probe
E9,E_host_kernel_reach,B2_gvisor_naive,gvisor,off,hardened,runsc,1,contained,731.239,,probe
E10,E_host_kernel_reach,B2_gvisor_naive,gvisor,off,hardened,runsc,1,contained,686.671,,probe
E11,E_host_kernel_reach,B2_gvisor_naive,gvisor,off,hardened,runsc,1,contained,861.282,,probe
F1,F_rule_tampering,B2_gvisor_naive,gvisor,off,hardened,runsc,1,succeeded,926.994,,probe
F2,F_rule_tampering,B2_gvisor_naive,gvisor,off,hardened,runsc,1,succeeded,955.315,,probe
A1,A_identity_key,B2_gvisor_naive,gvisor,off,hardened,runsc,2,succeeded,925.832,,probe
A2,A_identity_key,B2_gvisor_naive,gvisor,off,hardened,runsc,2,succeeded,991.693,,probe
A3,A_identity_key,B2_gvisor_naive,gvisor,off,hardened,runsc,2,succeeded,1019.598,,probe
B1,B_wallet_state,B2_gvisor_naive,gvisor,off,hardened,runsc,2,succeeded,939.839,,probe
B2,B_wallet_state,B2_gvisor_naive,gvisor,off,hardened,runsc,2,succeeded,1037.018,,probe
C1,C_log_integrity,B2_gvisor_naive,gvisor,off,hardened,runsc,2,succeeded,956.235,,probe
C2,C_log_integrity,B2_gvisor_naive,gvisor,off,hardened,runsc,2,succeeded,972.296,,probe
C3,C_log_integrity,B2_gvisor_naive,gvisor,off,hardened,runsc,2,succeeded,969.914,,probe
D1,D_network_egress,B2_gvisor_naive,gvisor,off,hardened,runsc,2,succeeded,1005.782,,probe
D2,D_network_egress,B2_gvisor_naive,gvisor,off,hardened,runsc,2,succeeded,912.482,,probe
D3,D_network_egress,B2_gvisor_naive,gvisor,off,hardened,runsc,2,succeeded,960.427,,probe
E1,E_host_kernel_reach,B2_gvisor_naive,gvisor,off,hardened,runsc,2,succeeded,983.862,,probe
E2,E_host_kernel_reach,B2_gvisor_naive,gvisor,off,hardened,runsc,2,succeeded,855.509,,probe
E3,E_host_kernel_reach,B2_gvisor_naive,gvisor,off,hardened,runsc,2,contained,798.455,,probe
E4,E_host_kernel_reach,B2_gvisor_naive,gvisor,off,hardened,runsc,2,contained,1018.670,,probe
E5,E_host_kernel_reach,B2_gvisor_naive,gvisor,off,hardened,runsc,2,contained,1080.364,,probe
E6,E_host_kernel_reach,B2_gvisor_naive,gvisor,off,hardened,runsc,2,contained,793.826,,probe
E7,E_host_kernel_reach,B2_gvisor_naive,gvisor,off,hardened,runsc,2,contained,794.499,,probe
E8,E_host_kernel_reach,B2_gvisor_naive,gvisor,off,hardened,runsc,2,contained,935.032,,probe
E9,E_host_kernel_reach,B2_gvisor_naive,gvisor,off,hardened,runsc,2,contained,859.966,,probe
E10,E_host_kernel_reach,B2_gvisor_naive,gvisor,off,hardened,runsc,2,contained,735.707,,probe
E11,E_host_kernel_reach,B2_gvisor_naive,gvisor,off,hardened,runsc,2,contained,777.397,,probe
F1,F_rule_tampering,B2_gvisor_naive,gvisor,off,hardened,runsc,2,succeeded,915.111,,probe
F2,F_rule_tampering,B2_gvisor_naive,gvisor,off,hardened,runsc,2,succeeded,979.370,,probe
A1,A_identity_key,B2_gvisor_naive,gvisor,off,hardened,runsc,3,succeeded,989.439,,probe
A2,A_identity_key,B2_gvisor_naive,gvisor,off,hardened,runsc,3,succeeded,982.264,,probe
A3,A_identity_key,B2_gvisor_naive,gvisor,off,hardened,runsc,3,succeeded,932.275,,probe
B1,B_wallet_state,B2_gvisor_naive,gvisor,off,hardened,runsc,3,succeeded,972.683,,probe
B2,B_wallet_state,B2_gvisor_naive,gvisor,off,hardened,runsc,3,succeeded,943.236,,probe
C1,C_log_integrity,B2_gvisor_naive,gvisor,off,hardened,runsc,3,succeeded,896.045,,probe
C2,C_log_integrity,B2_gvisor_naive,gvisor,off,hardened,runsc,3,succeeded,908.642,,probe
C3,C_log_integrity,B2_gvisor_naive,gvisor,off,hardened,runsc,3,succeeded,902.762,,probe
D1,D_network_egress,B2_gvisor_naive,gvisor,off,hardened,runsc,3,succeeded,922.557,,probe
D2,D_network_egress,B2_gvisor_naive,gvisor,off,hardened,runsc,3,succeeded,871.959,,probe
D3,D_network_egress,B2_gvisor_naive,gvisor,off,hardened,runsc,3,succeeded,888.633,,probe
E1,E_host_kernel_reach,B2_gvisor_naive,gvisor,off,hardened,runsc,3,succeeded,930.714,,probe
E2,E_host_kernel_reach,B2_gvisor_naive,gvisor,off,hardened,runsc,3,succeeded,936.628,,probe
E3,E_host_kernel_reach,B2_gvisor_naive,gvisor,off,hardened,runsc,3,contained,738.350,,probe
E4,E_host_kernel_reach,B2_gvisor_naive,gvisor,off,hardened,runsc,3,contained,976.723,,probe
E5,E_host_kernel_reach,B2_gvisor_naive,gvisor,off,hardened,runsc,3,contained,997.331,,probe
E6,E_host_kernel_reach,B2_gvisor_naive,gvisor,off,hardened,runsc,3,contained,859.668,,probe
E7,E_host_kernel_reach,B2_gvisor_naive,gvisor,off,hardened,runsc,3,contained,857.825,,probe
E8,E_host_kernel_reach,B2_gvisor_naive,gvisor,off,hardened,runsc,3,contained,1210.846,,probe
E9,E_host_kernel_reach,B2_gvisor_naive,gvisor,off,hardened,runsc,3,contained,1061.410,,probe
E10,E_host_kernel_reach,B2_gvisor_naive,gvisor,off,hardened,runsc,3,contained,821.940,,probe
E11,E_host_kernel_reach,B2_gvisor_naive,gvisor,off,hardened,runsc,3,contained,1133.454,,probe
F1,F_rule_tampering,B2_gvisor_naive,gvisor,off,hardened,runsc,3,succeeded,1185.043,,probe
F2,F_rule_tampering,B2_gvisor_naive,gvisor,off,hardened,runsc,3,succeeded,1002.693,,probe
A1,A_identity_key,B2_gvisor_naive,gvisor,off,hardened,runsc,4,succeeded,995.039,,probe
A2,A_identity_key,B2_gvisor_naive,gvisor,off,hardened,runsc,4,succeeded,1227.422,,probe
A3,A_identity_key,B2_gvisor_naive,gvisor,off,hardened,runsc,4,succeeded,1024.289,,probe
B1,B_wallet_state,B2_gvisor_naive,gvisor,off,hardened,runsc,4,succeeded,1018.990,,probe
B2,B_wallet_state,B2_gvisor_naive,gvisor,off,hardened,runsc,4,succeeded,925.926,,probe
C1,C_log_integrity,B2_gvisor_naive,gvisor,off,hardened,runsc,4,succeeded,975.057,,probe
C2,C_log_integrity,B2_gvisor_naive,gvisor,off,hardened,runsc,4,succeeded,969.292,,probe
C3,C_log_integrity,B2_gvisor_naive,gvisor,off,hardened,runsc,4,succeeded,926.527,,probe
D1,D_network_egress,B2_gvisor_naive,gvisor,off,hardened,runsc,4,succeeded,959.611,,probe
D2,D_network_egress,B2_gvisor_naive,gvisor,off,hardened,runsc,4,succeeded,968.437,,probe
D3,D_network_egress,B2_gvisor_naive,gvisor,off,hardened,runsc,4,succeeded,962.495,,probe
E1,E_host_kernel_reach,B2_gvisor_naive,gvisor,off,hardened,runsc,4,succeeded,956.970,,probe
E2,E_host_kernel_reach,B2_gvisor_naive,gvisor,off,hardened,runsc,4,succeeded,963.647,,probe
E3,E_host_kernel_reach,B2_gvisor_naive,gvisor,off,hardened,runsc,4,contained,777.231,,probe
E4,E_host_kernel_reach,B2_gvisor_naive,gvisor,off,hardened,runsc,4,contained,979.119,,probe
E5,E_host_kernel_reach,B2_gvisor_naive,gvisor,off,hardened,runsc,4,contained,1112.121,,probe
E6,E_host_kernel_reach,B2_gvisor_naive,gvisor,off,hardened,runsc,4,contained,828.080,,probe
E7,E_host_kernel_reach,B2_gvisor_naive,gvisor,off,hardened,runsc,4,contained,791.113,,probe
E8,E_host_kernel_reach,B2_gvisor_naive,gvisor,off,hardened,runsc,4,contained,1028.076,,probe
E9,E_host_kernel_reach,B2_gvisor_naive,gvisor,off,hardened,runsc,4,contained,776.868,,probe
E10,E_host_kernel_reach,B2_gvisor_naive,gvisor,off,hardened,runsc,4,contained,783.973,,probe
E11,E_host_kernel_reach,B2_gvisor_naive,gvisor,off,hardened,runsc,4,contained,916.524,,probe
F1,F_rule_tampering,B2_gvisor_naive,gvisor,off,hardened,runsc,4,succeeded,923.425,,probe
F2,F_rule_tampering,B2_gvisor_naive,gvisor,off,hardened,runsc,4,succeeded,964.299,,probe
A1,A_identity_key,B2_gvisor_naive,gvisor,off,hardened,runsc,5,succeeded,933.402,,probe
A2,A_identity_key,B2_gvisor_naive,gvisor,off,hardened,runsc,5,succeeded,951.748,,probe
A3,A_identity_key,B2_gvisor_naive,gvisor,off,hardened,runsc,5,succeeded,1011.541,,probe
B1,B_wallet_state,B2_gvisor_naive,gvisor,off,hardened,runsc,5,succeeded,941.672,,probe
B2,B_wallet_state,B2_gvisor_naive,gvisor,off,hardened,runsc,5,succeeded,952.208,,probe
C1,C_log_integrity,B2_gvisor_naive,gvisor,off,hardened,runsc,5,succeeded,956.505,,probe
C2,C_log_integrity,B2_gvisor_naive,gvisor,off,hardened,runsc,5,succeeded,969.407,,probe
C3,C_log_integrity,B2_gvisor_naive,gvisor,off,hardened,runsc,5,succeeded,964.404,,probe
D1,D_network_egress,B2_gvisor_naive,gvisor,off,hardened,runsc,5,succeeded,967.318,,probe
D2,D_network_egress,B2_gvisor_naive,gvisor,off,hardened,runsc,5,succeeded,821.931,,probe
D3,D_network_egress,B2_gvisor_naive,gvisor,off,hardened,runsc,5,succeeded,1091.254,,probe
E1,E_host_kernel_reach,B2_gvisor_naive,gvisor,off,hardened,runsc,5,succeeded,950.945,,probe
E2,E_host_kernel_reach,B2_gvisor_naive,gvisor,off,hardened,runsc,5,succeeded,933.781,,probe
E3,E_host_kernel_reach,B2_gvisor_naive,gvisor,off,hardened,runsc,5,contained,735.415,,probe
E4,E_host_kernel_reach,B2_gvisor_naive,gvisor,off,hardened,runsc,5,contained,954.706,,probe
E5,E_host_kernel_reach,B2_gvisor_naive,gvisor,off,hardened,runsc,5,contained,1027.447,,probe
E6,E_host_kernel_reach,B2_gvisor_naive,gvisor,off,hardened,runsc,5,contained,769.474,,probe
E7,E_host_kernel_reach,B2_gvisor_naive,gvisor,off,hardened,runsc,5,contained,726.596,,probe
E8,E_host_kernel_reach,B2_gvisor_naive,gvisor,off,hardened,runsc,5,contained,960.135,,probe
E9,E_host_kernel_reach,B2_gvisor_naive,gvisor,off,hardened,runsc,5,contained,759.839,,probe
E10,E_host_kernel_reach,B2_gvisor_naive,gvisor,off,hardened,runsc,5,contained,743.765,,probe
E11,E_host_kernel_reach,B2_gvisor_naive,gvisor,off,hardened,runsc,5,contained,899.467,,probe
F1,F_rule_tampering,B2_gvisor_naive,gvisor,off,hardened,runsc,5,succeeded,1006.046,,probe
F2,F_rule_tampering,B2_gvisor_naive,gvisor,off,hardened,runsc,5,succeeded,956.063,,probe
A1,A_identity_key,B2_gvisor_naive,gvisor,off,hardened,runsc,6,succeeded,973.298,,probe
A2,A_identity_key,B2_gvisor_naive,gvisor,off,hardened,runsc,6,succeeded,981.727,,probe
A3,A_identity_key,B2_gvisor_naive,gvisor,off,hardened,runsc,6,succeeded,1008.103,,probe
B1,B_wallet_state,B2_gvisor_naive,gvisor,off,hardened,runsc,6,succeeded,914.964,,probe
B2,B_wallet_state,B2_gvisor_naive,gvisor,off,hardened,runsc,6,succeeded,915.989,,probe
C1,C_log_integrity,B2_gvisor_naive,gvisor,off,hardened,runsc,6,succeeded,1142.532,,probe
C2,C_log_integrity,B2_gvisor_naive,gvisor,off,hardened,runsc,6,succeeded,1002.587,,probe
C3,C_log_integrity,B2_gvisor_naive,gvisor,off,hardened,runsc,6,succeeded,1082.589,,probe
D1,D_network_egress,B2_gvisor_naive,gvisor,off,hardened,runsc,6,succeeded,960.991,,probe
D2,D_network_egress,B2_gvisor_naive,gvisor,off,hardened,runsc,6,succeeded,902.887,,probe
D3,D_network_egress,B2_gvisor_naive,gvisor,off,hardened,runsc,6,succeeded,967.337,,probe
E1,E_host_kernel_reach,B2_gvisor_naive,gvisor,off,hardened,runsc,6,succeeded,975.510,,probe
E2,E_host_kernel_reach,B2_gvisor_naive,gvisor,off,hardened,runsc,6,succeeded,964.447,,probe
E3,E_host_kernel_reach,B2_gvisor_naive,gvisor,off,hardened,runsc,6,contained,814.718,,probe
E4,E_host_kernel_reach,B2_gvisor_naive,gvisor,off,hardened,runsc,6,contained,971.085,,probe
E5,E_host_kernel_reach,B2_gvisor_naive,gvisor,off,hardened,runsc,6,contained,994.035,,probe
E6,E_host_kernel_reach,B2_gvisor_naive,gvisor,off,hardened,runsc,6,contained,794.239,,probe
E7,E_host_kernel_reach,B2_gvisor_naive,gvisor,off,hardened,runsc,6,contained,800.984,,probe
E8,E_host_kernel_reach,B2_gvisor_naive,gvisor,off,hardened,runsc,6,contained,965.581,,probe
E9,E_host_kernel_reach,B2_gvisor_naive,gvisor,off,hardened,runsc,6,contained,735.403,,probe
E10,E_host_kernel_reach,B2_gvisor_naive,gvisor,off,hardened,runsc,6,contained,716.753,,probe
E11,E_host_kernel_reach,B2_gvisor_naive,gvisor,off,hardened,runsc,6,contained,926.005,,probe
F1,F_rule_tampering,B2_gvisor_naive,gvisor,off,hardened,runsc,6,succeeded,904.358,,probe
F2,F_rule_tampering,B2_gvisor_naive,gvisor,off,hardened,runsc,6,succeeded,861.042,,probe
A1,A_identity_key,B2_gvisor_naive,gvisor,off,hardened,runsc,7,succeeded,941.464,,probe
A2,A_identity_key,B2_gvisor_naive,gvisor,off,hardened,runsc,7,succeeded,1048.617,,probe
A3,A_identity_key,B2_gvisor_naive,gvisor,off,hardened,runsc,7,succeeded,964.164,,probe
B1,B_wallet_state,B2_gvisor_naive,gvisor,off,hardened,runsc,7,succeeded,926.895,,probe
B2,B_wallet_state,B2_gvisor_naive,gvisor,off,hardened,runsc,7,succeeded,919.560,,probe
C1,C_log_integrity,B2_gvisor_naive,gvisor,off,hardened,runsc,7,succeeded,892.367,,probe
C2,C_log_integrity,B2_gvisor_naive,gvisor,off,hardened,runsc,7,succeeded,875.116,,probe
C3,C_log_integrity,B2_gvisor_naive,gvisor,off,hardened,runsc,7,succeeded,1013.749,,probe
D1,D_network_egress,B2_gvisor_naive,gvisor,off,hardened,runsc,7,succeeded,909.638,,probe
D2,D_network_egress,B2_gvisor_naive,gvisor,off,hardened,runsc,7,succeeded,850.873,,probe
D3,D_network_egress,B2_gvisor_naive,gvisor,off,hardened,runsc,7,succeeded,937.445,,probe
E1,E_host_kernel_reach,B2_gvisor_naive,gvisor,off,hardened,runsc,7,succeeded,1017.701,,probe
E2,E_host_kernel_reach,B2_gvisor_naive,gvisor,off,hardened,runsc,7,succeeded,1042.532,,probe
E3,E_host_kernel_reach,B2_gvisor_naive,gvisor,off,hardened,runsc,7,contained,751.044,,probe
E4,E_host_kernel_reach,B2_gvisor_naive,gvisor,off,hardened,runsc,7,contained,966.878,,probe
E5,E_host_kernel_reach,B2_gvisor_naive,gvisor,off,hardened,runsc,7,contained,931.620,,probe
E6,E_host_kernel_reach,B2_gvisor_naive,gvisor,off,hardened,runsc,7,contained,775.265,,probe
E7,E_host_kernel_reach,B2_gvisor_naive,gvisor,off,hardened,runsc,7,contained,730.691,,probe
E8,E_host_kernel_reach,B2_gvisor_naive,gvisor,off,hardened,runsc,7,contained,921.385,,probe
E9,E_host_kernel_reach,B2_gvisor_naive,gvisor,off,hardened,runsc,7,contained,726.772,,probe
E10,E_host_kernel_reach,B2_gvisor_naive,gvisor,off,hardened,runsc,7,contained,733.728,,probe
E11,E_host_kernel_reach,B2_gvisor_naive,gvisor,off,hardened,runsc,7,contained,886.108,,probe
F1,F_rule_tampering,B2_gvisor_naive,gvisor,off,hardened,runsc,7,succeeded,966.402,,probe
F2,F_rule_tampering,B2_gvisor_naive,gvisor,off,hardened,runsc,7,succeeded,922.176,,probe
A1,A_identity_key,B2_gvisor_naive,gvisor,off,hardened,runsc,8,succeeded,931.069,,probe
A2,A_identity_key,B2_gvisor_naive,gvisor,off,hardened,runsc,8,succeeded,987.975,,probe
A3,A_identity_key,B2_gvisor_naive,gvisor,off,hardened,runsc,8,succeeded,913.104,,probe
B1,B_wallet_state,B2_gvisor_naive,gvisor,off,hardened,runsc,8,succeeded,944.482,,probe
B2,B_wallet_state,B2_gvisor_naive,gvisor,off,hardened,runsc,8,succeeded,970.747,,probe
C1,C_log_integrity,B2_gvisor_naive,gvisor,off,hardened,runsc,8,succeeded,979.690,,probe
C2,C_log_integrity,B2_gvisor_naive,gvisor,off,hardened,runsc,8,succeeded,952.251,,probe
C3,C_log_integrity,B2_gvisor_naive,gvisor,off,hardened,runsc,8,succeeded,959.521,,probe
D1,D_network_egress,B2_gvisor_naive,gvisor,off,hardened,runsc,8,succeeded,923.648,,probe
D2,D_network_egress,B2_gvisor_naive,gvisor,off,hardened,runsc,8,succeeded,861.059,,probe
D3,D_network_egress,B2_gvisor_naive,gvisor,off,hardened,runsc,8,succeeded,948.548,,probe
E1,E_host_kernel_reach,B2_gvisor_naive,gvisor,off,hardened,runsc,8,succeeded,874.588,,probe
E2,E_host_kernel_reach,B2_gvisor_naive,gvisor,off,hardened,runsc,8,succeeded,927.836,,probe
E3,E_host_kernel_reach,B2_gvisor_naive,gvisor,off,hardened,runsc,8,contained,756.450,,probe
E4,E_host_kernel_reach,B2_gvisor_naive,gvisor,off,hardened,runsc,8,contained,908.523,,probe
E5,E_host_kernel_reach,B2_gvisor_naive,gvisor,off,hardened,runsc,8,contained,897.918,,probe
E6,E_host_kernel_reach,B2_gvisor_naive,gvisor,off,hardened,runsc,8,contained,751.141,,probe
E7,E_host_kernel_reach,B2_gvisor_naive,gvisor,off,hardened,runsc,8,contained,810.667,,probe
E8,E_host_kernel_reach,B2_gvisor_naive,gvisor,off,hardened,runsc,8,contained,963.941,,probe
E9,E_host_kernel_reach,B2_gvisor_naive,gvisor,off,hardened,runsc,8,contained,846.429,,probe
E10,E_host_kernel_reach,B2_gvisor_naive,gvisor,off,hardened,runsc,8,contained,737.024,,probe
E11,E_host_kernel_reach,B2_gvisor_naive,gvisor,off,hardened,runsc,8,contained,972.529,,probe
F1,F_rule_tampering,B2_gvisor_naive,gvisor,off,hardened,runsc,8,succeeded,1025.267,,probe
F2,F_rule_tampering,B2_gvisor_naive,gvisor,off,hardened,runsc,8,succeeded,1187.711,,probe
A1,A_identity_key,B2_gvisor_naive,gvisor,off,hardened,runsc,9,succeeded,1224.448,,probe
A2,A_identity_key,B2_gvisor_naive,gvisor,off,hardened,runsc,9,succeeded,1083.163,,probe
A3,A_identity_key,B2_gvisor_naive,gvisor,off,hardened,runsc,9,succeeded,1143.620,,probe
B1,B_wallet_state,B2_gvisor_naive,gvisor,off,hardened,runsc,9,succeeded,1033.797,,probe
B2,B_wallet_state,B2_gvisor_naive,gvisor,off,hardened,runsc,9,succeeded,1100.379,,probe
C1,C_log_integrity,B2_gvisor_naive,gvisor,off,hardened,runsc,9,succeeded,1042.571,,probe
C2,C_log_integrity,B2_gvisor_naive,gvisor,off,hardened,runsc,9,succeeded,917.108,,probe
C3,C_log_integrity,B2_gvisor_naive,gvisor,off,hardened,runsc,9,succeeded,967.254,,probe
D1,D_network_egress,B2_gvisor_naive,gvisor,off,hardened,runsc,9,succeeded,924.707,,probe
D2,D_network_egress,B2_gvisor_naive,gvisor,off,hardened,runsc,9,succeeded,854.250,,probe
D3,D_network_egress,B2_gvisor_naive,gvisor,off,hardened,runsc,9,succeeded,942.019,,probe
E1,E_host_kernel_reach,B2_gvisor_naive,gvisor,off,hardened,runsc,9,succeeded,963.685,,probe
E2,E_host_kernel_reach,B2_gvisor_naive,gvisor,off,hardened,runsc,9,succeeded,934.600,,probe
E3,E_host_kernel_reach,B2_gvisor_naive,gvisor,off,hardened,runsc,9,contained,773.298,,probe
E4,E_host_kernel_reach,B2_gvisor_naive,gvisor,off,hardened,runsc,9,contained,960.859,,probe
E5,E_host_kernel_reach,B2_gvisor_naive,gvisor,off,hardened,runsc,9,contained,971.537,,probe
E6,E_host_kernel_reach,B2_gvisor_naive,gvisor,off,hardened,runsc,9,contained,730.987,,probe
E7,E_host_kernel_reach,B2_gvisor_naive,gvisor,off,hardened,runsc,9,contained,709.435,,probe
E8,E_host_kernel_reach,B2_gvisor_naive,gvisor,off,hardened,runsc,9,contained,931.226,,probe
E9,E_host_kernel_reach,B2_gvisor_naive,gvisor,off,hardened,runsc,9,contained,753.889,,probe
E10,E_host_kernel_reach,B2_gvisor_naive,gvisor,off,hardened,runsc,9,contained,805.815,,probe
E11,E_host_kernel_reach,B2_gvisor_naive,gvisor,off,hardened,runsc,9,contained,863.539,,probe
F1,F_rule_tampering,B2_gvisor_naive,gvisor,off,hardened,runsc,9,succeeded,954.388,,probe
F2,F_rule_tampering,B2_gvisor_naive,gvisor,off,hardened,runsc,9,succeeded,953.681,,probe
A1,A_identity_key,B2_gvisor_naive,gvisor,off,hardened,runsc,10,succeeded,833.832,,probe
A2,A_identity_key,B2_gvisor_naive,gvisor,off,hardened,runsc,10,succeeded,983.240,,probe
A3,A_identity_key,B2_gvisor_naive,gvisor,off,hardened,runsc,10,succeeded,950.008,,probe
B1,B_wallet_state,B2_gvisor_naive,gvisor,off,hardened,runsc,10,succeeded,933.680,,probe
B2,B_wallet_state,B2_gvisor_naive,gvisor,off,hardened,runsc,10,succeeded,966.321,,probe
C1,C_log_integrity,B2_gvisor_naive,gvisor,off,hardened,runsc,10,succeeded,977.928,,probe
C2,C_log_integrity,B2_gvisor_naive,gvisor,off,hardened,runsc,10,succeeded,729.878,,probe
C3,C_log_integrity,B2_gvisor_naive,gvisor,off,hardened,runsc,10,succeeded,762.659,,probe
D1,D_network_egress,B2_gvisor_naive,gvisor,off,hardened,runsc,10,succeeded,708.254,,probe
D2,D_network_egress,B2_gvisor_naive,gvisor,off,hardened,runsc,10,succeeded,643.210,,probe
D3,D_network_egress,B2_gvisor_naive,gvisor,off,hardened,runsc,10,succeeded,765.512,,probe
E1,E_host_kernel_reach,B2_gvisor_naive,gvisor,off,hardened,runsc,10,succeeded,739.443,,probe
E2,E_host_kernel_reach,B2_gvisor_naive,gvisor,off,hardened,runsc,10,succeeded,719.379,,probe
E3,E_host_kernel_reach,B2_gvisor_naive,gvisor,off,hardened,runsc,10,contained,576.934,,probe
E4,E_host_kernel_reach,B2_gvisor_naive,gvisor,off,hardened,runsc,10,contained,785.784,,probe
E5,E_host_kernel_reach,B2_gvisor_naive,gvisor,off,hardened,runsc,10,contained,769.996,,probe
E6,E_host_kernel_reach,B2_gvisor_naive,gvisor,off,hardened,runsc,10,contained,601.569,,probe
E7,E_host_kernel_reach,B2_gvisor_naive,gvisor,off,hardened,runsc,10,contained,549.121,,probe
E8,E_host_kernel_reach,B2_gvisor_naive,gvisor,off,hardened,runsc,10,contained,759.690,,probe
E9,E_host_kernel_reach,B2_gvisor_naive,gvisor,off,hardened,runsc,10,contained,581.121,,probe
E10,E_host_kernel_reach,B2_gvisor_naive,gvisor,off,hardened,runsc,10,contained,597.345,,probe
E11,E_host_kernel_reach,B2_gvisor_naive,gvisor,off,hardened,runsc,10,contained,713.284,,probe
F1,F_rule_tampering,B2_gvisor_naive,gvisor,off,hardened,runsc,10,succeeded,775.378,,probe
F2,F_rule_tampering,B2_gvisor_naive,gvisor,off,hardened,runsc,10,succeeded,777.497,,probe
A1,A_identity_key,B2_gvisor_naive,gvisor,off,hardened,runsc,11,succeeded,787.580,,probe
A2,A_identity_key,B2_gvisor_naive,gvisor,off,hardened,runsc,11,succeeded,832.031,,probe
A3,A_identity_key,B2_gvisor_naive,gvisor,off,hardened,runsc,11,succeeded,840.653,,probe
B1,B_wallet_state,B2_gvisor_naive,gvisor,off,hardened,runsc,11,succeeded,706.891,,probe
B2,B_wallet_state,B2_gvisor_naive,gvisor,off,hardened,runsc,11,succeeded,752.953,,probe
C1,C_log_integrity,B2_gvisor_naive,gvisor,off,hardened,runsc,11,succeeded,739.872,,probe
C2,C_log_integrity,B2_gvisor_naive,gvisor,off,hardened,runsc,11,succeeded,808.199,,probe
C3,C_log_integrity,B2_gvisor_naive,gvisor,off,hardened,runsc,11,succeeded,783.975,,probe
D1,D_network_egress,B2_gvisor_naive,gvisor,off,hardened,runsc,11,succeeded,778.963,,probe
D2,D_network_egress,B2_gvisor_naive,gvisor,off,hardened,runsc,11,succeeded,727.995,,probe
D3,D_network_egress,B2_gvisor_naive,gvisor,off,hardened,runsc,11,succeeded,797.170,,probe
E1,E_host_kernel_reach,B2_gvisor_naive,gvisor,off,hardened,runsc,11,succeeded,818.694,,probe
E2,E_host_kernel_reach,B2_gvisor_naive,gvisor,off,hardened,runsc,11,succeeded,704.393,,probe
E3,E_host_kernel_reach,B2_gvisor_naive,gvisor,off,hardened,runsc,11,contained,645.522,,probe
E4,E_host_kernel_reach,B2_gvisor_naive,gvisor,off,hardened,runsc,11,contained,724.426,,probe
E5,E_host_kernel_reach,B2_gvisor_naive,gvisor,off,hardened,runsc,11,contained,802.021,,probe
E6,E_host_kernel_reach,B2_gvisor_naive,gvisor,off,hardened,runsc,11,contained,666.577,,probe
E7,E_host_kernel_reach,B2_gvisor_naive,gvisor,off,hardened,runsc,11,contained,678.636,,probe
E8,E_host_kernel_reach,B2_gvisor_naive,gvisor,off,hardened,runsc,11,contained,873.313,,probe
E9,E_host_kernel_reach,B2_gvisor_naive,gvisor,off,hardened,runsc,11,contained,748.097,,probe
E10,E_host_kernel_reach,B2_gvisor_naive,gvisor,off,hardened,runsc,11,contained,827.298,,probe
E11,E_host_kernel_reach,B2_gvisor_naive,gvisor,off,hardened,runsc,11,contained,950.417,,probe
F1,F_rule_tampering,B2_gvisor_naive,gvisor,off,hardened,runsc,11,succeeded,931.066,,probe
F2,F_rule_tampering,B2_gvisor_naive,gvisor,off,hardened,runsc,11,succeeded,822.154,,probe
A1,A_identity_key,B2_gvisor_naive,gvisor,off,hardened,runsc,12,succeeded,861.889,,probe
A2,A_identity_key,B2_gvisor_naive,gvisor,off,hardened,runsc,12,succeeded,895.739,,probe
A3,A_identity_key,B2_gvisor_naive,gvisor,off,hardened,runsc,12,succeeded,866.307,,probe
B1,B_wallet_state,B2_gvisor_naive,gvisor,off,hardened,runsc,12,succeeded,979.583,,probe
B2,B_wallet_state,B2_gvisor_naive,gvisor,off,hardened,runsc,12,succeeded,853.983,,probe
C1,C_log_integrity,B2_gvisor_naive,gvisor,off,hardened,runsc,12,succeeded,795.909,,probe
C2,C_log_integrity,B2_gvisor_naive,gvisor,off,hardened,runsc,12,succeeded,1082.210,,probe
C3,C_log_integrity,B2_gvisor_naive,gvisor,off,hardened,runsc,12,succeeded,852.523,,probe
D1,D_network_egress,B2_gvisor_naive,gvisor,off,hardened,runsc,12,succeeded,717.752,,probe
D2,D_network_egress,B2_gvisor_naive,gvisor,off,hardened,runsc,12,succeeded,751.645,,probe
D3,D_network_egress,B2_gvisor_naive,gvisor,off,hardened,runsc,12,succeeded,725.291,,probe
E1,E_host_kernel_reach,B2_gvisor_naive,gvisor,off,hardened,runsc,12,succeeded,788.639,,probe
E2,E_host_kernel_reach,B2_gvisor_naive,gvisor,off,hardened,runsc,12,succeeded,796.227,,probe
E3,E_host_kernel_reach,B2_gvisor_naive,gvisor,off,hardened,runsc,12,contained,580.050,,probe
E4,E_host_kernel_reach,B2_gvisor_naive,gvisor,off,hardened,runsc,12,contained,812.285,,probe
E5,E_host_kernel_reach,B2_gvisor_naive,gvisor,off,hardened,runsc,12,contained,811.552,,probe
E6,E_host_kernel_reach,B2_gvisor_naive,gvisor,off,hardened,runsc,12,contained,618.333,,probe
E7,E_host_kernel_reach,B2_gvisor_naive,gvisor,off,hardened,runsc,12,contained,567.508,,probe
E8,E_host_kernel_reach,B2_gvisor_naive,gvisor,off,hardened,runsc,12,contained,811.184,,probe
E9,E_host_kernel_reach,B2_gvisor_naive,gvisor,off,hardened,runsc,12,contained,634.033,,probe
E10,E_host_kernel_reach,B2_gvisor_naive,gvisor,off,hardened,runsc,12,contained,589.791,,probe
E11,E_host_kernel_reach,B2_gvisor_naive,gvisor,off,hardened,runsc,12,contained,751.633,,probe
F1,F_rule_tampering,B2_gvisor_naive,gvisor,off,hardened,runsc,12,succeeded,872.043,,probe
F2,F_rule_tampering,B2_gvisor_naive,gvisor,off,hardened,runsc,12,succeeded,787.653,,probe
A1,A_identity_key,B2_gvisor_naive,gvisor,off,hardened,runsc,13,succeeded,793.455,,probe
A2,A_identity_key,B2_gvisor_naive,gvisor,off,hardened,runsc,13,succeeded,850.659,,probe
A3,A_identity_key,B2_gvisor_naive,gvisor,off,hardened,runsc,13,succeeded,891.546,,probe
B1,B_wallet_state,B2_gvisor_naive,gvisor,off,hardened,runsc,13,succeeded,829.978,,probe
B2,B_wallet_state,B2_gvisor_naive,gvisor,off,hardened,runsc,13,succeeded,806.696,,probe
C1,C_log_integrity,B2_gvisor_naive,gvisor,off,hardened,runsc,13,succeeded,760.432,,probe
C2,C_log_integrity,B2_gvisor_naive,gvisor,off,hardened,runsc,13,succeeded,794.147,,probe
C3,C_log_integrity,B2_gvisor_naive,gvisor,off,hardened,runsc,13,succeeded,816.902,,probe
D1,D_network_egress,B2_gvisor_naive,gvisor,off,hardened,runsc,13,succeeded,773.781,,probe
D2,D_network_egress,B2_gvisor_naive,gvisor,off,hardened,runsc,13,succeeded,731.822,,probe
D3,D_network_egress,B2_gvisor_naive,gvisor,off,hardened,runsc,13,succeeded,783.979,,probe
E1,E_host_kernel_reach,B2_gvisor_naive,gvisor,off,hardened,runsc,13,succeeded,821.051,,probe
E2,E_host_kernel_reach,B2_gvisor_naive,gvisor,off,hardened,runsc,13,succeeded,854.259,,probe
E3,E_host_kernel_reach,B2_gvisor_naive,gvisor,off,hardened,runsc,13,contained,692.613,,probe
E4,E_host_kernel_reach,B2_gvisor_naive,gvisor,off,hardened,runsc,13,contained,792.113,,probe
E5,E_host_kernel_reach,B2_gvisor_naive,gvisor,off,hardened,runsc,13,contained,833.741,,probe
E6,E_host_kernel_reach,B2_gvisor_naive,gvisor,off,hardened,runsc,13,contained,663.416,,probe
E7,E_host_kernel_reach,B2_gvisor_naive,gvisor,off,hardened,runsc,13,contained,598.986,,probe
E8,E_host_kernel_reach,B2_gvisor_naive,gvisor,off,hardened,runsc,13,contained,806.533,,probe
E9,E_host_kernel_reach,B2_gvisor_naive,gvisor,off,hardened,runsc,13,contained,630.882,,probe
E10,E_host_kernel_reach,B2_gvisor_naive,gvisor,off,hardened,runsc,13,contained,641.377,,probe
E11,E_host_kernel_reach,B2_gvisor_naive,gvisor,off,hardened,runsc,13,contained,736.701,,probe
F1,F_rule_tampering,B2_gvisor_naive,gvisor,off,hardened,runsc,13,succeeded,819.148,,probe
F2,F_rule_tampering,B2_gvisor_naive,gvisor,off,hardened,runsc,13,succeeded,811.436,,probe
A1,A_identity_key,B2_gvisor_naive,gvisor,off,hardened,runsc,14,succeeded,800.529,,probe
A2,A_identity_key,B2_gvisor_naive,gvisor,off,hardened,runsc,14,succeeded,868.232,,probe
A3,A_identity_key,B2_gvisor_naive,gvisor,off,hardened,runsc,14,succeeded,838.265,,probe
B1,B_wallet_state,B2_gvisor_naive,gvisor,off,hardened,runsc,14,succeeded,838.512,,probe
B2,B_wallet_state,B2_gvisor_naive,gvisor,off,hardened,runsc,14,succeeded,821.239,,probe
C1,C_log_integrity,B2_gvisor_naive,gvisor,off,hardened,runsc,14,succeeded,718.305,,probe
C2,C_log_integrity,B2_gvisor_naive,gvisor,off,hardened,runsc,14,succeeded,828.329,,probe
C3,C_log_integrity,B2_gvisor_naive,gvisor,off,hardened,runsc,14,succeeded,836.812,,probe
D1,D_network_egress,B2_gvisor_naive,gvisor,off,hardened,runsc,14,succeeded,832.813,,probe
D2,D_network_egress,B2_gvisor_naive,gvisor,off,hardened,runsc,14,succeeded,797.968,,probe
D3,D_network_egress,B2_gvisor_naive,gvisor,off,hardened,runsc,14,succeeded,813.634,,probe
E1,E_host_kernel_reach,B2_gvisor_naive,gvisor,off,hardened,runsc,14,succeeded,794.237,,probe
E2,E_host_kernel_reach,B2_gvisor_naive,gvisor,off,hardened,runsc,14,succeeded,809.874,,probe
E3,E_host_kernel_reach,B2_gvisor_naive,gvisor,off,hardened,runsc,14,contained,651.952,,probe
E4,E_host_kernel_reach,B2_gvisor_naive,gvisor,off,hardened,runsc,14,contained,851.806,,probe
E5,E_host_kernel_reach,B2_gvisor_naive,gvisor,off,hardened,runsc,14,contained,949.489,,probe
E6,E_host_kernel_reach,B2_gvisor_naive,gvisor,off,hardened,runsc,14,contained,826.283,,probe
E7,E_host_kernel_reach,B2_gvisor_naive,gvisor,off,hardened,runsc,14,contained,807.512,,probe
E8,E_host_kernel_reach,B2_gvisor_naive,gvisor,off,hardened,runsc,14,contained,1164.079,,probe
E9,E_host_kernel_reach,B2_gvisor_naive,gvisor,off,hardened,runsc,14,contained,839.358,,probe
E10,E_host_kernel_reach,B2_gvisor_naive,gvisor,off,hardened,runsc,14,contained,790.876,,probe
E11,E_host_kernel_reach,B2_gvisor_naive,gvisor,off,hardened,runsc,14,contained,835.590,,probe
F1,F_rule_tampering,B2_gvisor_naive,gvisor,off,hardened,runsc,14,succeeded,904.774,,probe
F2,F_rule_tampering,B2_gvisor_naive,gvisor,off,hardened,runsc,14,succeeded,845.372,,probe
A1,A_identity_key,B2_gvisor_naive,gvisor,off,hardened,runsc,15,succeeded,972.834,,probe
A2,A_identity_key,B2_gvisor_naive,gvisor,off,hardened,runsc,15,succeeded,895.332,,probe
A3,A_identity_key,B2_gvisor_naive,gvisor,off,hardened,runsc,15,succeeded,1095.750,,probe
B1,B_wallet_state,B2_gvisor_naive,gvisor,off,hardened,runsc,15,succeeded,1159.872,,probe
B2,B_wallet_state,B2_gvisor_naive,gvisor,off,hardened,runsc,15,succeeded,856.577,,probe
C1,C_log_integrity,B2_gvisor_naive,gvisor,off,hardened,runsc,15,succeeded,822.078,,probe
C2,C_log_integrity,B2_gvisor_naive,gvisor,off,hardened,runsc,15,succeeded,833.074,,probe
C3,C_log_integrity,B2_gvisor_naive,gvisor,off,hardened,runsc,15,succeeded,790.577,,probe
D1,D_network_egress,B2_gvisor_naive,gvisor,off,hardened,runsc,15,succeeded,730.352,,probe
D2,D_network_egress,B2_gvisor_naive,gvisor,off,hardened,runsc,15,succeeded,739.616,,probe
D3,D_network_egress,B2_gvisor_naive,gvisor,off,hardened,runsc,15,succeeded,783.378,,probe
E1,E_host_kernel_reach,B2_gvisor_naive,gvisor,off,hardened,runsc,15,succeeded,811.736,,probe
E2,E_host_kernel_reach,B2_gvisor_naive,gvisor,off,hardened,runsc,15,succeeded,714.382,,probe
E3,E_host_kernel_reach,B2_gvisor_naive,gvisor,off,hardened,runsc,15,contained,620.929,,probe
E4,E_host_kernel_reach,B2_gvisor_naive,gvisor,off,hardened,runsc,15,contained,769.485,,probe
E5,E_host_kernel_reach,B2_gvisor_naive,gvisor,off,hardened,runsc,15,contained,798.696,,probe
E6,E_host_kernel_reach,B2_gvisor_naive,gvisor,off,hardened,runsc,15,contained,613.464,,probe
E7,E_host_kernel_reach,B2_gvisor_naive,gvisor,off,hardened,runsc,15,contained,604.830,,probe
E8,E_host_kernel_reach,B2_gvisor_naive,gvisor,off,hardened,runsc,15,contained,788.442,,probe
E9,E_host_kernel_reach,B2_gvisor_naive,gvisor,off,hardened,runsc,15,contained,674.538,,probe
E10,E_host_kernel_reach,B2_gvisor_naive,gvisor,off,hardened,runsc,15,contained,621.059,,probe
E11,E_host_kernel_reach,B2_gvisor_naive,gvisor,off,hardened,runsc,15,contained,778.650,,probe
F1,F_rule_tampering,B2_gvisor_naive,gvisor,off,hardened,runsc,15,succeeded,786.485,,probe
F2,F_rule_tampering,B2_gvisor_naive,gvisor,off,hardened,runsc,15,succeeded,812.315,,probe
A1,A_identity_key,B2_gvisor_naive,gvisor,off,hardened,runsc,16,succeeded,763.298,,probe
A2,A_identity_key,B2_gvisor_naive,gvisor,off,hardened,runsc,16,succeeded,767.141,,probe
A3,A_identity_key,B2_gvisor_naive,gvisor,off,hardened,runsc,16,succeeded,937.126,,probe
B1,B_wallet_state,B2_gvisor_naive,gvisor,off,hardened,runsc,16,succeeded,805.991,,probe
B2,B_wallet_state,B2_gvisor_naive,gvisor,off,hardened,runsc,16,succeeded,812.708,,probe
C1,C_log_integrity,B2_gvisor_naive,gvisor,off,hardened,runsc,16,succeeded,797.896,,probe
C2,C_log_integrity,B2_gvisor_naive,gvisor,off,hardened,runsc,16,succeeded,803.794,,probe
C3,C_log_integrity,B2_gvisor_naive,gvisor,off,hardened,runsc,16,succeeded,782.926,,probe
D1,D_network_egress,B2_gvisor_naive,gvisor,off,hardened,runsc,16,succeeded,789.242,,probe
D2,D_network_egress,B2_gvisor_naive,gvisor,off,hardened,runsc,16,succeeded,736.929,,probe
D3,D_network_egress,B2_gvisor_naive,gvisor,off,hardened,runsc,16,succeeded,804.134,,probe
E1,E_host_kernel_reach,B2_gvisor_naive,gvisor,off,hardened,runsc,16,succeeded,789.355,,probe
E2,E_host_kernel_reach,B2_gvisor_naive,gvisor,off,hardened,runsc,16,succeeded,820.668,,probe
E3,E_host_kernel_reach,B2_gvisor_naive,gvisor,off,hardened,runsc,16,contained,615.010,,probe
E4,E_host_kernel_reach,B2_gvisor_naive,gvisor,off,hardened,runsc,16,contained,876.589,,probe
E5,E_host_kernel_reach,B2_gvisor_naive,gvisor,off,hardened,runsc,16,contained,821.290,,probe
E6,E_host_kernel_reach,B2_gvisor_naive,gvisor,off,hardened,runsc,16,contained,647.839,,probe
E7,E_host_kernel_reach,B2_gvisor_naive,gvisor,off,hardened,runsc,16,contained,576.204,,probe
E8,E_host_kernel_reach,B2_gvisor_naive,gvisor,off,hardened,runsc,16,contained,861.666,,probe
E9,E_host_kernel_reach,B2_gvisor_naive,gvisor,off,hardened,runsc,16,contained,698.131,,probe
E10,E_host_kernel_reach,B2_gvisor_naive,gvisor,off,hardened,runsc,16,contained,657.077,,probe
E11,E_host_kernel_reach,B2_gvisor_naive,gvisor,off,hardened,runsc,16,contained,766.755,,probe
F1,F_rule_tampering,B2_gvisor_naive,gvisor,off,hardened,runsc,16,succeeded,764.443,,probe
F2,F_rule_tampering,B2_gvisor_naive,gvisor,off,hardened,runsc,16,succeeded,774.113,,probe
A1,A_identity_key,B2_gvisor_naive,gvisor,off,hardened,runsc,17,succeeded,817.367,,probe
A2,A_identity_key,B2_gvisor_naive,gvisor,off,hardened,runsc,17,succeeded,894.501,,probe
A3,A_identity_key,B2_gvisor_naive,gvisor,off,hardened,runsc,17,succeeded,880.784,,probe
B1,B_wallet_state,B2_gvisor_naive,gvisor,off,hardened,runsc,17,succeeded,855.617,,probe
B2,B_wallet_state,B2_gvisor_naive,gvisor,off,hardened,runsc,17,succeeded,806.255,,probe
C1,C_log_integrity,B2_gvisor_naive,gvisor,off,hardened,runsc,17,succeeded,854.481,,probe
C2,C_log_integrity,B2_gvisor_naive,gvisor,off,hardened,runsc,17,succeeded,788.456,,probe
C3,C_log_integrity,B2_gvisor_naive,gvisor,off,hardened,runsc,17,succeeded,866.412,,probe
D1,D_network_egress,B2_gvisor_naive,gvisor,off,hardened,runsc,17,succeeded,811.528,,probe
D2,D_network_egress,B2_gvisor_naive,gvisor,off,hardened,runsc,17,succeeded,802.089,,probe
D3,D_network_egress,B2_gvisor_naive,gvisor,off,hardened,runsc,17,succeeded,754.193,,probe
E1,E_host_kernel_reach,B2_gvisor_naive,gvisor,off,hardened,runsc,17,succeeded,767.905,,probe
E2,E_host_kernel_reach,B2_gvisor_naive,gvisor,off,hardened,runsc,17,succeeded,804.954,,probe
E3,E_host_kernel_reach,B2_gvisor_naive,gvisor,off,hardened,runsc,17,contained,701.278,,probe
E4,E_host_kernel_reach,B2_gvisor_naive,gvisor,off,hardened,runsc,17,contained,921.302,,probe
E5,E_host_kernel_reach,B2_gvisor_naive,gvisor,off,hardened,runsc,17,contained,1021.247,,probe
E6,E_host_kernel_reach,B2_gvisor_naive,gvisor,off,hardened,runsc,17,contained,790.041,,probe
E7,E_host_kernel_reach,B2_gvisor_naive,gvisor,off,hardened,runsc,17,contained,627.870,,probe
E8,E_host_kernel_reach,B2_gvisor_naive,gvisor,off,hardened,runsc,17,contained,872.031,,probe
E9,E_host_kernel_reach,B2_gvisor_naive,gvisor,off,hardened,runsc,17,contained,735.313,,probe
E10,E_host_kernel_reach,B2_gvisor_naive,gvisor,off,hardened,runsc,17,contained,719.133,,probe
E11,E_host_kernel_reach,B2_gvisor_naive,gvisor,off,hardened,runsc,17,contained,859.309,,probe
F1,F_rule_tampering,B2_gvisor_naive,gvisor,off,hardened,runsc,17,succeeded,891.984,,probe
F2,F_rule_tampering,B2_gvisor_naive,gvisor,off,hardened,runsc,17,succeeded,995.896,,probe
A1,A_identity_key,B2_gvisor_naive,gvisor,off,hardened,runsc,18,succeeded,811.447,,probe
A2,A_identity_key,B2_gvisor_naive,gvisor,off,hardened,runsc,18,succeeded,861.437,,probe
A3,A_identity_key,B2_gvisor_naive,gvisor,off,hardened,runsc,18,succeeded,938.738,,probe
B1,B_wallet_state,B2_gvisor_naive,gvisor,off,hardened,runsc,18,succeeded,851.098,,probe
B2,B_wallet_state,B2_gvisor_naive,gvisor,off,hardened,runsc,18,succeeded,797.448,,probe
C1,C_log_integrity,B2_gvisor_naive,gvisor,off,hardened,runsc,18,succeeded,801.550,,probe
C2,C_log_integrity,B2_gvisor_naive,gvisor,off,hardened,runsc,18,succeeded,837.575,,probe
C3,C_log_integrity,B2_gvisor_naive,gvisor,off,hardened,runsc,18,succeeded,836.555,,probe
D1,D_network_egress,B2_gvisor_naive,gvisor,off,hardened,runsc,18,succeeded,852.048,,probe
D2,D_network_egress,B2_gvisor_naive,gvisor,off,hardened,runsc,18,succeeded,770.059,,probe
D3,D_network_egress,B2_gvisor_naive,gvisor,off,hardened,runsc,18,succeeded,790.080,,probe
E1,E_host_kernel_reach,B2_gvisor_naive,gvisor,off,hardened,runsc,18,succeeded,753.221,,probe
E2,E_host_kernel_reach,B2_gvisor_naive,gvisor,off,hardened,runsc,18,succeeded,817.782,,probe
E3,E_host_kernel_reach,B2_gvisor_naive,gvisor,off,hardened,runsc,18,contained,688.082,,probe
E4,E_host_kernel_reach,B2_gvisor_naive,gvisor,off,hardened,runsc,18,contained,826.658,,probe
E5,E_host_kernel_reach,B2_gvisor_naive,gvisor,off,hardened,runsc,18,contained,873.876,,probe
E6,E_host_kernel_reach,B2_gvisor_naive,gvisor,off,hardened,runsc,18,contained,675.550,,probe
E7,E_host_kernel_reach,B2_gvisor_naive,gvisor,off,hardened,runsc,18,contained,633.016,,probe
E8,E_host_kernel_reach,B2_gvisor_naive,gvisor,off,hardened,runsc,18,contained,780.733,,probe
E9,E_host_kernel_reach,B2_gvisor_naive,gvisor,off,hardened,runsc,18,contained,684.902,,probe
E10,E_host_kernel_reach,B2_gvisor_naive,gvisor,off,hardened,runsc,18,contained,651.397,,probe
E11,E_host_kernel_reach,B2_gvisor_naive,gvisor,off,hardened,runsc,18,contained,756.396,,probe
F1,F_rule_tampering,B2_gvisor_naive,gvisor,off,hardened,runsc,18,succeeded,852.770,,probe
F2,F_rule_tampering,B2_gvisor_naive,gvisor,off,hardened,runsc,18,succeeded,823.026,,probe
A1,A_identity_key,B2_gvisor_naive,gvisor,off,hardened,runsc,19,succeeded,918.998,,probe
A2,A_identity_key,B2_gvisor_naive,gvisor,off,hardened,runsc,19,succeeded,921.051,,probe
A3,A_identity_key,B2_gvisor_naive,gvisor,off,hardened,runsc,19,succeeded,832.846,,probe
B1,B_wallet_state,B2_gvisor_naive,gvisor,off,hardened,runsc,19,succeeded,878.644,,probe
B2,B_wallet_state,B2_gvisor_naive,gvisor,off,hardened,runsc,19,succeeded,800.767,,probe
C1,C_log_integrity,B2_gvisor_naive,gvisor,off,hardened,runsc,19,succeeded,841.490,,probe
C2,C_log_integrity,B2_gvisor_naive,gvisor,off,hardened,runsc,19,succeeded,824.472,,probe
C3,C_log_integrity,B2_gvisor_naive,gvisor,off,hardened,runsc,19,succeeded,825.529,,probe
D1,D_network_egress,B2_gvisor_naive,gvisor,off,hardened,runsc,19,succeeded,768.123,,probe
D2,D_network_egress,B2_gvisor_naive,gvisor,off,hardened,runsc,19,succeeded,720.501,,probe
D3,D_network_egress,B2_gvisor_naive,gvisor,off,hardened,runsc,19,succeeded,755.957,,probe
E1,E_host_kernel_reach,B2_gvisor_naive,gvisor,off,hardened,runsc,19,succeeded,870.143,,probe
E2,E_host_kernel_reach,B2_gvisor_naive,gvisor,off,hardened,runsc,19,succeeded,805.379,,probe
E3,E_host_kernel_reach,B2_gvisor_naive,gvisor,off,hardened,runsc,19,contained,680.346,,probe
E4,E_host_kernel_reach,B2_gvisor_naive,gvisor,off,hardened,runsc,19,contained,854.950,,probe
E5,E_host_kernel_reach,B2_gvisor_naive,gvisor,off,hardened,runsc,19,contained,1415.989,,probe
E6,E_host_kernel_reach,B2_gvisor_naive,gvisor,off,hardened,runsc,19,contained,655.182,,probe
E7,E_host_kernel_reach,B2_gvisor_naive,gvisor,off,hardened,runsc,19,contained,612.239,,probe
E8,E_host_kernel_reach,B2_gvisor_naive,gvisor,off,hardened,runsc,19,contained,832.123,,probe
E9,E_host_kernel_reach,B2_gvisor_naive,gvisor,off,hardened,runsc,19,contained,671.053,,probe
E10,E_host_kernel_reach,B2_gvisor_naive,gvisor,off,hardened,runsc,19,contained,628.971,,probe
E11,E_host_kernel_reach,B2_gvisor_naive,gvisor,off,hardened,runsc,19,contained,812.300,,probe
F1,F_rule_tampering,B2_gvisor_naive,gvisor,off,hardened,runsc,19,succeeded,897.547,,probe
F2,F_rule_tampering,B2_gvisor_naive,gvisor,off,hardened,runsc,19,succeeded,821.165,,probe
A1,A_identity_key,B2_gvisor_naive,gvisor,off,hardened,runsc,20,succeeded,749.366,,probe
A2,A_identity_key,B2_gvisor_naive,gvisor,off,hardened,runsc,20,succeeded,851.870,,probe
A3,A_identity_key,B2_gvisor_naive,gvisor,off,hardened,runsc,20,succeeded,910.528,,probe
B1,B_wallet_state,B2_gvisor_naive,gvisor,off,hardened,runsc,20,succeeded,855.780,,probe
B2,B_wallet_state,B2_gvisor_naive,gvisor,off,hardened,runsc,20,succeeded,819.590,,probe
C1,C_log_integrity,B2_gvisor_naive,gvisor,off,hardened,runsc,20,succeeded,811.011,,probe
C2,C_log_integrity,B2_gvisor_naive,gvisor,off,hardened,runsc,20,succeeded,820.467,,probe
C3,C_log_integrity,B2_gvisor_naive,gvisor,off,hardened,runsc,20,succeeded,841.341,,probe
D1,D_network_egress,B2_gvisor_naive,gvisor,off,hardened,runsc,20,succeeded,746.383,,probe
D2,D_network_egress,B2_gvisor_naive,gvisor,off,hardened,runsc,20,succeeded,782.690,,probe
D3,D_network_egress,B2_gvisor_naive,gvisor,off,hardened,runsc,20,succeeded,782.253,,probe
E1,E_host_kernel_reach,B2_gvisor_naive,gvisor,off,hardened,runsc,20,succeeded,787.371,,probe
E2,E_host_kernel_reach,B2_gvisor_naive,gvisor,off,hardened,runsc,20,succeeded,843.775,,probe
E3,E_host_kernel_reach,B2_gvisor_naive,gvisor,off,hardened,runsc,20,contained,647.458,,probe
E4,E_host_kernel_reach,B2_gvisor_naive,gvisor,off,hardened,runsc,20,contained,993.476,,probe
E5,E_host_kernel_reach,B2_gvisor_naive,gvisor,off,hardened,runsc,20,contained,836.928,,probe
E6,E_host_kernel_reach,B2_gvisor_naive,gvisor,off,hardened,runsc,20,contained,733.390,,probe
E7,E_host_kernel_reach,B2_gvisor_naive,gvisor,off,hardened,runsc,20,contained,840.023,,probe
E8,E_host_kernel_reach,B2_gvisor_naive,gvisor,off,hardened,runsc,20,contained,1011.268,,probe
E9,E_host_kernel_reach,B2_gvisor_naive,gvisor,off,hardened,runsc,20,contained,807.795,,probe
E10,E_host_kernel_reach,B2_gvisor_naive,gvisor,off,hardened,runsc,20,contained,843.863,,probe
E11,E_host_kernel_reach,B2_gvisor_naive,gvisor,off,hardened,runsc,20,contained,961.821,,probe
F1,F_rule_tampering,B2_gvisor_naive,gvisor,off,hardened,runsc,20,succeeded,1268.609,,probe
F2,F_rule_tampering,B2_gvisor_naive,gvisor,off,hardened,runsc,20,succeeded,993.214,,probe
L1,L_legitimate,B2_gvisor_naive,gvisor,off,hardened,runsc,1,succeeded,993.791,,legitimate
L2,L_legitimate,B2_gvisor_naive,gvisor,off,hardened,runsc,1,succeeded,3.777,,legitimate
L3,L_legitimate,B2_gvisor_naive,gvisor,off,hardened,runsc,1,succeeded,0.070,,legitimate
L4,L_legitimate,B2_gvisor_naive,gvisor,off,hardened,runsc,1,succeeded,938.093,,legitimate
A1,A_identity_key,A1_arch_only_runc,runc,on,weak,runc,1,contained,777.472,,probe
A2,A_identity_key,A1_arch_only_runc,runc,on,weak,runc,1,contained,686.227,,probe
A3,A_identity_key,A1_arch_only_runc,runc,on,weak,runc,1,contained,734.998,,probe
B1,B_wallet_state,A1_arch_only_runc,runc,on,weak,runc,1,contained,721.044,,probe
B2,B_wallet_state,A1_arch_only_runc,runc,on,weak,runc,1,contained,718.307,,probe
C1,C_log_integrity,A1_arch_only_runc,runc,on,weak,runc,1,contained,756.614,,probe
C2,C_log_integrity,A1_arch_only_runc,runc,on,weak,runc,1,contained,738.568,,probe
C3,C_log_integrity,A1_arch_only_runc,runc,on,weak,runc,1,contained,708.915,,probe
D1,D_network_egress,A1_arch_only_runc,runc,on,weak,runc,1,contained,653.702,,probe
D2,D_network_egress,A1_arch_only_runc,runc,on,weak,runc,1,contained,595.842,,probe
D3,D_network_egress,A1_arch_only_runc,runc,on,weak,runc,1,contained,684.542,,probe
E1,E_host_kernel_reach,A1_arch_only_runc,runc,on,weak,runc,1,contained,732.789,,probe
E2,E_host_kernel_reach,A1_arch_only_runc,runc,on,weak,runc,1,contained,680.573,,probe
E3,E_host_kernel_reach,A1_arch_only_runc,runc,on,weak,runc,1,contained,586.506,,probe
E4,E_host_kernel_reach,A1_arch_only_runc,runc,on,weak,runc,1,succeeded,708.043,,probe
E5,E_host_kernel_reach,A1_arch_only_runc,runc,on,weak,runc,1,contained,680.625,,probe
E6,E_host_kernel_reach,A1_arch_only_runc,runc,on,weak,runc,1,contained,522.049,,probe
E7,E_host_kernel_reach,A1_arch_only_runc,runc,on,weak,runc,1,contained,523.054,,probe
E8,E_host_kernel_reach,A1_arch_only_runc,runc,on,weak,runc,1,succeeded,707.593,,probe
E9,E_host_kernel_reach,A1_arch_only_runc,runc,on,weak,runc,1,contained,541.685,,probe
E10,E_host_kernel_reach,A1_arch_only_runc,runc,on,weak,runc,1,contained,533.682,,probe
E11,E_host_kernel_reach,A1_arch_only_runc,runc,on,weak,runc,1,succeeded,581.419,,probe
F1,F_rule_tampering,A1_arch_only_runc,runc,on,weak,runc,1,contained,733.182,,probe
F2,F_rule_tampering,A1_arch_only_runc,runc,on,weak,runc,1,contained,674.220,,probe
A1,A_identity_key,A1_arch_only_runc,runc,on,weak,runc,2,contained,735.487,,probe
A2,A_identity_key,A1_arch_only_runc,runc,on,weak,runc,2,contained,704.582,,probe
A3,A_identity_key,A1_arch_only_runc,runc,on,weak,runc,2,contained,746.300,,probe
B1,B_wallet_state,A1_arch_only_runc,runc,on,weak,runc,2,contained,765.978,,probe
B2,B_wallet_state,A1_arch_only_runc,runc,on,weak,runc,2,contained,714.999,,probe
C1,C_log_integrity,A1_arch_only_runc,runc,on,weak,runc,2,contained,728.827,,probe
C2,C_log_integrity,A1_arch_only_runc,runc,on,weak,runc,2,contained,719.919,,probe
C3,C_log_integrity,A1_arch_only_runc,runc,on,weak,runc,2,contained,713.298,,probe
D1,D_network_egress,A1_arch_only_runc,runc,on,weak,runc,2,contained,669.517,,probe
D2,D_network_egress,A1_arch_only_runc,runc,on,weak,runc,2,contained,630.460,,probe
D3,D_network_egress,A1_arch_only_runc,runc,on,weak,runc,2,contained,714.326,,probe
E1,E_host_kernel_reach,A1_arch_only_runc,runc,on,weak,runc,2,contained,704.090,,probe
E2,E_host_kernel_reach,A1_arch_only_runc,runc,on,weak,runc,2,contained,667.385,,probe
E3,E_host_kernel_reach,A1_arch_only_runc,runc,on,weak,runc,2,contained,612.948,,probe
E4,E_host_kernel_reach,A1_arch_only_runc,runc,on,weak,runc,2,succeeded,666.388,,probe
E5,E_host_kernel_reach,A1_arch_only_runc,runc,on,weak,runc,2,contained,699.422,,probe
E6,E_host_kernel_reach,A1_arch_only_runc,runc,on,weak,runc,2,contained,571.178,,probe
E7,E_host_kernel_reach,A1_arch_only_runc,runc,on,weak,runc,2,contained,535.146,,probe
E8,E_host_kernel_reach,A1_arch_only_runc,runc,on,weak,runc,2,succeeded,692.578,,probe
E9,E_host_kernel_reach,A1_arch_only_runc,runc,on,weak,runc,2,contained,551.786,,probe
E10,E_host_kernel_reach,A1_arch_only_runc,runc,on,weak,runc,2,contained,529.946,,probe
E11,E_host_kernel_reach,A1_arch_only_runc,runc,on,weak,runc,2,succeeded,629.408,,probe
F1,F_rule_tampering,A1_arch_only_runc,runc,on,weak,runc,2,contained,711.371,,probe
F2,F_rule_tampering,A1_arch_only_runc,runc,on,weak,runc,2,contained,708.567,,probe
A1,A_identity_key,A1_arch_only_runc,runc,on,weak,runc,3,contained,705.802,,probe
A2,A_identity_key,A1_arch_only_runc,runc,on,weak,runc,3,contained,740.350,,probe
A3,A_identity_key,A1_arch_only_runc,runc,on,weak,runc,3,contained,728.213,,probe
B1,B_wallet_state,A1_arch_only_runc,runc,on,weak,runc,3,contained,672.248,,probe
B2,B_wallet_state,A1_arch_only_runc,runc,on,weak,runc,3,contained,714.867,,probe
C1,C_log_integrity,A1_arch_only_runc,runc,on,weak,runc,3,contained,710.462,,probe
C2,C_log_integrity,A1_arch_only_runc,runc,on,weak,runc,3,contained,671.836,,probe
C3,C_log_integrity,A1_arch_only_runc,runc,on,weak,runc,3,contained,704.123,,probe
D1,D_network_egress,A1_arch_only_runc,runc,on,weak,runc,3,contained,718.546,,probe
D2,D_network_egress,A1_arch_only_runc,runc,on,weak,runc,3,contained,635.448,,probe
D3,D_network_egress,A1_arch_only_runc,runc,on,weak,runc,3,contained,692.746,,probe
E1,E_host_kernel_reach,A1_arch_only_runc,runc,on,weak,runc,3,contained,751.162,,probe
E2,E_host_kernel_reach,A1_arch_only_runc,runc,on,weak,runc,3,contained,710.200,,probe
E3,E_host_kernel_reach,A1_arch_only_runc,runc,on,weak,runc,3,contained,526.468,,probe
E4,E_host_kernel_reach,A1_arch_only_runc,runc,on,weak,runc,3,succeeded,892.056,,probe
E5,E_host_kernel_reach,A1_arch_only_runc,runc,on,weak,runc,3,contained,718.631,,probe
E6,E_host_kernel_reach,A1_arch_only_runc,runc,on,weak,runc,3,contained,707.945,,probe
E7,E_host_kernel_reach,A1_arch_only_runc,runc,on,weak,runc,3,contained,619.361,,probe
E8,E_host_kernel_reach,A1_arch_only_runc,runc,on,weak,runc,3,succeeded,755.145,,probe
E9,E_host_kernel_reach,A1_arch_only_runc,runc,on,weak,runc,3,contained,580.050,,probe
E10,E_host_kernel_reach,A1_arch_only_runc,runc,on,weak,runc,3,contained,522.550,,probe
E11,E_host_kernel_reach,A1_arch_only_runc,runc,on,weak,runc,3,succeeded,828.852,,probe
F1,F_rule_tampering,A1_arch_only_runc,runc,on,weak,runc,3,contained,716.867,,probe
F2,F_rule_tampering,A1_arch_only_runc,runc,on,weak,runc,3,contained,827.000,,probe
A1,A_identity_key,A1_arch_only_runc,runc,on,weak,runc,4,contained,719.858,,probe
A2,A_identity_key,A1_arch_only_runc,runc,on,weak,runc,4,contained,754.384,,probe
A3,A_identity_key,A1_arch_only_runc,runc,on,weak,runc,4,contained,888.103,,probe
B1,B_wallet_state,A1_arch_only_runc,runc,on,weak,runc,4,contained,892.815,,probe
B2,B_wallet_state,A1_arch_only_runc,runc,on,weak,runc,4,contained,777.893,,probe
C1,C_log_integrity,A1_arch_only_runc,runc,on,weak,runc,4,contained,760.289,,probe
C2,C_log_integrity,A1_arch_only_runc,runc,on,weak,runc,4,contained,729.011,,probe
C3,C_log_integrity,A1_arch_only_runc,runc,on,weak,runc,4,contained,696.251,,probe
D1,D_network_egress,A1_arch_only_runc,runc,on,weak,runc,4,contained,723.480,,probe
D2,D_network_egress,A1_arch_only_runc,runc,on,weak,runc,4,contained,651.605,,probe
D3,D_network_egress,A1_arch_only_runc,runc,on,weak,runc,4,contained,686.464,,probe
E1,E_host_kernel_reach,A1_arch_only_runc,runc,on,weak,runc,4,contained,704.556,,probe
E2,E_host_kernel_reach,A1_arch_only_runc,runc,on,weak,runc,4,contained,668.848,,probe
E3,E_host_kernel_reach,A1_arch_only_runc,runc,on,weak,runc,4,contained,549.113,,probe
E4,E_host_kernel_reach,A1_arch_only_runc,runc,on,weak,runc,4,succeeded,678.547,,probe
E5,E_host_kernel_reach,A1_arch_only_runc,runc,on,weak,runc,4,contained,729.460,,probe
E6,E_host_kernel_reach,A1_arch_only_runc,runc,on,weak,runc,4,contained,573.896,,probe
E7,E_host_kernel_reach,A1_arch_only_runc,runc,on,weak,runc,4,contained,519.647,,probe
E8,E_host_kernel_reach,A1_arch_only_runc,runc,on,weak,runc,4,succeeded,681.699,,probe
E9,E_host_kernel_reach,A1_arch_only_runc,runc,on,weak,runc,4,contained,599.559,,probe
E10,E_host_kernel_reach,A1_arch_only_runc,runc,on,weak,runc,4,contained,523.232,,probe
E11,E_host_kernel_reach,A1_arch_only_runc,runc,on,weak,runc,4,succeeded,630.973,,probe
F1,F_rule_tampering,A1_arch_only_runc,runc,on,weak,runc,4,contained,779.147,,probe
F2,F_rule_tampering,A1_arch_only_runc,runc,on,weak,runc,4,contained,696.908,,probe
A1,A_identity_key,A1_arch_only_runc,runc,on,weak,runc,5,contained,719.469,,probe
A2,A_identity_key,A1_arch_only_runc,runc,on,weak,runc,5,contained,751.347,,probe
A3,A_identity_key,A1_arch_only_runc,runc,on,weak,runc,5,contained,752.758,,probe
B1,B_wallet_state,A1_arch_only_runc,runc,on,weak,runc,5,contained,704.447,,probe
B2,B_wallet_state,A1_arch_only_runc,runc,on,weak,runc,5,contained,667.015,,probe
C1,C_log_integrity,A1_arch_only_runc,runc,on,weak,runc,5,contained,696.951,,probe
C2,C_log_integrity,A1_arch_only_runc,runc,on,weak,runc,5,contained,721.126,,probe
C3,C_log_integrity,A1_arch_only_runc,runc,on,weak,runc,5,contained,749.804,,probe
D1,D_network_egress,A1_arch_only_runc,runc,on,weak,runc,5,contained,715.535,,probe
D2,D_network_egress,A1_arch_only_runc,runc,on,weak,runc,5,contained,651.785,,probe
D3,D_network_egress,A1_arch_only_runc,runc,on,weak,runc,5,contained,700.511,,probe
E1,E_host_kernel_reach,A1_arch_only_runc,runc,on,weak,runc,5,contained,663.229,,probe
E2,E_host_kernel_reach,A1_arch_only_runc,runc,on,weak,runc,5,contained,744.327,,probe
E3,E_host_kernel_reach,A1_arch_only_runc,runc,on,weak,runc,5,contained,540.438,,probe
E4,E_host_kernel_reach,A1_arch_only_runc,runc,on,weak,runc,5,succeeded,627.726,,probe
E5,E_host_kernel_reach,A1_arch_only_runc,runc,on,weak,runc,5,contained,785.210,,probe
E6,E_host_kernel_reach,A1_arch_only_runc,runc,on,weak,runc,5,contained,583.643,,probe
E7,E_host_kernel_reach,A1_arch_only_runc,runc,on,weak,runc,5,contained,512.742,,probe
E8,E_host_kernel_reach,A1_arch_only_runc,runc,on,weak,runc,5,succeeded,743.813,,probe
E9,E_host_kernel_reach,A1_arch_only_runc,runc,on,weak,runc,5,contained,560.596,,probe
E10,E_host_kernel_reach,A1_arch_only_runc,runc,on,weak,runc,5,contained,521.345,,probe
E11,E_host_kernel_reach,A1_arch_only_runc,runc,on,weak,runc,5,succeeded,723.375,,probe
F1,F_rule_tampering,A1_arch_only_runc,runc,on,weak,runc,5,contained,692.448,,probe
F2,F_rule_tampering,A1_arch_only_runc,runc,on,weak,runc,5,contained,754.893,,probe
A1,A_identity_key,A1_arch_only_runc,runc,on,weak,runc,6,contained,706.778,,probe
A2,A_identity_key,A1_arch_only_runc,runc,on,weak,runc,6,contained,758.927,,probe
A3,A_identity_key,A1_arch_only_runc,runc,on,weak,runc,6,contained,778.438,,probe
B1,B_wallet_state,A1_arch_only_runc,runc,on,weak,runc,6,contained,709.975,,probe
B2,B_wallet_state,A1_arch_only_runc,runc,on,weak,runc,6,contained,811.539,,probe
C1,C_log_integrity,A1_arch_only_runc,runc,on,weak,runc,6,contained,707.905,,probe
C2,C_log_integrity,A1_arch_only_runc,runc,on,weak,runc,6,contained,684.930,,probe
C3,C_log_integrity,A1_arch_only_runc,runc,on,weak,runc,6,contained,728.904,,probe
D1,D_network_egress,A1_arch_only_runc,runc,on,weak,runc,6,contained,757.032,,probe
D2,D_network_egress,A1_arch_only_runc,runc,on,weak,runc,6,contained,627.290,,probe
D3,D_network_egress,A1_arch_only_runc,runc,on,weak,runc,6,contained,663.148,,probe
E1,E_host_kernel_reach,A1_arch_only_runc,runc,on,weak,runc,6,contained,741.128,,probe
E2,E_host_kernel_reach,A1_arch_only_runc,runc,on,weak,runc,6,contained,703.698,,probe
E3,E_host_kernel_reach,A1_arch_only_runc,runc,on,weak,runc,6,contained,556.895,,probe
E4,E_host_kernel_reach,A1_arch_only_runc,runc,on,weak,runc,6,succeeded,701.991,,probe
E5,E_host_kernel_reach,A1_arch_only_runc,runc,on,weak,runc,6,contained,744.720,,probe
E6,E_host_kernel_reach,A1_arch_only_runc,runc,on,weak,runc,6,contained,540.811,,probe
E7,E_host_kernel_reach,A1_arch_only_runc,runc,on,weak,runc,6,contained,556.516,,probe
E8,E_host_kernel_reach,A1_arch_only_runc,runc,on,weak,runc,6,succeeded,701.844,,probe
E9,E_host_kernel_reach,A1_arch_only_runc,runc,on,weak,runc,6,contained,555.569,,probe
E10,E_host_kernel_reach,A1_arch_only_runc,runc,on,weak,runc,6,contained,509.630,,probe
E11,E_host_kernel_reach,A1_arch_only_runc,runc,on,weak,runc,6,succeeded,620.923,,probe
F1,F_rule_tampering,A1_arch_only_runc,runc,on,weak,runc,6,contained,722.421,,probe
F2,F_rule_tampering,A1_arch_only_runc,runc,on,weak,runc,6,contained,711.285,,probe
A1,A_identity_key,A1_arch_only_runc,runc,on,weak,runc,7,contained,733.972,,probe
A2,A_identity_key,A1_arch_only_runc,runc,on,weak,runc,7,contained,925.600,,probe
A3,A_identity_key,A1_arch_only_runc,runc,on,weak,runc,7,contained,771.217,,probe
B1,B_wallet_state,A1_arch_only_runc,runc,on,weak,runc,7,contained,753.314,,probe
B2,B_wallet_state,A1_arch_only_runc,runc,on,weak,runc,7,contained,759.820,,probe
C1,C_log_integrity,A1_arch_only_runc,runc,on,weak,runc,7,contained,718.856,,probe
C2,C_log_integrity,A1_arch_only_runc,runc,on,weak,runc,7,contained,820.011,,probe
C3,C_log_integrity,A1_arch_only_runc,runc,on,weak,runc,7,contained,842.740,,probe
D1,D_network_egress,A1_arch_only_runc,runc,on,weak,runc,7,contained,754.895,,probe
D2,D_network_egress,A1_arch_only_runc,runc,on,weak,runc,7,contained,850.994,,probe
D3,D_network_egress,A1_arch_only_runc,runc,on,weak,runc,7,contained,761.250,,probe
E1,E_host_kernel_reach,A1_arch_only_runc,runc,on,weak,runc,7,contained,809.550,,probe
E2,E_host_kernel_reach,A1_arch_only_runc,runc,on,weak,runc,7,contained,864.658,,probe
E3,E_host_kernel_reach,A1_arch_only_runc,runc,on,weak,runc,7,contained,660.387,,probe
E4,E_host_kernel_reach,A1_arch_only_runc,runc,on,weak,runc,7,succeeded,718.494,,probe
E5,E_host_kernel_reach,A1_arch_only_runc,runc,on,weak,runc,7,contained,739.735,,probe
E6,E_host_kernel_reach,A1_arch_only_runc,runc,on,weak,runc,7,contained,547.010,,probe
E7,E_host_kernel_reach,A1_arch_only_runc,runc,on,weak,runc,7,contained,593.728,,probe
E8,E_host_kernel_reach,A1_arch_only_runc,runc,on,weak,runc,7,succeeded,702.652,,probe
E9,E_host_kernel_reach,A1_arch_only_runc,runc,on,weak,runc,7,contained,578.919,,probe
E10,E_host_kernel_reach,A1_arch_only_runc,runc,on,weak,runc,7,contained,534.150,,probe
E11,E_host_kernel_reach,A1_arch_only_runc,runc,on,weak,runc,7,succeeded,632.247,,probe
F1,F_rule_tampering,A1_arch_only_runc,runc,on,weak,runc,7,contained,731.110,,probe
F2,F_rule_tampering,A1_arch_only_runc,runc,on,weak,runc,7,contained,757.741,,probe
A1,A_identity_key,A1_arch_only_runc,runc,on,weak,runc,8,contained,732.678,,probe
A2,A_identity_key,A1_arch_only_runc,runc,on,weak,runc,8,contained,804.800,,probe
A3,A_identity_key,A1_arch_only_runc,runc,on,weak,runc,8,contained,729.249,,probe
B1,B_wallet_state,A1_arch_only_runc,runc,on,weak,runc,8,contained,711.517,,probe
B2,B_wallet_state,A1_arch_only_runc,runc,on,weak,runc,8,contained,709.800,,probe
C1,C_log_integrity,A1_arch_only_runc,runc,on,weak,runc,8,contained,684.695,,probe
C2,C_log_integrity,A1_arch_only_runc,runc,on,weak,runc,8,contained,699.691,,probe
C3,C_log_integrity,A1_arch_only_runc,runc,on,weak,runc,8,contained,663.944,,probe
D1,D_network_egress,A1_arch_only_runc,runc,on,weak,runc,8,contained,665.737,,probe
D2,D_network_egress,A1_arch_only_runc,runc,on,weak,runc,8,contained,684.957,,probe
D3,D_network_egress,A1_arch_only_runc,runc,on,weak,runc,8,contained,668.798,,probe
E1,E_host_kernel_reach,A1_arch_only_runc,runc,on,weak,runc,8,contained,695.694,,probe
E2,E_host_kernel_reach,A1_arch_only_runc,runc,on,weak,runc,8,contained,737.729,,probe
E3,E_host_kernel_reach,A1_arch_only_runc,runc,on,weak,runc,8,contained,552.712,,probe
E4,E_host_kernel_reach,A1_arch_only_runc,runc,on,weak,runc,8,succeeded,682.409,,probe
E5,E_host_kernel_reach,A1_arch_only_runc,runc,on,weak,runc,8,contained,773.762,,probe
E6,E_host_kernel_reach,A1_arch_only_runc,runc,on,weak,runc,8,contained,648.130,,probe
E7,E_host_kernel_reach,A1_arch_only_runc,runc,on,weak,runc,8,contained,574.586,,probe
E8,E_host_kernel_reach,A1_arch_only_runc,runc,on,weak,runc,8,succeeded,740.320,,probe
E9,E_host_kernel_reach,A1_arch_only_runc,runc,on,weak,runc,8,contained,568.951,,probe
E10,E_host_kernel_reach,A1_arch_only_runc,runc,on,weak,runc,8,contained,517.464,,probe
E11,E_host_kernel_reach,A1_arch_only_runc,runc,on,weak,runc,8,succeeded,660.061,,probe
F1,F_rule_tampering,A1_arch_only_runc,runc,on,weak,runc,8,contained,658.568,,probe
F2,F_rule_tampering,A1_arch_only_runc,runc,on,weak,runc,8,contained,647.425,,probe
A1,A_identity_key,A1_arch_only_runc,runc,on,weak,runc,9,contained,763.255,,probe
A2,A_identity_key,A1_arch_only_runc,runc,on,weak,runc,9,contained,741.728,,probe
A3,A_identity_key,A1_arch_only_runc,runc,on,weak,runc,9,contained,745.947,,probe
B1,B_wallet_state,A1_arch_only_runc,runc,on,weak,runc,9,contained,664.445,,probe
B2,B_wallet_state,A1_arch_only_runc,runc,on,weak,runc,9,contained,737.267,,probe
C1,C_log_integrity,A1_arch_only_runc,runc,on,weak,runc,9,contained,684.533,,probe
C2,C_log_integrity,A1_arch_only_runc,runc,on,weak,runc,9,contained,702.042,,probe
C3,C_log_integrity,A1_arch_only_runc,runc,on,weak,runc,9,contained,793.793,,probe
D1,D_network_egress,A1_arch_only_runc,runc,on,weak,runc,9,contained,639.795,,probe
D2,D_network_egress,A1_arch_only_runc,runc,on,weak,runc,9,contained,639.146,,probe
D3,D_network_egress,A1_arch_only_runc,runc,on,weak,runc,9,contained,694.181,,probe
E1,E_host_kernel_reach,A1_arch_only_runc,runc,on,weak,runc,9,contained,691.769,,probe
E2,E_host_kernel_reach,A1_arch_only_runc,runc,on,weak,runc,9,contained,761.288,,probe
E3,E_host_kernel_reach,A1_arch_only_runc,runc,on,weak,runc,9,contained,530.283,,probe
E4,E_host_kernel_reach,A1_arch_only_runc,runc,on,weak,runc,9,succeeded,691.548,,probe
E5,E_host_kernel_reach,A1_arch_only_runc,runc,on,weak,runc,9,contained,739.742,,probe
E6,E_host_kernel_reach,A1_arch_only_runc,runc,on,weak,runc,9,contained,549.535,,probe
E7,E_host_kernel_reach,A1_arch_only_runc,runc,on,weak,runc,9,contained,512.657,,probe
E8,E_host_kernel_reach,A1_arch_only_runc,runc,on,weak,runc,9,succeeded,665.190,,probe
E9,E_host_kernel_reach,A1_arch_only_runc,runc,on,weak,runc,9,contained,630.230,,probe
E10,E_host_kernel_reach,A1_arch_only_runc,runc,on,weak,runc,9,contained,541.356,,probe
E11,E_host_kernel_reach,A1_arch_only_runc,runc,on,weak,runc,9,succeeded,663.763,,probe
F1,F_rule_tampering,A1_arch_only_runc,runc,on,weak,runc,9,contained,717.788,,probe
F2,F_rule_tampering,A1_arch_only_runc,runc,on,weak,runc,9,contained,697.980,,probe
A1,A_identity_key,A1_arch_only_runc,runc,on,weak,runc,10,contained,697.109,,probe
A2,A_identity_key,A1_arch_only_runc,runc,on,weak,runc,10,contained,735.542,,probe
A3,A_identity_key,A1_arch_only_runc,runc,on,weak,runc,10,contained,749.683,,probe
B1,B_wallet_state,A1_arch_only_runc,runc,on,weak,runc,10,contained,720.836,,probe
B2,B_wallet_state,A1_arch_only_runc,runc,on,weak,runc,10,contained,676.633,,probe
C1,C_log_integrity,A1_arch_only_runc,runc,on,weak,runc,10,contained,756.728,,probe
C2,C_log_integrity,A1_arch_only_runc,runc,on,weak,runc,10,contained,764.862,,probe
C3,C_log_integrity,A1_arch_only_runc,runc,on,weak,runc,10,contained,730.379,,probe
D1,D_network_egress,A1_arch_only_runc,runc,on,weak,runc,10,contained,753.073,,probe
D2,D_network_egress,A1_arch_only_runc,runc,on,weak,runc,10,contained,733.348,,probe
D3,D_network_egress,A1_arch_only_runc,runc,on,weak,runc,10,contained,1002.841,,probe
E1,E_host_kernel_reach,A1_arch_only_runc,runc,on,weak,runc,10,contained,880.019,,probe
E2,E_host_kernel_reach,A1_arch_only_runc,runc,on,weak,runc,10,contained,882.907,,probe
E3,E_host_kernel_reach,A1_arch_only_runc,runc,on,weak,runc,10,contained,667.109,,probe
E4,E_host_kernel_reach,A1_arch_only_runc,runc,on,weak,runc,10,succeeded,804.488,,probe
E5,E_host_kernel_reach,A1_arch_only_runc,runc,on,weak,runc,10,contained,789.026,,probe
E6,E_host_kernel_reach,A1_arch_only_runc,runc,on,weak,runc,10,contained,791.286,,probe
E7,E_host_kernel_reach,A1_arch_only_runc,runc,on,weak,runc,10,contained,605.182,,probe
E8,E_host_kernel_reach,A1_arch_only_runc,runc,on,weak,runc,10,succeeded,774.966,,probe
E9,E_host_kernel_reach,A1_arch_only_runc,runc,on,weak,runc,10,contained,571.131,,probe
E10,E_host_kernel_reach,A1_arch_only_runc,runc,on,weak,runc,10,contained,500.212,,probe
E11,E_host_kernel_reach,A1_arch_only_runc,runc,on,weak,runc,10,succeeded,699.995,,probe
F1,F_rule_tampering,A1_arch_only_runc,runc,on,weak,runc,10,contained,851.223,,probe
F2,F_rule_tampering,A1_arch_only_runc,runc,on,weak,runc,10,contained,772.131,,probe
A1,A_identity_key,A1_arch_only_runc,runc,on,weak,runc,11,contained,727.931,,probe
A2,A_identity_key,A1_arch_only_runc,runc,on,weak,runc,11,contained,752.136,,probe
A3,A_identity_key,A1_arch_only_runc,runc,on,weak,runc,11,contained,704.894,,probe
B1,B_wallet_state,A1_arch_only_runc,runc,on,weak,runc,11,contained,744.543,,probe
B2,B_wallet_state,A1_arch_only_runc,runc,on,weak,runc,11,contained,677.116,,probe
C1,C_log_integrity,A1_arch_only_runc,runc,on,weak,runc,11,contained,755.406,,probe
C2,C_log_integrity,A1_arch_only_runc,runc,on,weak,runc,11,contained,694.059,,probe
C3,C_log_integrity,A1_arch_only_runc,runc,on,weak,runc,11,contained,730.467,,probe
D1,D_network_egress,A1_arch_only_runc,runc,on,weak,runc,11,contained,682.917,,probe
D2,D_network_egress,A1_arch_only_runc,runc,on,weak,runc,11,contained,640.520,,probe
D3,D_network_egress,A1_arch_only_runc,runc,on,weak,runc,11,contained,716.137,,probe
E1,E_host_kernel_reach,A1_arch_only_runc,runc,on,weak,runc,11,contained,709.358,,probe
E2,E_host_kernel_reach,A1_arch_only_runc,runc,on,weak,runc,11,contained,731.769,,probe
E3,E_host_kernel_reach,A1_arch_only_runc,runc,on,weak,runc,11,contained,561.039,,probe
E4,E_host_kernel_reach,A1_arch_only_runc,runc,on,weak,runc,11,succeeded,684.487,,probe
E5,E_host_kernel_reach,A1_arch_only_runc,runc,on,weak,runc,11,contained,675.634,,probe
E6,E_host_kernel_reach,A1_arch_only_runc,runc,on,weak,runc,11,contained,568.262,,probe
E7,E_host_kernel_reach,A1_arch_only_runc,runc,on,weak,runc,11,contained,521.311,,probe
E8,E_host_kernel_reach,A1_arch_only_runc,runc,on,weak,runc,11,succeeded,756.622,,probe
E9,E_host_kernel_reach,A1_arch_only_runc,runc,on,weak,runc,11,contained,581.750,,probe
E10,E_host_kernel_reach,A1_arch_only_runc,runc,on,weak,runc,11,contained,500.505,,probe
E11,E_host_kernel_reach,A1_arch_only_runc,runc,on,weak,runc,11,succeeded,677.321,,probe
F1,F_rule_tampering,A1_arch_only_runc,runc,on,weak,runc,11,contained,736.743,,probe
F2,F_rule_tampering,A1_arch_only_runc,runc,on,weak,runc,11,contained,698.825,,probe
A1,A_identity_key,A1_arch_only_runc,runc,on,weak,runc,12,contained,735.726,,probe
A2,A_identity_key,A1_arch_only_runc,runc,on,weak,runc,12,contained,913.188,,probe
A3,A_identity_key,A1_arch_only_runc,runc,on,weak,runc,12,contained,750.398,,probe
B1,B_wallet_state,A1_arch_only_runc,runc,on,weak,runc,12,contained,672.923,,probe
B2,B_wallet_state,A1_arch_only_runc,runc,on,weak,runc,12,contained,746.343,,probe
C1,C_log_integrity,A1_arch_only_runc,runc,on,weak,runc,12,contained,740.903,,probe
C2,C_log_integrity,A1_arch_only_runc,runc,on,weak,runc,12,contained,837.760,,probe
C3,C_log_integrity,A1_arch_only_runc,runc,on,weak,runc,12,contained,763.808,,probe
D1,D_network_egress,A1_arch_only_runc,runc,on,weak,runc,12,contained,770.191,,probe
D2,D_network_egress,A1_arch_only_runc,runc,on,weak,runc,12,contained,708.122,,probe
D3,D_network_egress,A1_arch_only_runc,runc,on,weak,runc,12,contained,767.159,,probe
E1,E_host_kernel_reach,A1_arch_only_runc,runc,on,weak,runc,12,contained,770.945,,probe
E2,E_host_kernel_reach,A1_arch_only_runc,runc,on,weak,runc,12,contained,726.450,,probe
E3,E_host_kernel_reach,A1_arch_only_runc,runc,on,weak,runc,12,contained,559.735,,probe
E4,E_host_kernel_reach,A1_arch_only_runc,runc,on,weak,runc,12,succeeded,709.268,,probe
E5,E_host_kernel_reach,A1_arch_only_runc,runc,on,weak,runc,12,contained,739.728,,probe
E6,E_host_kernel_reach,A1_arch_only_runc,runc,on,weak,runc,12,contained,581.269,,probe
E7,E_host_kernel_reach,A1_arch_only_runc,runc,on,weak,runc,12,contained,534.826,,probe
E8,E_host_kernel_reach,A1_arch_only_runc,runc,on,weak,runc,12,succeeded,707.680,,probe
E9,E_host_kernel_reach,A1_arch_only_runc,runc,on,weak,runc,12,contained,614.952,,probe
E10,E_host_kernel_reach,A1_arch_only_runc,runc,on,weak,runc,12,contained,531.292,,probe
E11,E_host_kernel_reach,A1_arch_only_runc,runc,on,weak,runc,12,succeeded,591.834,,probe
F1,F_rule_tampering,A1_arch_only_runc,runc,on,weak,runc,12,contained,746.100,,probe
F2,F_rule_tampering,A1_arch_only_runc,runc,on,weak,runc,12,contained,733.399,,probe
A1,A_identity_key,A1_arch_only_runc,runc,on,weak,runc,13,contained,715.813,,probe
A2,A_identity_key,A1_arch_only_runc,runc,on,weak,runc,13,contained,738.956,,probe
A3,A_identity_key,A1_arch_only_runc,runc,on,weak,runc,13,contained,717.546,,probe
B1,B_wallet_state,A1_arch_only_runc,runc,on,weak,runc,13,contained,684.575,,probe
B2,B_wallet_state,A1_arch_only_runc,runc,on,weak,runc,13,contained,725.332,,probe
C1,C_log_integrity,A1_arch_only_runc,runc,on,weak,runc,13,contained,794.168,,probe
C2,C_log_integrity,A1_arch_only_runc,runc,on,weak,runc,13,contained,746.447,,probe
C3,C_log_integrity,A1_arch_only_runc,runc,on,weak,runc,13,contained,763.746,,probe
D1,D_network_egress,A1_arch_only_runc,runc,on,weak,runc,13,contained,687.757,,probe
D2,D_network_egress,A1_arch_only_runc,runc,on,weak,runc,13,contained,643.858,,probe
D3,D_network_egress,A1_arch_only_runc,runc,on,weak,runc,13,contained,723.596,,probe
E1,E_host_kernel_reach,A1_arch_only_runc,runc,on,weak,runc,13,contained,738.644,,probe
E2,E_host_kernel_reach,A1_arch_only_runc,runc,on,weak,runc,13,contained,746.791,,probe
E3,E_host_kernel_reach,A1_arch_only_runc,runc,on,weak,runc,13,contained,492.311,,probe
E4,E_host_kernel_reach,A1_arch_only_runc,runc,on,weak,runc,13,succeeded,756.198,,probe
E5,E_host_kernel_reach,A1_arch_only_runc,runc,on,weak,runc,13,contained,778.517,,probe
E6,E_host_kernel_reach,A1_arch_only_runc,runc,on,weak,runc,13,contained,615.441,,probe
E7,E_host_kernel_reach,A1_arch_only_runc,runc,on,weak,runc,13,contained,628.621,,probe
E8,E_host_kernel_reach,A1_arch_only_runc,runc,on,weak,runc,13,succeeded,842.602,,probe
E9,E_host_kernel_reach,A1_arch_only_runc,runc,on,weak,runc,13,contained,583.625,,probe
E10,E_host_kernel_reach,A1_arch_only_runc,runc,on,weak,runc,13,contained,625.229,,probe
E11,E_host_kernel_reach,A1_arch_only_runc,runc,on,weak,runc,13,succeeded,778.523,,probe
F1,F_rule_tampering,A1_arch_only_runc,runc,on,weak,runc,13,contained,780.107,,probe
F2,F_rule_tampering,A1_arch_only_runc,runc,on,weak,runc,13,contained,831.390,,probe
A1,A_identity_key,A1_arch_only_runc,runc,on,weak,runc,14,contained,816.331,,probe
A2,A_identity_key,A1_arch_only_runc,runc,on,weak,runc,14,contained,873.435,,probe
A3,A_identity_key,A1_arch_only_runc,runc,on,weak,runc,14,contained,897.165,,probe
B1,B_wallet_state,A1_arch_only_runc,runc,on,weak,runc,14,contained,845.837,,probe
B2,B_wallet_state,A1_arch_only_runc,runc,on,weak,runc,14,contained,895.576,,probe
C1,C_log_integrity,A1_arch_only_runc,runc,on,weak,runc,14,contained,839.782,,probe
C2,C_log_integrity,A1_arch_only_runc,runc,on,weak,runc,14,contained,883.332,,probe
C3,C_log_integrity,A1_arch_only_runc,runc,on,weak,runc,14,contained,863.715,,probe
D1,D_network_egress,A1_arch_only_runc,runc,on,weak,runc,14,contained,737.986,,probe
D2,D_network_egress,A1_arch_only_runc,runc,on,weak,runc,14,contained,664.134,,probe
D3,D_network_egress,A1_arch_only_runc,runc,on,weak,runc,14,contained,737.434,,probe
E1,E_host_kernel_reach,A1_arch_only_runc,runc,on,weak,runc,14,contained,763.722,,probe
E2,E_host_kernel_reach,A1_arch_only_runc,runc,on,weak,runc,14,contained,713.447,,probe
E3,E_host_kernel_reach,A1_arch_only_runc,runc,on,weak,runc,14,contained,522.409,,probe
E4,E_host_kernel_reach,A1_arch_only_runc,runc,on,weak,runc,14,succeeded,704.240,,probe
E5,E_host_kernel_reach,A1_arch_only_runc,runc,on,weak,runc,14,contained,731.121,,probe
E6,E_host_kernel_reach,A1_arch_only_runc,runc,on,weak,runc,14,contained,575.347,,probe
E7,E_host_kernel_reach,A1_arch_only_runc,runc,on,weak,runc,14,contained,538.783,,probe
E8,E_host_kernel_reach,A1_arch_only_runc,runc,on,weak,runc,14,succeeded,723.591,,probe
E9,E_host_kernel_reach,A1_arch_only_runc,runc,on,weak,runc,14,contained,599.510,,probe
E10,E_host_kernel_reach,A1_arch_only_runc,runc,on,weak,runc,14,contained,534.053,,probe
E11,E_host_kernel_reach,A1_arch_only_runc,runc,on,weak,runc,14,succeeded,745.226,,probe
F1,F_rule_tampering,A1_arch_only_runc,runc,on,weak,runc,14,contained,696.706,,probe
F2,F_rule_tampering,A1_arch_only_runc,runc,on,weak,runc,14,contained,722.961,,probe
A1,A_identity_key,A1_arch_only_runc,runc,on,weak,runc,15,contained,834.100,,probe
A2,A_identity_key,A1_arch_only_runc,runc,on,weak,runc,15,contained,731.527,,probe
A3,A_identity_key,A1_arch_only_runc,runc,on,weak,runc,15,contained,758.241,,probe
B1,B_wallet_state,A1_arch_only_runc,runc,on,weak,runc,15,contained,699.736,,probe
B2,B_wallet_state,A1_arch_only_runc,runc,on,weak,runc,15,contained,803.174,,probe
C1,C_log_integrity,A1_arch_only_runc,runc,on,weak,runc,15,contained,720.884,,probe
C2,C_log_integrity,A1_arch_only_runc,runc,on,weak,runc,15,contained,771.509,,probe
C3,C_log_integrity,A1_arch_only_runc,runc,on,weak,runc,15,contained,752.067,,probe
D1,D_network_egress,A1_arch_only_runc,runc,on,weak,runc,15,contained,747.887,,probe
D2,D_network_egress,A1_arch_only_runc,runc,on,weak,runc,15,contained,719.694,,probe
D3,D_network_egress,A1_arch_only_runc,runc,on,weak,runc,15,contained,709.627,,probe
E1,E_host_kernel_reach,A1_arch_only_runc,runc,on,weak,runc,15,contained,716.466,,probe
E2,E_host_kernel_reach,A1_arch_only_runc,runc,on,weak,runc,15,contained,704.399,,probe
E3,E_host_kernel_reach,A1_arch_only_runc,runc,on,weak,runc,15,contained,517.866,,probe
E4,E_host_kernel_reach,A1_arch_only_runc,runc,on,weak,runc,15,succeeded,760.937,,probe
E5,E_host_kernel_reach,A1_arch_only_runc,runc,on,weak,runc,15,contained,780.016,,probe
E6,E_host_kernel_reach,A1_arch_only_runc,runc,on,weak,runc,15,contained,596.329,,probe
E7,E_host_kernel_reach,A1_arch_only_runc,runc,on,weak,runc,15,contained,546.316,,probe
E8,E_host_kernel_reach,A1_arch_only_runc,runc,on,weak,runc,15,succeeded,741.474,,probe
E9,E_host_kernel_reach,A1_arch_only_runc,runc,on,weak,runc,15,contained,592.351,,probe
E10,E_host_kernel_reach,A1_arch_only_runc,runc,on,weak,runc,15,contained,603.127,,probe
E11,E_host_kernel_reach,A1_arch_only_runc,runc,on,weak,runc,15,succeeded,736.432,,probe
F1,F_rule_tampering,A1_arch_only_runc,runc,on,weak,runc,15,contained,792.984,,probe
F2,F_rule_tampering,A1_arch_only_runc,runc,on,weak,runc,15,contained,760.248,,probe
A1,A_identity_key,A1_arch_only_runc,runc,on,weak,runc,16,contained,714.670,,probe
A2,A_identity_key,A1_arch_only_runc,runc,on,weak,runc,16,contained,767.693,,probe
A3,A_identity_key,A1_arch_only_runc,runc,on,weak,runc,16,contained,777.697,,probe
B1,B_wallet_state,A1_arch_only_runc,runc,on,weak,runc,16,contained,806.474,,probe
B2,B_wallet_state,A1_arch_only_runc,runc,on,weak,runc,16,contained,765.924,,probe
C1,C_log_integrity,A1_arch_only_runc,runc,on,weak,runc,16,contained,802.647,,probe
C2,C_log_integrity,A1_arch_only_runc,runc,on,weak,runc,16,contained,722.529,,probe
C3,C_log_integrity,A1_arch_only_runc,runc,on,weak,runc,16,contained,749.188,,probe
D1,D_network_egress,A1_arch_only_runc,runc,on,weak,runc,16,contained,692.150,,probe
D2,D_network_egress,A1_arch_only_runc,runc,on,weak,runc,16,contained,723.033,,probe
D3,D_network_egress,A1_arch_only_runc,runc,on,weak,runc,16,contained,792.580,,probe
E1,E_host_kernel_reach,A1_arch_only_runc,runc,on,weak,runc,16,contained,734.477,,probe
E2,E_host_kernel_reach,A1_arch_only_runc,runc,on,weak,runc,16,contained,772.198,,probe
E3,E_host_kernel_reach,A1_arch_only_runc,runc,on,weak,runc,16,contained,599.658,,probe
E4,E_host_kernel_reach,A1_arch_only_runc,runc,on,weak,runc,16,succeeded,739.499,,probe
E5,E_host_kernel_reach,A1_arch_only_runc,runc,on,weak,runc,16,contained,736.481,,probe
E6,E_host_kernel_reach,A1_arch_only_runc,runc,on,weak,runc,16,contained,604.931,,probe
E7,E_host_kernel_reach,A1_arch_only_runc,runc,on,weak,runc,16,contained,524.772,,probe
E8,E_host_kernel_reach,A1_arch_only_runc,runc,on,weak,runc,16,succeeded,713.598,,probe
E9,E_host_kernel_reach,A1_arch_only_runc,runc,on,weak,runc,16,contained,620.462,,probe
E10,E_host_kernel_reach,A1_arch_only_runc,runc,on,weak,runc,16,contained,537.478,,probe
E11,E_host_kernel_reach,A1_arch_only_runc,runc,on,weak,runc,16,succeeded,714.544,,probe
F1,F_rule_tampering,A1_arch_only_runc,runc,on,weak,runc,16,contained,768.662,,probe
F2,F_rule_tampering,A1_arch_only_runc,runc,on,weak,runc,16,contained,731.768,,probe
A1,A_identity_key,A1_arch_only_runc,runc,on,weak,runc,17,contained,841.209,,probe
A2,A_identity_key,A1_arch_only_runc,runc,on,weak,runc,17,contained,952.351,,probe
A3,A_identity_key,A1_arch_only_runc,runc,on,weak,runc,17,contained,893.975,,probe
B1,B_wallet_state,A1_arch_only_runc,runc,on,weak,runc,17,contained,777.317,,probe
B2,B_wallet_state,A1_arch_only_runc,runc,on,weak,runc,17,contained,763.690,,probe
C1,C_log_integrity,A1_arch_only_runc,runc,on,weak,runc,17,contained,743.875,,probe
C2,C_log_integrity,A1_arch_only_runc,runc,on,weak,runc,17,contained,782.356,,probe
C3,C_log_integrity,A1_arch_only_runc,runc,on,weak,runc,17,contained,844.331,,probe
D1,D_network_egress,A1_arch_only_runc,runc,on,weak,runc,17,contained,818.381,,probe
D2,D_network_egress,A1_arch_only_runc,runc,on,weak,runc,17,contained,735.201,,probe
D3,D_network_egress,A1_arch_only_runc,runc,on,weak,runc,17,contained,711.488,,probe
E1,E_host_kernel_reach,A1_arch_only_runc,runc,on,weak,runc,17,contained,826.885,,probe
E2,E_host_kernel_reach,A1_arch_only_runc,runc,on,weak,runc,17,contained,865.059,,probe
E3,E_host_kernel_reach,A1_arch_only_runc,runc,on,weak,runc,17,contained,667.021,,probe
E4,E_host_kernel_reach,A1_arch_only_runc,runc,on,weak,runc,17,succeeded,759.262,,probe
E5,E_host_kernel_reach,A1_arch_only_runc,runc,on,weak,runc,17,contained,727.732,,probe
E6,E_host_kernel_reach,A1_arch_only_runc,runc,on,weak,runc,17,contained,585.887,,probe
E7,E_host_kernel_reach,A1_arch_only_runc,runc,on,weak,runc,17,contained,535.838,,probe
E8,E_host_kernel_reach,A1_arch_only_runc,runc,on,weak,runc,17,succeeded,791.227,,probe
E9,E_host_kernel_reach,A1_arch_only_runc,runc,on,weak,runc,17,contained,569.534,,probe
E10,E_host_kernel_reach,A1_arch_only_runc,runc,on,weak,runc,17,contained,544.200,,probe
E11,E_host_kernel_reach,A1_arch_only_runc,runc,on,weak,runc,17,succeeded,719.035,,probe
F1,F_rule_tampering,A1_arch_only_runc,runc,on,weak,runc,17,contained,699.588,,probe
F2,F_rule_tampering,A1_arch_only_runc,runc,on,weak,runc,17,contained,722.564,,probe
A1,A_identity_key,A1_arch_only_runc,runc,on,weak,runc,18,contained,708.046,,probe
A2,A_identity_key,A1_arch_only_runc,runc,on,weak,runc,18,contained,729.163,,probe
A3,A_identity_key,A1_arch_only_runc,runc,on,weak,runc,18,contained,782.532,,probe
B1,B_wallet_state,A1_arch_only_runc,runc,on,weak,runc,18,contained,737.181,,probe
B2,B_wallet_state,A1_arch_only_runc,runc,on,weak,runc,18,contained,812.270,,probe
C1,C_log_integrity,A1_arch_only_runc,runc,on,weak,runc,18,contained,751.165,,probe
C2,C_log_integrity,A1_arch_only_runc,runc,on,weak,runc,18,contained,761.145,,probe
C3,C_log_integrity,A1_arch_only_runc,runc,on,weak,runc,18,contained,736.091,,probe
D1,D_network_egress,A1_arch_only_runc,runc,on,weak,runc,18,contained,677.882,,probe
D2,D_network_egress,A1_arch_only_runc,runc,on,weak,runc,18,contained,676.729,,probe
D3,D_network_egress,A1_arch_only_runc,runc,on,weak,runc,18,contained,708.457,,probe
E1,E_host_kernel_reach,A1_arch_only_runc,runc,on,weak,runc,18,contained,673.462,,probe
E2,E_host_kernel_reach,A1_arch_only_runc,runc,on,weak,runc,18,contained,747.509,,probe
E3,E_host_kernel_reach,A1_arch_only_runc,runc,on,weak,runc,18,contained,585.781,,probe
E4,E_host_kernel_reach,A1_arch_only_runc,runc,on,weak,runc,18,succeeded,731.632,,probe
E5,E_host_kernel_reach,A1_arch_only_runc,runc,on,weak,runc,18,contained,723.546,,probe
E6,E_host_kernel_reach,A1_arch_only_runc,runc,on,weak,runc,18,contained,659.412,,probe
E7,E_host_kernel_reach,A1_arch_only_runc,runc,on,weak,runc,18,contained,564.765,,probe
E8,E_host_kernel_reach,A1_arch_only_runc,runc,on,weak,runc,18,succeeded,736.632,,probe
E9,E_host_kernel_reach,A1_arch_only_runc,runc,on,weak,runc,18,contained,649.812,,probe
E10,E_host_kernel_reach,A1_arch_only_runc,runc,on,weak,runc,18,contained,569.139,,probe
E11,E_host_kernel_reach,A1_arch_only_runc,runc,on,weak,runc,18,succeeded,675.759,,probe
F1,F_rule_tampering,A1_arch_only_runc,runc,on,weak,runc,18,contained,755.399,,probe
F2,F_rule_tampering,A1_arch_only_runc,runc,on,weak,runc,18,contained,745.213,,probe
A1,A_identity_key,A1_arch_only_runc,runc,on,weak,runc,19,contained,694.931,,probe
A2,A_identity_key,A1_arch_only_runc,runc,on,weak,runc,19,contained,753.756,,probe
A3,A_identity_key,A1_arch_only_runc,runc,on,weak,runc,19,contained,776.091,,probe
B1,B_wallet_state,A1_arch_only_runc,runc,on,weak,runc,19,contained,790.526,,probe
B2,B_wallet_state,A1_arch_only_runc,runc,on,weak,runc,19,contained,774.422,,probe
C1,C_log_integrity,A1_arch_only_runc,runc,on,weak,runc,19,contained,710.527,,probe
C2,C_log_integrity,A1_arch_only_runc,runc,on,weak,runc,19,contained,682.906,,probe
C3,C_log_integrity,A1_arch_only_runc,runc,on,weak,runc,19,contained,749.439,,probe
D1,D_network_egress,A1_arch_only_runc,runc,on,weak,runc,19,contained,761.291,,probe
D2,D_network_egress,A1_arch_only_runc,runc,on,weak,runc,19,contained,674.190,,probe
D3,D_network_egress,A1_arch_only_runc,runc,on,weak,runc,19,contained,712.306,,probe
E1,E_host_kernel_reach,A1_arch_only_runc,runc,on,weak,runc,19,contained,714.632,,probe
E2,E_host_kernel_reach,A1_arch_only_runc,runc,on,weak,runc,19,contained,827.988,,probe
E3,E_host_kernel_reach,A1_arch_only_runc,runc,on,weak,runc,19,contained,617.410,,probe
E4,E_host_kernel_reach,A1_arch_only_runc,runc,on,weak,runc,19,succeeded,713.048,,probe
E5,E_host_kernel_reach,A1_arch_only_runc,runc,on,weak,runc,19,contained,685.574,,probe
E6,E_host_kernel_reach,A1_arch_only_runc,runc,on,weak,runc,19,contained,613.127,,probe
E7,E_host_kernel_reach,A1_arch_only_runc,runc,on,weak,runc,19,contained,571.698,,probe
E8,E_host_kernel_reach,A1_arch_only_runc,runc,on,weak,runc,19,succeeded,710.256,,probe
E9,E_host_kernel_reach,A1_arch_only_runc,runc,on,weak,runc,19,contained,581.665,,probe
E10,E_host_kernel_reach,A1_arch_only_runc,runc,on,weak,runc,19,contained,571.020,,probe
E11,E_host_kernel_reach,A1_arch_only_runc,runc,on,weak,runc,19,succeeded,682.478,,probe
F1,F_rule_tampering,A1_arch_only_runc,runc,on,weak,runc,19,contained,703.817,,probe
F2,F_rule_tampering,A1_arch_only_runc,runc,on,weak,runc,19,contained,759.781,,probe
A1,A_identity_key,A1_arch_only_runc,runc,on,weak,runc,20,contained,688.623,,probe
A2,A_identity_key,A1_arch_only_runc,runc,on,weak,runc,20,contained,754.659,,probe
A3,A_identity_key,A1_arch_only_runc,runc,on,weak,runc,20,contained,779.227,,probe
B1,B_wallet_state,A1_arch_only_runc,runc,on,weak,runc,20,contained,807.343,,probe
B2,B_wallet_state,A1_arch_only_runc,runc,on,weak,runc,20,contained,699.867,,probe
C1,C_log_integrity,A1_arch_only_runc,runc,on,weak,runc,20,contained,736.478,,probe
C2,C_log_integrity,A1_arch_only_runc,runc,on,weak,runc,20,contained,756.155,,probe
C3,C_log_integrity,A1_arch_only_runc,runc,on,weak,runc,20,contained,918.168,,probe
D1,D_network_egress,A1_arch_only_runc,runc,on,weak,runc,20,contained,982.027,,probe
D2,D_network_egress,A1_arch_only_runc,runc,on,weak,runc,20,contained,896.734,,probe
D3,D_network_egress,A1_arch_only_runc,runc,on,weak,runc,20,contained,914.644,,probe
E1,E_host_kernel_reach,A1_arch_only_runc,runc,on,weak,runc,20,contained,798.695,,probe
E2,E_host_kernel_reach,A1_arch_only_runc,runc,on,weak,runc,20,contained,816.278,,probe
E3,E_host_kernel_reach,A1_arch_only_runc,runc,on,weak,runc,20,contained,583.585,,probe
E4,E_host_kernel_reach,A1_arch_only_runc,runc,on,weak,runc,20,succeeded,916.571,,probe
E5,E_host_kernel_reach,A1_arch_only_runc,runc,on,weak,runc,20,contained,963.292,,probe
E6,E_host_kernel_reach,A1_arch_only_runc,runc,on,weak,runc,20,contained,705.179,,probe
E7,E_host_kernel_reach,A1_arch_only_runc,runc,on,weak,runc,20,contained,579.771,,probe
E8,E_host_kernel_reach,A1_arch_only_runc,runc,on,weak,runc,20,succeeded,795.876,,probe
E9,E_host_kernel_reach,A1_arch_only_runc,runc,on,weak,runc,20,contained,647.109,,probe
E10,E_host_kernel_reach,A1_arch_only_runc,runc,on,weak,runc,20,contained,547.356,,probe
E11,E_host_kernel_reach,A1_arch_only_runc,runc,on,weak,runc,20,succeeded,751.122,,probe
F1,F_rule_tampering,A1_arch_only_runc,runc,on,weak,runc,20,contained,780.258,,probe
F2,F_rule_tampering,A1_arch_only_runc,runc,on,weak,runc,20,contained,775.515,,probe
L1,L_legitimate,A1_arch_only_runc,runc,on,weak,runc,1,succeeded,720.164,,legitimate
L2,L_legitimate,A1_arch_only_runc,runc,on,weak,runc,1,succeeded,1.567,,legitimate
L3,L_legitimate,A1_arch_only_runc,runc,on,weak,runc,1,succeeded,0.054,,legitimate
L4,L_legitimate,A1_arch_only_runc,runc,on,weak,runc,1,succeeded,730.493,,legitimate
A1,A_identity_key,A2_vukzero_no_gvisor,runc-hardened,on,hardened,runc,1,contained,678.634,,probe
A2,A_identity_key,A2_vukzero_no_gvisor,runc-hardened,on,hardened,runc,1,contained,723.145,,probe
A3,A_identity_key,A2_vukzero_no_gvisor,runc-hardened,on,hardened,runc,1,contained,717.753,,probe
B1,B_wallet_state,A2_vukzero_no_gvisor,runc-hardened,on,hardened,runc,1,contained,643.726,,probe
B2,B_wallet_state,A2_vukzero_no_gvisor,runc-hardened,on,hardened,runc,1,contained,667.685,,probe
C1,C_log_integrity,A2_vukzero_no_gvisor,runc-hardened,on,hardened,runc,1,contained,715.907,,probe
C2,C_log_integrity,A2_vukzero_no_gvisor,runc-hardened,on,hardened,runc,1,contained,662.915,,probe
C3,C_log_integrity,A2_vukzero_no_gvisor,runc-hardened,on,hardened,runc,1,contained,647.296,,probe
D1,D_network_egress,A2_vukzero_no_gvisor,runc-hardened,on,hardened,runc,1,contained,643.674,,probe
D2,D_network_egress,A2_vukzero_no_gvisor,runc-hardened,on,hardened,runc,1,contained,647.663,,probe
D3,D_network_egress,A2_vukzero_no_gvisor,runc-hardened,on,hardened,runc,1,contained,654.563,,probe
E1,E_host_kernel_reach,A2_vukzero_no_gvisor,runc-hardened,on,hardened,runc,1,contained,719.170,,probe
E2,E_host_kernel_reach,A2_vukzero_no_gvisor,runc-hardened,on,hardened,runc,1,contained,655.363,,probe
E3,E_host_kernel_reach,A2_vukzero_no_gvisor,runc-hardened,on,hardened,runc,1,contained,557.263,,probe
E4,E_host_kernel_reach,A2_vukzero_no_gvisor,runc-hardened,on,hardened,runc,1,contained,679.389,,probe
E5,E_host_kernel_reach,A2_vukzero_no_gvisor,runc-hardened,on,hardened,runc,1,contained,672.811,,probe
E6,E_host_kernel_reach,A2_vukzero_no_gvisor,runc-hardened,on,hardened,runc,1,contained,546.674,,probe
E7,E_host_kernel_reach,A2_vukzero_no_gvisor,runc-hardened,on,hardened,runc,1,contained,506.677,,probe
E8,E_host_kernel_reach,A2_vukzero_no_gvisor,runc-hardened,on,hardened,runc,1,contained,727.716,,probe
E9,E_host_kernel_reach,A2_vukzero_no_gvisor,runc-hardened,on,hardened,runc,1,contained,594.395,,probe
E10,E_host_kernel_reach,A2_vukzero_no_gvisor,runc-hardened,on,hardened,runc,1,contained,509.885,,probe
E11,E_host_kernel_reach,A2_vukzero_no_gvisor,runc-hardened,on,hardened,runc,1,succeeded,633.689,,probe
F1,F_rule_tampering,A2_vukzero_no_gvisor,runc-hardened,on,hardened,runc,1,contained,723.442,,probe
F2,F_rule_tampering,A2_vukzero_no_gvisor,runc-hardened,on,hardened,runc,1,contained,768.953,,probe
A1,A_identity_key,A2_vukzero_no_gvisor,runc-hardened,on,hardened,runc,2,contained,715.192,,probe
A2,A_identity_key,A2_vukzero_no_gvisor,runc-hardened,on,hardened,runc,2,contained,734.060,,probe
A3,A_identity_key,A2_vukzero_no_gvisor,runc-hardened,on,hardened,runc,2,contained,684.673,,probe
B1,B_wallet_state,A2_vukzero_no_gvisor,runc-hardened,on,hardened,runc,2,contained,670.493,,probe
B2,B_wallet_state,A2_vukzero_no_gvisor,runc-hardened,on,hardened,runc,2,contained,719.595,,probe
C1,C_log_integrity,A2_vukzero_no_gvisor,runc-hardened,on,hardened,runc,2,contained,687.453,,probe
C2,C_log_integrity,A2_vukzero_no_gvisor,runc-hardened,on,hardened,runc,2,contained,694.590,,probe
C3,C_log_integrity,A2_vukzero_no_gvisor,runc-hardened,on,hardened,runc,2,contained,741.457,,probe
D1,D_network_egress,A2_vukzero_no_gvisor,runc-hardened,on,hardened,runc,2,contained,704.131,,probe
D2,D_network_egress,A2_vukzero_no_gvisor,runc-hardened,on,hardened,runc,2,contained,642.137,,probe
D3,D_network_egress,A2_vukzero_no_gvisor,runc-hardened,on,hardened,runc,2,contained,638.670,,probe
E1,E_host_kernel_reach,A2_vukzero_no_gvisor,runc-hardened,on,hardened,runc,2,contained,733.276,,probe
E2,E_host_kernel_reach,A2_vukzero_no_gvisor,runc-hardened,on,hardened,runc,2,contained,658.223,,probe
E3,E_host_kernel_reach,A2_vukzero_no_gvisor,runc-hardened,on,hardened,runc,2,contained,500.643,,probe
E4,E_host_kernel_reach,A2_vukzero_no_gvisor,runc-hardened,on,hardened,runc,2,contained,774.664,,probe
E5,E_host_kernel_reach,A2_vukzero_no_gvisor,runc-hardened,on,hardened,runc,2,contained,671.423,,probe
E6,E_host_kernel_reach,A2_vukzero_no_gvisor,runc-hardened,on,hardened,runc,2,contained,562.087,,probe
E7,E_host_kernel_reach,A2_vukzero_no_gvisor,runc-hardened,on,hardened,runc,2,contained,516.778,,probe
E8,E_host_kernel_reach,A2_vukzero_no_gvisor,runc-hardened,on,hardened,runc,2,contained,662.704,,probe
E9,E_host_kernel_reach,A2_vukzero_no_gvisor,runc-hardened,on,hardened,runc,2,contained,608.639,,probe
E10,E_host_kernel_reach,A2_vukzero_no_gvisor,runc-hardened,on,hardened,runc,2,contained,583.962,,probe
E11,E_host_kernel_reach,A2_vukzero_no_gvisor,runc-hardened,on,hardened,runc,2,succeeded,667.435,,probe
F1,F_rule_tampering,A2_vukzero_no_gvisor,runc-hardened,on,hardened,runc,2,contained,735.795,,probe
F2,F_rule_tampering,A2_vukzero_no_gvisor,runc-hardened,on,hardened,runc,2,contained,690.199,,probe
A1,A_identity_key,A2_vukzero_no_gvisor,runc-hardened,on,hardened,runc,3,contained,666.043,,probe
A2,A_identity_key,A2_vukzero_no_gvisor,runc-hardened,on,hardened,runc,3,contained,761.101,,probe
A3,A_identity_key,A2_vukzero_no_gvisor,runc-hardened,on,hardened,runc,3,contained,747.183,,probe
B1,B_wallet_state,A2_vukzero_no_gvisor,runc-hardened,on,hardened,runc,3,contained,748.973,,probe
B2,B_wallet_state,A2_vukzero_no_gvisor,runc-hardened,on,hardened,runc,3,contained,723.966,,probe
C1,C_log_integrity,A2_vukzero_no_gvisor,runc-hardened,on,hardened,runc,3,contained,701.039,,probe
C2,C_log_integrity,A2_vukzero_no_gvisor,runc-hardened,on,hardened,runc,3,contained,654.365,,probe
C3,C_log_integrity,A2_vukzero_no_gvisor,runc-hardened,on,hardened,runc,3,contained,777.149,,probe
D1,D_network_egress,A2_vukzero_no_gvisor,runc-hardened,on,hardened,runc,3,contained,665.527,,probe
D2,D_network_egress,A2_vukzero_no_gvisor,runc-hardened,on,hardened,runc,3,contained,632.943,,probe
D3,D_network_egress,A2_vukzero_no_gvisor,runc-hardened,on,hardened,runc,3,contained,759.636,,probe
E1,E_host_kernel_reach,A2_vukzero_no_gvisor,runc-hardened,on,hardened,runc,3,contained,757.663,,probe
E2,E_host_kernel_reach,A2_vukzero_no_gvisor,runc-hardened,on,hardened,runc,3,contained,662.261,,probe
E3,E_host_kernel_reach,A2_vukzero_no_gvisor,runc-hardened,on,hardened,runc,3,contained,576.272,,probe
E4,E_host_kernel_reach,A2_vukzero_no_gvisor,runc-hardened,on,hardened,runc,3,contained,734.094,,probe
E5,E_host_kernel_reach,A2_vukzero_no_gvisor,runc-hardened,on,hardened,runc,3,contained,718.031,,probe
E6,E_host_kernel_reach,A2_vukzero_no_gvisor,runc-hardened,on,hardened,runc,3,contained,636.370,,probe
E7,E_host_kernel_reach,A2_vukzero_no_gvisor,runc-hardened,on,hardened,runc,3,contained,550.271,,probe
E8,E_host_kernel_reach,A2_vukzero_no_gvisor,runc-hardened,on,hardened,runc,3,contained,724.744,,probe
E9,E_host_kernel_reach,A2_vukzero_no_gvisor,runc-hardened,on,hardened,runc,3,contained,646.042,,probe
E10,E_host_kernel_reach,A2_vukzero_no_gvisor,runc-hardened,on,hardened,runc,3,contained,784.399,,probe
E11,E_host_kernel_reach,A2_vukzero_no_gvisor,runc-hardened,on,hardened,runc,3,succeeded,729.841,,probe
F1,F_rule_tampering,A2_vukzero_no_gvisor,runc-hardened,on,hardened,runc,3,contained,750.519,,probe
F2,F_rule_tampering,A2_vukzero_no_gvisor,runc-hardened,on,hardened,runc,3,contained,757.608,,probe
A1,A_identity_key,A2_vukzero_no_gvisor,runc-hardened,on,hardened,runc,4,contained,769.087,,probe
A2,A_identity_key,A2_vukzero_no_gvisor,runc-hardened,on,hardened,runc,4,contained,719.486,,probe
A3,A_identity_key,A2_vukzero_no_gvisor,runc-hardened,on,hardened,runc,4,contained,758.450,,probe
B1,B_wallet_state,A2_vukzero_no_gvisor,runc-hardened,on,hardened,runc,4,contained,756.989,,probe
B2,B_wallet_state,A2_vukzero_no_gvisor,runc-hardened,on,hardened,runc,4,contained,714.571,,probe
C1,C_log_integrity,A2_vukzero_no_gvisor,runc-hardened,on,hardened,runc,4,contained,685.549,,probe
C2,C_log_integrity,A2_vukzero_no_gvisor,runc-hardened,on,hardened,runc,4,contained,718.633,,probe
C3,C_log_integrity,A2_vukzero_no_gvisor,runc-hardened,on,hardened,runc,4,contained,712.432,,probe
D1,D_network_egress,A2_vukzero_no_gvisor,runc-hardened,on,hardened,runc,4,contained,696.720,,probe
D2,D_network_egress,A2_vukzero_no_gvisor,runc-hardened,on,hardened,runc,4,contained,638.571,,probe
D3,D_network_egress,A2_vukzero_no_gvisor,runc-hardened,on,hardened,runc,4,contained,619.373,,probe
E1,E_host_kernel_reach,A2_vukzero_no_gvisor,runc-hardened,on,hardened,runc,4,contained,724.892,,probe
E2,E_host_kernel_reach,A2_vukzero_no_gvisor,runc-hardened,on,hardened,runc,4,contained,690.105,,probe
E3,E_host_kernel_reach,A2_vukzero_no_gvisor,runc-hardened,on,hardened,runc,4,contained,543.136,,probe
E4,E_host_kernel_reach,A2_vukzero_no_gvisor,runc-hardened,on,hardened,runc,4,contained,711.541,,probe
E5,E_host_kernel_reach,A2_vukzero_no_gvisor,runc-hardened,on,hardened,runc,4,contained,667.676,,probe
E6,E_host_kernel_reach,A2_vukzero_no_gvisor,runc-hardened,on,hardened,runc,4,contained,569.916,,probe
E7,E_host_kernel_reach,A2_vukzero_no_gvisor,runc-hardened,on,hardened,runc,4,contained,551.440,,probe
E8,E_host_kernel_reach,A2_vukzero_no_gvisor,runc-hardened,on,hardened,runc,4,contained,712.442,,probe
E9,E_host_kernel_reach,A2_vukzero_no_gvisor,runc-hardened,on,hardened,runc,4,contained,616.472,,probe
E10,E_host_kernel_reach,A2_vukzero_no_gvisor,runc-hardened,on,hardened,runc,4,contained,527.697,,probe
E11,E_host_kernel_reach,A2_vukzero_no_gvisor,runc-hardened,on,hardened,runc,4,succeeded,684.627,,probe
F1,F_rule_tampering,A2_vukzero_no_gvisor,runc-hardened,on,hardened,runc,4,contained,711.417,,probe
F2,F_rule_tampering,A2_vukzero_no_gvisor,runc-hardened,on,hardened,runc,4,contained,726.117,,probe
A1,A_identity_key,A2_vukzero_no_gvisor,runc-hardened,on,hardened,runc,5,contained,699.966,,probe
A2,A_identity_key,A2_vukzero_no_gvisor,runc-hardened,on,hardened,runc,5,contained,702.592,,probe
A3,A_identity_key,A2_vukzero_no_gvisor,runc-hardened,on,hardened,runc,5,contained,742.436,,probe
B1,B_wallet_state,A2_vukzero_no_gvisor,runc-hardened,on,hardened,runc,5,contained,787.276,,probe
B2,B_wallet_state,A2_vukzero_no_gvisor,runc-hardened,on,hardened,runc,5,contained,654.023,,probe
C1,C_log_integrity,A2_vukzero_no_gvisor,runc-hardened,on,hardened,runc,5,contained,674.480,,probe
C2,C_log_integrity,A2_vukzero_no_gvisor,runc-hardened,on,hardened,runc,5,contained,668.424,,probe
C3,C_log_integrity,A2_vukzero_no_gvisor,runc-hardened,on,hardened,runc,5,contained,784.211,,probe
D1,D_network_egress,A2_vukzero_no_gvisor,runc-hardened,on,hardened,runc,5,contained,644.504,,probe
D2,D_network_egress,A2_vukzero_no_gvisor,runc-hardened,on,hardened,runc,5,contained,642.880,,probe
D3,D_network_egress,A2_vukzero_no_gvisor,runc-hardened,on,hardened,runc,5,contained,649.744,,probe
E1,E_host_kernel_reach,A2_vukzero_no_gvisor,runc-hardened,on,hardened,runc,5,contained,690.000,,probe
E2,E_host_kernel_reach,A2_vukzero_no_gvisor,runc-hardened,on,hardened,runc,5,contained,643.774,,probe
E3,E_host_kernel_reach,A2_vukzero_no_gvisor,runc-hardened,on,hardened,runc,5,contained,539.481,,probe
E4,E_host_kernel_reach,A2_vukzero_no_gvisor,runc-hardened,on,hardened,runc,5,contained,698.891,,probe
E5,E_host_kernel_reach,A2_vukzero_no_gvisor,runc-hardened,on,hardened,runc,5,contained,653.314,,probe
E6,E_host_kernel_reach,A2_vukzero_no_gvisor,runc-hardened,on,hardened,runc,5,contained,610.663,,probe
E7,E_host_kernel_reach,A2_vukzero_no_gvisor,runc-hardened,on,hardened,runc,5,contained,528.094,,probe
E8,E_host_kernel_reach,A2_vukzero_no_gvisor,runc-hardened,on,hardened,runc,5,contained,767.745,,probe
E9,E_host_kernel_reach,A2_vukzero_no_gvisor,runc-hardened,on,hardened,runc,5,contained,556.089,,probe
E10,E_host_kernel_reach,A2_vukzero_no_gvisor,runc-hardened,on,hardened,runc,5,contained,505.021,,probe
E11,E_host_kernel_reach,A2_vukzero_no_gvisor,runc-hardened,on,hardened,runc,5,succeeded,675.142,,probe
F1,F_rule_tampering,A2_vukzero_no_gvisor,runc-hardened,on,hardened,runc,5,contained,658.564,,probe
F2,F_rule_tampering,A2_vukzero_no_gvisor,runc-hardened,on,hardened,runc,5,contained,778.462,,probe
A1,A_identity_key,A2_vukzero_no_gvisor,runc-hardened,on,hardened,runc,6,contained,683.562,,probe
A2,A_identity_key,A2_vukzero_no_gvisor,runc-hardened,on,hardened,runc,6,contained,657.406,,probe
A3,A_identity_key,A2_vukzero_no_gvisor,runc-hardened,on,hardened,runc,6,contained,757.207,,probe
B1,B_wallet_state,A2_vukzero_no_gvisor,runc-hardened,on,hardened,runc,6,contained,706.079,,probe
B2,B_wallet_state,A2_vukzero_no_gvisor,runc-hardened,on,hardened,runc,6,contained,711.019,,probe
C1,C_log_integrity,A2_vukzero_no_gvisor,runc-hardened,on,hardened,runc,6,contained,690.323,,probe
C2,C_log_integrity,A2_vukzero_no_gvisor,runc-hardened,on,hardened,runc,6,contained,721.164,,probe
C3,C_log_integrity,A2_vukzero_no_gvisor,runc-hardened,on,hardened,runc,6,contained,648.267,,probe
D1,D_network_egress,A2_vukzero_no_gvisor,runc-hardened,on,hardened,runc,6,contained,629.198,,probe
D2,D_network_egress,A2_vukzero_no_gvisor,runc-hardened,on,hardened,runc,6,contained,630.770,,probe
D3,D_network_egress,A2_vukzero_no_gvisor,runc-hardened,on,hardened,runc,6,contained,750.825,,probe
E1,E_host_kernel_reach,A2_vukzero_no_gvisor,runc-hardened,on,hardened,runc,6,contained,656.629,,probe
E2,E_host_kernel_reach,A2_vukzero_no_gvisor,runc-hardened,on,hardened,runc,6,contained,662.108,,probe
E3,E_host_kernel_reach,A2_vukzero_no_gvisor,runc-hardened,on,hardened,runc,6,contained,535.636,,probe
E4,E_host_kernel_reach,A2_vukzero_no_gvisor,runc-hardened,on,hardened,runc,6,contained,685.650,,probe
E5,E_host_kernel_reach,A2_vukzero_no_gvisor,runc-hardened,on,hardened,runc,6,contained,763.471,,probe
E6,E_host_kernel_reach,A2_vukzero_no_gvisor,runc-hardened,on,hardened,runc,6,contained,594.978,,probe
E7,E_host_kernel_reach,A2_vukzero_no_gvisor,runc-hardened,on,hardened,runc,6,contained,537.503,,probe
E8,E_host_kernel_reach,A2_vukzero_no_gvisor,runc-hardened,on,hardened,runc,6,contained,742.106,,probe
E9,E_host_kernel_reach,A2_vukzero_no_gvisor,runc-hardened,on,hardened,runc,6,contained,531.499,,probe
E10,E_host_kernel_reach,A2_vukzero_no_gvisor,runc-hardened,on,hardened,runc,6,contained,539.781,,probe
E11,E_host_kernel_reach,A2_vukzero_no_gvisor,runc-hardened,on,hardened,runc,6,succeeded,613.718,,probe
F1,F_rule_tampering,A2_vukzero_no_gvisor,runc-hardened,on,hardened,runc,6,contained,691.763,,probe
F2,F_rule_tampering,A2_vukzero_no_gvisor,runc-hardened,on,hardened,runc,6,contained,741.557,,probe
A1,A_identity_key,A2_vukzero_no_gvisor,runc-hardened,on,hardened,runc,7,contained,761.184,,probe
A2,A_identity_key,A2_vukzero_no_gvisor,runc-hardened,on,hardened,runc,7,contained,834.119,,probe
A3,A_identity_key,A2_vukzero_no_gvisor,runc-hardened,on,hardened,runc,7,contained,803.000,,probe
B1,B_wallet_state,A2_vukzero_no_gvisor,runc-hardened,on,hardened,runc,7,contained,730.342,,probe
B2,B_wallet_state,A2_vukzero_no_gvisor,runc-hardened,on,hardened,runc,7,contained,735.650,,probe
C1,C_log_integrity,A2_vukzero_no_gvisor,runc-hardened,on,hardened,runc,7,contained,725.480,,probe
C2,C_log_integrity,A2_vukzero_no_gvisor,runc-hardened,on,hardened,runc,7,contained,830.428,,probe
C3,C_log_integrity,A2_vukzero_no_gvisor,runc-hardened,on,hardened,runc,7,contained,769.571,,probe
D1,D_network_egress,A2_vukzero_no_gvisor,runc-hardened,on,hardened,runc,7,contained,750.162,,probe
D2,D_network_egress,A2_vukzero_no_gvisor,runc-hardened,on,hardened,runc,7,contained,703.444,,probe
D3,D_network_egress,A2_vukzero_no_gvisor,runc-hardened,on,hardened,runc,7,contained,687.774,,probe
E1,E_host_kernel_reach,A2_vukzero_no_gvisor,runc-hardened,on,hardened,runc,7,contained,833.666,,probe
E2,E_host_kernel_reach,A2_vukzero_no_gvisor,runc-hardened,on,hardened,runc,7,contained,772.452,,probe
E3,E_host_kernel_reach,A2_vukzero_no_gvisor,runc-hardened,on,hardened,runc,7,contained,573.158,,probe
E4,E_host_kernel_reach,A2_vukzero_no_gvisor,runc-hardened,on,hardened,runc,7,contained,700.712,,probe
E5,E_host_kernel_reach,A2_vukzero_no_gvisor,runc-hardened,on,hardened,runc,7,contained,710.262,,probe
E6,E_host_kernel_reach,A2_vukzero_no_gvisor,runc-hardened,on,hardened,runc,7,contained,643.994,,probe
E7,E_host_kernel_reach,A2_vukzero_no_gvisor,runc-hardened,on,hardened,runc,7,contained,570.442,,probe
E8,E_host_kernel_reach,A2_vukzero_no_gvisor,runc-hardened,on,hardened,runc,7,contained,657.910,,probe
E9,E_host_kernel_reach,A2_vukzero_no_gvisor,runc-hardened,on,hardened,runc,7,contained,509.379,,probe
E10,E_host_kernel_reach,A2_vukzero_no_gvisor,runc-hardened,on,hardened,runc,7,contained,548.013,,probe
E11,E_host_kernel_reach,A2_vukzero_no_gvisor,runc-hardened,on,hardened,runc,7,succeeded,687.928,,probe
F1,F_rule_tampering,A2_vukzero_no_gvisor,runc-hardened,on,hardened,runc,7,contained,715.739,,probe
F2,F_rule_tampering,A2_vukzero_no_gvisor,runc-hardened,on,hardened,runc,7,contained,744.399,,probe
A1,A_identity_key,A2_vukzero_no_gvisor,runc-hardened,on,hardened,runc,8,contained,694.868,,probe
A2,A_identity_key,A2_vukzero_no_gvisor,runc-hardened,on,hardened,runc,8,contained,723.146,,probe
A3,A_identity_key,A2_vukzero_no_gvisor,runc-hardened,on,hardened,runc,8,contained,770.219,,probe
B1,B_wallet_state,A2_vukzero_no_gvisor,runc-hardened,on,hardened,runc,8,contained,656.789,,probe
B2,B_wallet_state,A2_vukzero_no_gvisor,runc-hardened,on,hardened,runc,8,contained,691.746,,probe
C1,C_log_integrity,A2_vukzero_no_gvisor,runc-hardened,on,hardened,runc,8,contained,713.973,,probe
C2,C_log_integrity,A2_vukzero_no_gvisor,runc-hardened,on,hardened,runc,8,contained,655.082,,probe
C3,C_log_integrity,A2_vukzero_no_gvisor,runc-hardened,on,hardened,runc,8,contained,643.019,,probe
D1,D_network_egress,A2_vukzero_no_gvisor,runc-hardened,on,hardened,runc,8,contained,681.809,,probe
D2,D_network_egress,A2_vukzero_no_gvisor,runc-hardened,on,hardened,runc,8,contained,662.126,,probe
D3,D_network_egress,A2_vukzero_no_gvisor,runc-hardened,on,hardened,runc,8,contained,676.543,,probe
E1,E_host_kernel_reach,A2_vukzero_no_gvisor,runc-hardened,on,hardened,runc,8,contained,712.558,,probe
E2,E_host_kernel_reach,A2_vukzero_no_gvisor,runc-hardened,on,hardened,runc,8,contained,632.745,,probe
E3,E_host_kernel_reach,A2_vukzero_no_gvisor,runc-hardened,on,hardened,runc,8,contained,546.058,,probe
E4,E_host_kernel_reach,A2_vukzero_no_gvisor,runc-hardened,on,hardened,runc,8,contained,677.749,,probe
E5,E_host_kernel_reach,A2_vukzero_no_gvisor,runc-hardened,on,hardened,runc,8,contained,718.574,,probe
E6,E_host_kernel_reach,A2_vukzero_no_gvisor,runc-hardened,on,hardened,runc,8,contained,531.721,,probe
E7,E_host_kernel_reach,A2_vukzero_no_gvisor,runc-hardened,on,hardened,runc,8,contained,551.258,,probe
E8,E_host_kernel_reach,A2_vukzero_no_gvisor,runc-hardened,on,hardened,runc,8,contained,712.412,,probe
E9,E_host_kernel_reach,A2_vukzero_no_gvisor,runc-hardened,on,hardened,runc,8,contained,594.366,,probe
E10,E_host_kernel_reach,A2_vukzero_no_gvisor,runc-hardened,on,hardened,runc,8,contained,530.069,,probe
E11,E_host_kernel_reach,A2_vukzero_no_gvisor,runc-hardened,on,hardened,runc,8,succeeded,628.799,,probe
F1,F_rule_tampering,A2_vukzero_no_gvisor,runc-hardened,on,hardened,runc,8,contained,716.639,,probe
F2,F_rule_tampering,A2_vukzero_no_gvisor,runc-hardened,on,hardened,runc,8,contained,680.326,,probe
A1,A_identity_key,A2_vukzero_no_gvisor,runc-hardened,on,hardened,runc,9,contained,657.553,,probe
A2,A_identity_key,A2_vukzero_no_gvisor,runc-hardened,on,hardened,runc,9,contained,750.286,,probe
A3,A_identity_key,A2_vukzero_no_gvisor,runc-hardened,on,hardened,runc,9,contained,723.809,,probe
B1,B_wallet_state,A2_vukzero_no_gvisor,runc-hardened,on,hardened,runc,9,contained,688.584,,probe
B2,B_wallet_state,A2_vukzero_no_gvisor,runc-hardened,on,hardened,runc,9,contained,695.454,,probe
C1,C_log_integrity,A2_vukzero_no_gvisor,runc-hardened,on,hardened,runc,9,contained,720.611,,probe
C2,C_log_integrity,A2_vukzero_no_gvisor,runc-hardened,on,hardened,runc,9,contained,680.892,,probe
C3,C_log_integrity,A2_vukzero_no_gvisor,runc-hardened,on,hardened,runc,9,contained,738.928,,probe
D1,D_network_egress,A2_vukzero_no_gvisor,runc-hardened,on,hardened,runc,9,contained,679.763,,probe
D2,D_network_egress,A2_vukzero_no_gvisor,runc-hardened,on,hardened,runc,9,contained,641.908,,probe
D3,D_network_egress,A2_vukzero_no_gvisor,runc-hardened,on,hardened,runc,9,contained,661.575,,probe
E1,E_host_kernel_reach,A2_vukzero_no_gvisor,runc-hardened,on,hardened,runc,9,contained,643.654,,probe
E2,E_host_kernel_reach,A2_vukzero_no_gvisor,runc-hardened,on,hardened,runc,9,contained,727.611,,probe
E3,E_host_kernel_reach,A2_vukzero_no_gvisor,runc-hardened,on,hardened,runc,9,contained,529.710,,probe
E4,E_host_kernel_reach,A2_vukzero_no_gvisor,runc-hardened,on,hardened,runc,9,contained,650.496,,probe
E5,E_host_kernel_reach,A2_vukzero_no_gvisor,runc-hardened,on,hardened,runc,9,contained,680.049,,probe
E6,E_host_kernel_reach,A2_vukzero_no_gvisor,runc-hardened,on,hardened,runc,9,contained,559.295,,probe
E7,E_host_kernel_reach,A2_vukzero_no_gvisor,runc-hardened,on,hardened,runc,9,contained,525.806,,probe
E8,E_host_kernel_reach,A2_vukzero_no_gvisor,runc-hardened,on,hardened,runc,9,contained,616.711,,probe
E9,E_host_kernel_reach,A2_vukzero_no_gvisor,runc-hardened,on,hardened,runc,9,contained,561.350,,probe
E10,E_host_kernel_reach,A2_vukzero_no_gvisor,runc-hardened,on,hardened,runc,9,contained,585.249,,probe
E11,E_host_kernel_reach,A2_vukzero_no_gvisor,runc-hardened,on,hardened,runc,9,succeeded,614.013,,probe
F1,F_rule_tampering,A2_vukzero_no_gvisor,runc-hardened,on,hardened,runc,9,contained,699.767,,probe
F2,F_rule_tampering,A2_vukzero_no_gvisor,runc-hardened,on,hardened,runc,9,contained,735.448,,probe
A1,A_identity_key,A2_vukzero_no_gvisor,runc-hardened,on,hardened,runc,10,contained,728.015,,probe
A2,A_identity_key,A2_vukzero_no_gvisor,runc-hardened,on,hardened,runc,10,contained,670.170,,probe
A3,A_identity_key,A2_vukzero_no_gvisor,runc-hardened,on,hardened,runc,10,contained,685.096,,probe
B1,B_wallet_state,A2_vukzero_no_gvisor,runc-hardened,on,hardened,runc,10,contained,630.587,,probe
B2,B_wallet_state,A2_vukzero_no_gvisor,runc-hardened,on,hardened,runc,10,contained,727.251,,probe
C1,C_log_integrity,A2_vukzero_no_gvisor,runc-hardened,on,hardened,runc,10,contained,689.094,,probe
C2,C_log_integrity,A2_vukzero_no_gvisor,runc-hardened,on,hardened,runc,10,contained,674.401,,probe
C3,C_log_integrity,A2_vukzero_no_gvisor,runc-hardened,on,hardened,runc,10,contained,680.239,,probe
D1,D_network_egress,A2_vukzero_no_gvisor,runc-hardened,on,hardened,runc,10,contained,640.608,,probe
D2,D_network_egress,A2_vukzero_no_gvisor,runc-hardened,on,hardened,runc,10,contained,638.836,,probe
D3,D_network_egress,A2_vukzero_no_gvisor,runc-hardened,on,hardened,runc,10,contained,749.240,,probe
E1,E_host_kernel_reach,A2_vukzero_no_gvisor,runc-hardened,on,hardened,runc,10,contained,850.685,,probe
E2,E_host_kernel_reach,A2_vukzero_no_gvisor,runc-hardened,on,hardened,runc,10,contained,739.322,,probe
E3,E_host_kernel_reach,A2_vukzero_no_gvisor,runc-hardened,on,hardened,runc,10,contained,570.108,,probe
E4,E_host_kernel_reach,A2_vukzero_no_gvisor,runc-hardened,on,hardened,runc,10,contained,704.765,,probe
E5,E_host_kernel_reach,A2_vukzero_no_gvisor,runc-hardened,on,hardened,runc,10,contained,755.149,,probe
E6,E_host_kernel_reach,A2_vukzero_no_gvisor,runc-hardened,on,hardened,runc,10,contained,576.834,,probe
E7,E_host_kernel_reach,A2_vukzero_no_gvisor,runc-hardened,on,hardened,runc,10,contained,644.678,,probe
E8,E_host_kernel_reach,A2_vukzero_no_gvisor,runc-hardened,on,hardened,runc,10,contained,824.939,,probe
E9,E_host_kernel_reach,A2_vukzero_no_gvisor,runc-hardened,on,hardened,runc,10,contained,656.445,,probe
E10,E_host_kernel_reach,A2_vukzero_no_gvisor,runc-hardened,on,hardened,runc,10,contained,688.825,,probe
E11,E_host_kernel_reach,A2_vukzero_no_gvisor,runc-hardened,on,hardened,runc,10,succeeded,679.267,,probe
F1,F_rule_tampering,A2_vukzero_no_gvisor,runc-hardened,on,hardened,runc,10,contained,792.163,,probe
F2,F_rule_tampering,A2_vukzero_no_gvisor,runc-hardened,on,hardened,runc,10,contained,790.203,,probe
A1,A_identity_key,A2_vukzero_no_gvisor,runc-hardened,on,hardened,runc,11,contained,742.794,,probe
A2,A_identity_key,A2_vukzero_no_gvisor,runc-hardened,on,hardened,runc,11,contained,711.622,,probe
A3,A_identity_key,A2_vukzero_no_gvisor,runc-hardened,on,hardened,runc,11,contained,751.239,,probe
B1,B_wallet_state,A2_vukzero_no_gvisor,runc-hardened,on,hardened,runc,11,contained,786.249,,probe
B2,B_wallet_state,A2_vukzero_no_gvisor,runc-hardened,on,hardened,runc,11,contained,716.379,,probe
C1,C_log_integrity,A2_vukzero_no_gvisor,runc-hardened,on,hardened,runc,11,contained,661.002,,probe
C2,C_log_integrity,A2_vukzero_no_gvisor,runc-hardened,on,hardened,runc,11,contained,641.747,,probe
C3,C_log_integrity,A2_vukzero_no_gvisor,runc-hardened,on,hardened,runc,11,contained,740.965,,probe
D1,D_network_egress,A2_vukzero_no_gvisor,runc-hardened,on,hardened,runc,11,contained,590.734,,probe
D2,D_network_egress,A2_vukzero_no_gvisor,runc-hardened,on,hardened,runc,11,contained,598.629,,probe
D3,D_network_egress,A2_vukzero_no_gvisor,runc-hardened,on,hardened,runc,11,contained,649.681,,probe
E1,E_host_kernel_reach,A2_vukzero_no_gvisor,runc-hardened,on,hardened,runc,11,contained,687.352,,probe
E2,E_host_kernel_reach,A2_vukzero_no_gvisor,runc-hardened,on,hardened,runc,11,contained,700.473,,probe
E3,E_host_kernel_reach,A2_vukzero_no_gvisor,runc-hardened,on,hardened,runc,11,contained,599.061,,probe
E4,E_host_kernel_reach,A2_vukzero_no_gvisor,runc-hardened,on,hardened,runc,11,contained,674.049,,probe
E5,E_host_kernel_reach,A2_vukzero_no_gvisor,runc-hardened,on,hardened,runc,11,contained,639.695,,probe
E6,E_host_kernel_reach,A2_vukzero_no_gvisor,runc-hardened,on,hardened,runc,11,contained,551.350,,probe
E7,E_host_kernel_reach,A2_vukzero_no_gvisor,runc-hardened,on,hardened,runc,11,contained,565.941,,probe
E8,E_host_kernel_reach,A2_vukzero_no_gvisor,runc-hardened,on,hardened,runc,11,contained,729.704,,probe
E9,E_host_kernel_reach,A2_vukzero_no_gvisor,runc-hardened,on,hardened,runc,11,contained,548.786,,probe
E10,E_host_kernel_reach,A2_vukzero_no_gvisor,runc-hardened,on,hardened,runc,11,contained,543.185,,probe
E11,E_host_kernel_reach,A2_vukzero_no_gvisor,runc-hardened,on,hardened,runc,11,succeeded,637.962,,probe
F1,F_rule_tampering,A2_vukzero_no_gvisor,runc-hardened,on,hardened,runc,11,contained,695.451,,probe
F2,F_rule_tampering,A2_vukzero_no_gvisor,runc-hardened,on,hardened,runc,11,contained,645.820,,probe
A1,A_identity_key,A2_vukzero_no_gvisor,runc-hardened,on,hardened,runc,12,contained,718.586,,probe
A2,A_identity_key,A2_vukzero_no_gvisor,runc-hardened,on,hardened,runc,12,contained,707.572,,probe
A3,A_identity_key,A2_vukzero_no_gvisor,runc-hardened,on,hardened,runc,12,contained,755.447,,probe
B1,B_wallet_state,A2_vukzero_no_gvisor,runc-hardened,on,hardened,runc,12,contained,725.847,,probe
B2,B_wallet_state,A2_vukzero_no_gvisor,runc-hardened,on,hardened,runc,12,contained,646.111,,probe
C1,C_log_integrity,A2_vukzero_no_gvisor,runc-hardened,on,hardened,runc,12,contained,695.647,,probe
C2,C_log_integrity,A2_vukzero_no_gvisor,runc-hardened,on,hardened,runc,12,contained,706.435,,probe
C3,C_log_integrity,A2_vukzero_no_gvisor,runc-hardened,on,hardened,runc,12,contained,756.994,,probe
D1,D_network_egress,A2_vukzero_no_gvisor,runc-hardened,on,hardened,runc,12,contained,629.120,,probe
D2,D_network_egress,A2_vukzero_no_gvisor,runc-hardened,on,hardened,runc,12,contained,642.295,,probe
D3,D_network_egress,A2_vukzero_no_gvisor,runc-hardened,on,hardened,runc,12,contained,700.013,,probe
E1,E_host_kernel_reach,A2_vukzero_no_gvisor,runc-hardened,on,hardened,runc,12,contained,693.099,,probe
E2,E_host_kernel_reach,A2_vukzero_no_gvisor,runc-hardened,on,hardened,runc,12,contained,699.918,,probe
E3,E_host_kernel_reach,A2_vukzero_no_gvisor,runc-hardened,on,hardened,runc,12,contained,590.638,,probe
E4,E_host_kernel_reach,A2_vukzero_no_gvisor,runc-hardened,on,hardened,runc,12,contained,727.046,,probe
E5,E_host_kernel_reach,A2_vukzero_no_gvisor,runc-hardened,on,hardened,runc,12,contained,686.721,,probe
E6,E_host_kernel_reach,A2_vukzero_no_gvisor,runc-hardened,on,hardened,runc,12,contained,556.535,,probe
E7,E_host_kernel_reach,A2_vukzero_no_gvisor,runc-hardened,on,hardened,runc,12,contained,514.363,,probe
E8,E_host_kernel_reach,A2_vukzero_no_gvisor,runc-hardened,on,hardened,runc,12,contained,650.632,,probe
E9,E_host_kernel_reach,A2_vukzero_no_gvisor,runc-hardened,on,hardened,runc,12,contained,574.025,,probe
E10,E_host_kernel_reach,A2_vukzero_no_gvisor,runc-hardened,on,hardened,runc,12,contained,557.178,,probe
E11,E_host_kernel_reach,A2_vukzero_no_gvisor,runc-hardened,on,hardened,runc,12,succeeded,641.610,,probe
F1,F_rule_tampering,A2_vukzero_no_gvisor,runc-hardened,on,hardened,runc,12,contained,707.520,,probe
F2,F_rule_tampering,A2_vukzero_no_gvisor,runc-hardened,on,hardened,runc,12,contained,736.163,,probe
A1,A_identity_key,A2_vukzero_no_gvisor,runc-hardened,on,hardened,runc,13,contained,670.522,,probe
A2,A_identity_key,A2_vukzero_no_gvisor,runc-hardened,on,hardened,runc,13,contained,713.280,,probe
A3,A_identity_key,A2_vukzero_no_gvisor,runc-hardened,on,hardened,runc,13,contained,769.313,,probe
B1,B_wallet_state,A2_vukzero_no_gvisor,runc-hardened,on,hardened,runc,13,contained,700.295,,probe
B2,B_wallet_state,A2_vukzero_no_gvisor,runc-hardened,on,hardened,runc,13,contained,700.087,,probe
C1,C_log_integrity,A2_vukzero_no_gvisor,runc-hardened,on,hardened,runc,13,contained,615.989,,probe
C2,C_log_integrity,A2_vukzero_no_gvisor,runc-hardened,on,hardened,runc,13,contained,715.288,,probe
C3,C_log_integrity,A2_vukzero_no_gvisor,runc-hardened,on,hardened,runc,13,contained,758.828,,probe
D1,D_network_egress,A2_vukzero_no_gvisor,runc-hardened,on,hardened,runc,13,contained,711.651,,probe
D2,D_network_egress,A2_vukzero_no_gvisor,runc-hardened,on,hardened,runc,13,contained,657.540,,probe
D3,D_network_egress,A2_vukzero_no_gvisor,runc-hardened,on,hardened,runc,13,contained,656.775,,probe
E1,E_host_kernel_reach,A2_vukzero_no_gvisor,runc-hardened,on,hardened,runc,13,contained,685.571,,probe
E2,E_host_kernel_reach,A2_vukzero_no_gvisor,runc-hardened,on,hardened,runc,13,contained,674.414,,probe
E3,E_host_kernel_reach,A2_vukzero_no_gvisor,runc-hardened,on,hardened,runc,13,contained,592.069,,probe
E4,E_host_kernel_reach,A2_vukzero_no_gvisor,runc-hardened,on,hardened,runc,13,contained,647.361,,probe
E5,E_host_kernel_reach,A2_vukzero_no_gvisor,runc-hardened,on,hardened,runc,13,contained,715.362,,probe
E6,E_host_kernel_reach,A2_vukzero_no_gvisor,runc-hardened,on,hardened,runc,13,contained,583.750,,probe
E7,E_host_kernel_reach,A2_vukzero_no_gvisor,runc-hardened,on,hardened,runc,13,contained,564.632,,probe
E8,E_host_kernel_reach,A2_vukzero_no_gvisor,runc-hardened,on,hardened,runc,13,contained,735.472,,probe
E9,E_host_kernel_reach,A2_vukzero_no_gvisor,runc-hardened,on,hardened,runc,13,contained,588.567,,probe
E10,E_host_kernel_reach,A2_vukzero_no_gvisor,runc-hardened,on,hardened,runc,13,contained,554.789,,probe
E11,E_host_kernel_reach,A2_vukzero_no_gvisor,runc-hardened,on,hardened,runc,13,succeeded,695.553,,probe
F1,F_rule_tampering,A2_vukzero_no_gvisor,runc-hardened,on,hardened,runc,13,contained,676.682,,probe
F2,F_rule_tampering,A2_vukzero_no_gvisor,runc-hardened,on,hardened,runc,13,contained,784.728,,probe
A1,A_identity_key,A2_vukzero_no_gvisor,runc-hardened,on,hardened,runc,14,contained,684.625,,probe
A2,A_identity_key,A2_vukzero_no_gvisor,runc-hardened,on,hardened,runc,14,contained,776.986,,probe
A3,A_identity_key,A2_vukzero_no_gvisor,runc-hardened,on,hardened,runc,14,contained,741.840,,probe
B1,B_wallet_state,A2_vukzero_no_gvisor,runc-hardened,on,hardened,runc,14,contained,877.845,,probe
B2,B_wallet_state,A2_vukzero_no_gvisor,runc-hardened,on,hardened,runc,14,contained,820.665,,probe
C1,C_log_integrity,A2_vukzero_no_gvisor,runc-hardened,on,hardened,runc,14,contained,782.168,,probe
C2,C_log_integrity,A2_vukzero_no_gvisor,runc-hardened,on,hardened,runc,14,contained,854.797,,probe
C3,C_log_integrity,A2_vukzero_no_gvisor,runc-hardened,on,hardened,runc,14,contained,778.694,,probe
D1,D_network_egress,A2_vukzero_no_gvisor,runc-hardened,on,hardened,runc,14,contained,638.819,,probe
D2,D_network_egress,A2_vukzero_no_gvisor,runc-hardened,on,hardened,runc,14,contained,765.125,,probe
D3,D_network_egress,A2_vukzero_no_gvisor,runc-hardened,on,hardened,runc,14,contained,716.767,,probe
E1,E_host_kernel_reach,A2_vukzero_no_gvisor,runc-hardened,on,hardened,runc,14,contained,731.866,,probe
E2,E_host_kernel_reach,A2_vukzero_no_gvisor,runc-hardened,on,hardened,runc,14,contained,739.906,,probe
E3,E_host_kernel_reach,A2_vukzero_no_gvisor,runc-hardened,on,hardened,runc,14,contained,588.747,,probe
E4,E_host_kernel_reach,A2_vukzero_no_gvisor,runc-hardened,on,hardened,runc,14,contained,684.511,,probe
E5,E_host_kernel_reach,A2_vukzero_no_gvisor,runc-hardened,on,hardened,runc,14,contained,725.790,,probe
E6,E_host_kernel_reach,A2_vukzero_no_gvisor,runc-hardened,on,hardened,runc,14,contained,604.061,,probe
E7,E_host_kernel_reach,A2_vukzero_no_gvisor,runc-hardened,on,hardened,runc,14,contained,539.489,,probe
E8,E_host_kernel_reach,A2_vukzero_no_gvisor,runc-hardened,on,hardened,runc,14,contained,693.505,,probe
E9,E_host_kernel_reach,A2_vukzero_no_gvisor,runc-hardened,on,hardened,runc,14,contained,577.422,,probe
E10,E_host_kernel_reach,A2_vukzero_no_gvisor,runc-hardened,on,hardened,runc,14,contained,552.447,,probe
E11,E_host_kernel_reach,A2_vukzero_no_gvisor,runc-hardened,on,hardened,runc,14,succeeded,663.896,,probe
F1,F_rule_tampering,A2_vukzero_no_gvisor,runc-hardened,on,hardened,runc,14,contained,669.412,,probe
F2,F_rule_tampering,A2_vukzero_no_gvisor,runc-hardened,on,hardened,runc,14,contained,675.009,,probe
A1,A_identity_key,A2_vukzero_no_gvisor,runc-hardened,on,hardened,runc,15,contained,740.121,,probe
A2,A_identity_key,A2_vukzero_no_gvisor,runc-hardened,on,hardened,runc,15,contained,796.359,,probe
A3,A_identity_key,A2_vukzero_no_gvisor,runc-hardened,on,hardened,runc,15,contained,724.960,,probe
B1,B_wallet_state,A2_vukzero_no_gvisor,runc-hardened,on,hardened,runc,15,contained,692.133,,probe
B2,B_wallet_state,A2_vukzero_no_gvisor,runc-hardened,on,hardened,runc,15,contained,688.759,,probe
C1,C_log_integrity,A2_vukzero_no_gvisor,runc-hardened,on,hardened,runc,15,contained,713.790,,probe
C2,C_log_integrity,A2_vukzero_no_gvisor,runc-hardened,on,hardened,runc,15,contained,694.333,,probe
C3,C_log_integrity,A2_vukzero_no_gvisor,runc-hardened,on,hardened,runc,15,contained,781.028,,probe
D1,D_network_egress,A2_vukzero_no_gvisor,runc-hardened,on,hardened,runc,15,contained,668.605,,probe
D2,D_network_egress,A2_vukzero_no_gvisor,runc-hardened,on,hardened,runc,15,contained,671.112,,probe
D3,D_network_egress,A2_vukzero_no_gvisor,runc-hardened,on,hardened,runc,15,contained,619.378,,probe
E1,E_host_kernel_reach,A2_vukzero_no_gvisor,runc-hardened,on,hardened,runc,15,contained,736.082,,probe
E2,E_host_kernel_reach,A2_vukzero_no_gvisor,runc-hardened,on,hardened,runc,15,contained,748.300,,probe
E3,E_host_kernel_reach,A2_vukzero_no_gvisor,runc-hardened,on,hardened,runc,15,contained,543.281,,probe
E4,E_host_kernel_reach,A2_vukzero_no_gvisor,runc-hardened,on,hardened,runc,15,contained,684.016,,probe
E5,E_host_kernel_reach,A2_vukzero_no_gvisor,runc-hardened,on,hardened,runc,15,contained,695.155,,probe
E6,E_host_kernel_reach,A2_vukzero_no_gvisor,runc-hardened,on,hardened,runc,15,contained,521.060,,probe
E7,E_host_kernel_reach,A2_vukzero_no_gvisor,runc-hardened,on,hardened,runc,15,contained,509.734,,probe
E8,E_host_kernel_reach,A2_vukzero_no_gvisor,runc-hardened,on,hardened,runc,15,contained,731.341,,probe
E9,E_host_kernel_reach,A2_vukzero_no_gvisor,runc-hardened,on,hardened,runc,15,contained,572.556,,probe
E10,E_host_kernel_reach,A2_vukzero_no_gvisor,runc-hardened,on,hardened,runc,15,contained,526.588,,probe
E11,E_host_kernel_reach,A2_vukzero_no_gvisor,runc-hardened,on,hardened,runc,15,succeeded,663.437,,probe
F1,F_rule_tampering,A2_vukzero_no_gvisor,runc-hardened,on,hardened,runc,15,contained,656.601,,probe
F2,F_rule_tampering,A2_vukzero_no_gvisor,runc-hardened,on,hardened,runc,15,contained,689.497,,probe
A1,A_identity_key,A2_vukzero_no_gvisor,runc-hardened,on,hardened,runc,16,contained,654.214,,probe
A2,A_identity_key,A2_vukzero_no_gvisor,runc-hardened,on,hardened,runc,16,contained,719.318,,probe
A3,A_identity_key,A2_vukzero_no_gvisor,runc-hardened,on,hardened,runc,16,contained,735.535,,probe
B1,B_wallet_state,A2_vukzero_no_gvisor,runc-hardened,on,hardened,runc,16,contained,758.652,,probe
B2,B_wallet_state,A2_vukzero_no_gvisor,runc-hardened,on,hardened,runc,16,contained,702.253,,probe
C1,C_log_integrity,A2_vukzero_no_gvisor,runc-hardened,on,hardened,runc,16,contained,727.076,,probe
C2,C_log_integrity,A2_vukzero_no_gvisor,runc-hardened,on,hardened,runc,16,contained,699.232,,probe
C3,C_log_integrity,A2_vukzero_no_gvisor,runc-hardened,on,hardened,runc,16,contained,687.117,,probe
D1,D_network_egress,A2_vukzero_no_gvisor,runc-hardened,on,hardened,runc,16,contained,734.552,,probe
D2,D_network_egress,A2_vukzero_no_gvisor,runc-hardened,on,hardened,runc,16,contained,623.488,,probe
D3,D_network_egress,A2_vukzero_no_gvisor,runc-hardened,on,hardened,runc,16,contained,587.602,,probe
E1,E_host_kernel_reach,A2_vukzero_no_gvisor,runc-hardened,on,hardened,runc,16,contained,791.630,,probe
E2,E_host_kernel_reach,A2_vukzero_no_gvisor,runc-hardened,on,hardened,runc,16,contained,722.630,,probe
E3,E_host_kernel_reach,A2_vukzero_no_gvisor,runc-hardened,on,hardened,runc,16,contained,561.844,,probe
E4,E_host_kernel_reach,A2_vukzero_no_gvisor,runc-hardened,on,hardened,runc,16,contained,682.732,,probe
E5,E_host_kernel_reach,A2_vukzero_no_gvisor,runc-hardened,on,hardened,runc,16,contained,695.006,,probe
E6,E_host_kernel_reach,A2_vukzero_no_gvisor,runc-hardened,on,hardened,runc,16,contained,560.118,,probe
E7,E_host_kernel_reach,A2_vukzero_no_gvisor,runc-hardened,on,hardened,runc,16,contained,537.903,,probe
E8,E_host_kernel_reach,A2_vukzero_no_gvisor,runc-hardened,on,hardened,runc,16,contained,737.151,,probe
E9,E_host_kernel_reach,A2_vukzero_no_gvisor,runc-hardened,on,hardened,runc,16,contained,592.005,,probe
E10,E_host_kernel_reach,A2_vukzero_no_gvisor,runc-hardened,on,hardened,runc,16,contained,573.413,,probe
E11,E_host_kernel_reach,A2_vukzero_no_gvisor,runc-hardened,on,hardened,runc,16,succeeded,652.061,,probe
F1,F_rule_tampering,A2_vukzero_no_gvisor,runc-hardened,on,hardened,runc,16,contained,684.732,,probe
F2,F_rule_tampering,A2_vukzero_no_gvisor,runc-hardened,on,hardened,runc,16,contained,705.491,,probe
A1,A_identity_key,A2_vukzero_no_gvisor,runc-hardened,on,hardened,runc,17,contained,764.189,,probe
A2,A_identity_key,A2_vukzero_no_gvisor,runc-hardened,on,hardened,runc,17,contained,718.540,,probe
A3,A_identity_key,A2_vukzero_no_gvisor,runc-hardened,on,hardened,runc,17,contained,675.483,,probe
B1,B_wallet_state,A2_vukzero_no_gvisor,runc-hardened,on,hardened,runc,17,contained,724.370,,probe
B2,B_wallet_state,A2_vukzero_no_gvisor,runc-hardened,on,hardened,runc,17,contained,746.467,,probe
C1,C_log_integrity,A2_vukzero_no_gvisor,runc-hardened,on,hardened,runc,17,contained,677.000,,probe
C2,C_log_integrity,A2_vukzero_no_gvisor,runc-hardened,on,hardened,runc,17,contained,673.346,,probe
C3,C_log_integrity,A2_vukzero_no_gvisor,runc-hardened,on,hardened,runc,17,contained,763.356,,probe
D1,D_network_egress,A2_vukzero_no_gvisor,runc-hardened,on,hardened,runc,17,contained,635.787,,probe
D2,D_network_egress,A2_vukzero_no_gvisor,runc-hardened,on,hardened,runc,17,contained,618.029,,probe
D3,D_network_egress,A2_vukzero_no_gvisor,runc-hardened,on,hardened,runc,17,contained,783.336,,probe
E1,E_host_kernel_reach,A2_vukzero_no_gvisor,runc-hardened,on,hardened,runc,17,contained,758.775,,probe
E2,E_host_kernel_reach,A2_vukzero_no_gvisor,runc-hardened,on,hardened,runc,17,contained,779.418,,probe
E3,E_host_kernel_reach,A2_vukzero_no_gvisor,runc-hardened,on,hardened,runc,17,contained,706.810,,probe
E4,E_host_kernel_reach,A2_vukzero_no_gvisor,runc-hardened,on,hardened,runc,17,contained,788.581,,probe
E5,E_host_kernel_reach,A2_vukzero_no_gvisor,runc-hardened,on,hardened,runc,17,contained,774.510,,probe
E6,E_host_kernel_reach,A2_vukzero_no_gvisor,runc-hardened,on,hardened,runc,17,contained,576.158,,probe
E7,E_host_kernel_reach,A2_vukzero_no_gvisor,runc-hardened,on,hardened,runc,17,contained,670.205,,probe
E8,E_host_kernel_reach,A2_vukzero_no_gvisor,runc-hardened,on,hardened,runc,17,contained,754.858,,probe
E9,E_host_kernel_reach,A2_vukzero_no_gvisor,runc-hardened,on,hardened,runc,17,contained,587.760,,probe
E10,E_host_kernel_reach,A2_vukzero_no_gvisor,runc-hardened,on,hardened,runc,17,contained,631.009,,probe
E11,E_host_kernel_reach,A2_vukzero_no_gvisor,runc-hardened,on,hardened,runc,17,succeeded,670.494,,probe
F1,F_rule_tampering,A2_vukzero_no_gvisor,runc-hardened,on,hardened,runc,17,contained,819.999,,probe
F2,F_rule_tampering,A2_vukzero_no_gvisor,runc-hardened,on,hardened,runc,17,contained,723.226,,probe
A1,A_identity_key,A2_vukzero_no_gvisor,runc-hardened,on,hardened,runc,18,contained,768.648,,probe
A2,A_identity_key,A2_vukzero_no_gvisor,runc-hardened,on,hardened,runc,18,contained,838.536,,probe
A3,A_identity_key,A2_vukzero_no_gvisor,runc-hardened,on,hardened,runc,18,contained,686.223,,probe
B1,B_wallet_state,A2_vukzero_no_gvisor,runc-hardened,on,hardened,runc,18,contained,706.704,,probe
B2,B_wallet_state,A2_vukzero_no_gvisor,runc-hardened,on,hardened,runc,18,contained,717.047,,probe
C1,C_log_integrity,A2_vukzero_no_gvisor,runc-hardened,on,hardened,runc,18,contained,720.651,,probe
C2,C_log_integrity,A2_vukzero_no_gvisor,runc-hardened,on,hardened,runc,18,contained,674.482,,probe
C3,C_log_integrity,A2_vukzero_no_gvisor,runc-hardened,on,hardened,runc,18,contained,710.700,,probe
D1,D_network_egress,A2_vukzero_no_gvisor,runc-hardened,on,hardened,runc,18,contained,676.402,,probe
D2,D_network_egress,A2_vukzero_no_gvisor,runc-hardened,on,hardened,runc,18,contained,699.847,,probe
D3,D_network_egress,A2_vukzero_no_gvisor,runc-hardened,on,hardened,runc,18,contained,652.602,,probe
E1,E_host_kernel_reach,A2_vukzero_no_gvisor,runc-hardened,on,hardened,runc,18,contained,788.390,,probe
E2,E_host_kernel_reach,A2_vukzero_no_gvisor,runc-hardened,on,hardened,runc,18,contained,695.663,,probe
E3,E_host_kernel_reach,A2_vukzero_no_gvisor,runc-hardened,on,hardened,runc,18,contained,556.723,,probe
E4,E_host_kernel_reach,A2_vukzero_no_gvisor,runc-hardened,on,hardened,runc,18,contained,743.962,,probe
E5,E_host_kernel_reach,A2_vukzero_no_gvisor,runc-hardened,on,hardened,runc,18,contained,739.129,,probe
E6,E_host_kernel_reach,A2_vukzero_no_gvisor,runc-hardened,on,hardened,runc,18,contained,592.355,,probe
E7,E_host_kernel_reach,A2_vukzero_no_gvisor,runc-hardened,on,hardened,runc,18,contained,541.262,,probe
E8,E_host_kernel_reach,A2_vukzero_no_gvisor,runc-hardened,on,hardened,runc,18,contained,726.101,,probe
E9,E_host_kernel_reach,A2_vukzero_no_gvisor,runc-hardened,on,hardened,runc,18,contained,620.564,,probe
E10,E_host_kernel_reach,A2_vukzero_no_gvisor,runc-hardened,on,hardened,runc,18,contained,611.951,,probe
E11,E_host_kernel_reach,A2_vukzero_no_gvisor,runc-hardened,on,hardened,runc,18,succeeded,599.463,,probe
F1,F_rule_tampering,A2_vukzero_no_gvisor,runc-hardened,on,hardened,runc,18,contained,706.220,,probe
F2,F_rule_tampering,A2_vukzero_no_gvisor,runc-hardened,on,hardened,runc,18,contained,729.715,,probe
A1,A_identity_key,A2_vukzero_no_gvisor,runc-hardened,on,hardened,runc,19,contained,673.389,,probe
A2,A_identity_key,A2_vukzero_no_gvisor,runc-hardened,on,hardened,runc,19,contained,733.367,,probe
A3,A_identity_key,A2_vukzero_no_gvisor,runc-hardened,on,hardened,runc,19,contained,693.647,,probe
B1,B_wallet_state,A2_vukzero_no_gvisor,runc-hardened,on,hardened,runc,19,contained,708.443,,probe
B2,B_wallet_state,A2_vukzero_no_gvisor,runc-hardened,on,hardened,runc,19,contained,691.405,,probe
C1,C_log_integrity,A2_vukzero_no_gvisor,runc-hardened,on,hardened,runc,19,contained,701.866,,probe
C2,C_log_integrity,A2_vukzero_no_gvisor,runc-hardened,on,hardened,runc,19,contained,719.039,,probe
C3,C_log_integrity,A2_vukzero_no_gvisor,runc-hardened,on,hardened,runc,19,contained,688.075,,probe
D1,D_network_egress,A2_vukzero_no_gvisor,runc-hardened,on,hardened,runc,19,contained,696.563,,probe
D2,D_network_egress,A2_vukzero_no_gvisor,runc-hardened,on,hardened,runc,19,contained,618.941,,probe
D3,D_network_egress,A2_vukzero_no_gvisor,runc-hardened,on,hardened,runc,19,contained,628.805,,probe
E1,E_host_kernel_reach,A2_vukzero_no_gvisor,runc-hardened,on,hardened,runc,19,contained,673.693,,probe
E2,E_host_kernel_reach,A2_vukzero_no_gvisor,runc-hardened,on,hardened,runc,19,contained,707.443,,probe
E3,E_host_kernel_reach,A2_vukzero_no_gvisor,runc-hardened,on,hardened,runc,19,contained,566.416,,probe
E4,E_host_kernel_reach,A2_vukzero_no_gvisor,runc-hardened,on,hardened,runc,19,contained,688.519,,probe
E5,E_host_kernel_reach,A2_vukzero_no_gvisor,runc-hardened,on,hardened,runc,19,contained,730.229,,probe
E6,E_host_kernel_reach,A2_vukzero_no_gvisor,runc-hardened,on,hardened,runc,19,contained,564.579,,probe
E7,E_host_kernel_reach,A2_vukzero_no_gvisor,runc-hardened,on,hardened,runc,19,contained,588.511,,probe
E8,E_host_kernel_reach,A2_vukzero_no_gvisor,runc-hardened,on,hardened,runc,19,contained,679.884,,probe
E9,E_host_kernel_reach,A2_vukzero_no_gvisor,runc-hardened,on,hardened,runc,19,contained,602.193,,probe
E10,E_host_kernel_reach,A2_vukzero_no_gvisor,runc-hardened,on,hardened,runc,19,contained,542.714,,probe
E11,E_host_kernel_reach,A2_vukzero_no_gvisor,runc-hardened,on,hardened,runc,19,succeeded,655.064,,probe
F1,F_rule_tampering,A2_vukzero_no_gvisor,runc-hardened,on,hardened,runc,19,contained,722.276,,probe
F2,F_rule_tampering,A2_vukzero_no_gvisor,runc-hardened,on,hardened,runc,19,contained,689.487,,probe
A1,A_identity_key,A2_vukzero_no_gvisor,runc-hardened,on,hardened,runc,20,contained,732.895,,probe
A2,A_identity_key,A2_vukzero_no_gvisor,runc-hardened,on,hardened,runc,20,contained,710.199,,probe
A3,A_identity_key,A2_vukzero_no_gvisor,runc-hardened,on,hardened,runc,20,contained,710.558,,probe
B1,B_wallet_state,A2_vukzero_no_gvisor,runc-hardened,on,hardened,runc,20,contained,688.874,,probe
B2,B_wallet_state,A2_vukzero_no_gvisor,runc-hardened,on,hardened,runc,20,contained,723.667,,probe
C1,C_log_integrity,A2_vukzero_no_gvisor,runc-hardened,on,hardened,runc,20,contained,713.224,,probe
C2,C_log_integrity,A2_vukzero_no_gvisor,runc-hardened,on,hardened,runc,20,contained,707.531,,probe
C3,C_log_integrity,A2_vukzero_no_gvisor,runc-hardened,on,hardened,runc,20,contained,669.778,,probe
D1,D_network_egress,A2_vukzero_no_gvisor,runc-hardened,on,hardened,runc,20,contained,702.456,,probe
D2,D_network_egress,A2_vukzero_no_gvisor,runc-hardened,on,hardened,runc,20,contained,667.411,,probe
D3,D_network_egress,A2_vukzero_no_gvisor,runc-hardened,on,hardened,runc,20,contained,635.522,,probe
E1,E_host_kernel_reach,A2_vukzero_no_gvisor,runc-hardened,on,hardened,runc,20,contained,692.207,,probe
E2,E_host_kernel_reach,A2_vukzero_no_gvisor,runc-hardened,on,hardened,runc,20,contained,696.972,,probe
E3,E_host_kernel_reach,A2_vukzero_no_gvisor,runc-hardened,on,hardened,runc,20,contained,579.498,,probe
E4,E_host_kernel_reach,A2_vukzero_no_gvisor,runc-hardened,on,hardened,runc,20,contained,674.435,,probe
E5,E_host_kernel_reach,A2_vukzero_no_gvisor,runc-hardened,on,hardened,runc,20,contained,740.567,,probe
E6,E_host_kernel_reach,A2_vukzero_no_gvisor,runc-hardened,on,hardened,runc,20,contained,583.444,,probe
E7,E_host_kernel_reach,A2_vukzero_no_gvisor,runc-hardened,on,hardened,runc,20,contained,516.244,,probe
E8,E_host_kernel_reach,A2_vukzero_no_gvisor,runc-hardened,on,hardened,runc,20,contained,692.202,,probe
E9,E_host_kernel_reach,A2_vukzero_no_gvisor,runc-hardened,on,hardened,runc,20,contained,606.043,,probe
E10,E_host_kernel_reach,A2_vukzero_no_gvisor,runc-hardened,on,hardened,runc,20,contained,603.045,,probe
E11,E_host_kernel_reach,A2_vukzero_no_gvisor,runc-hardened,on,hardened,runc,20,succeeded,889.230,,probe
F1,F_rule_tampering,A2_vukzero_no_gvisor,runc-hardened,on,hardened,runc,20,contained,874.944,,probe
F2,F_rule_tampering,A2_vukzero_no_gvisor,runc-hardened,on,hardened,runc,20,contained,777.921,,probe
L1,L_legitimate,A2_vukzero_no_gvisor,runc-hardened,on,hardened,runc,1,succeeded,797.200,,legitimate
L2,L_legitimate,A2_vukzero_no_gvisor,runc-hardened,on,hardened,runc,1,succeeded,4.964,,legitimate
L3,L_legitimate,A2_vukzero_no_gvisor,runc-hardened,on,hardened,runc,1,succeeded,0.087,,legitimate
L4,L_legitimate,A2_vukzero_no_gvisor,runc-hardened,on,hardened,runc,1,succeeded,704.924,,legitimate
A1,A_identity_key,C1_vukzero_gvisor,gvisor,on,hardened,runsc,1,contained,1168.831,,probe
A2,A_identity_key,C1_vukzero_gvisor,gvisor,on,hardened,runsc,1,contained,969.063,,probe
A3,A_identity_key,C1_vukzero_gvisor,gvisor,on,hardened,runsc,1,contained,945.041,,probe
B1,B_wallet_state,C1_vukzero_gvisor,gvisor,on,hardened,runsc,1,contained,942.006,,probe
B2,B_wallet_state,C1_vukzero_gvisor,gvisor,on,hardened,runsc,1,contained,885.974,,probe
C1,C_log_integrity,C1_vukzero_gvisor,gvisor,on,hardened,runsc,1,contained,896.336,,probe
C2,C_log_integrity,C1_vukzero_gvisor,gvisor,on,hardened,runsc,1,contained,867.530,,probe
C3,C_log_integrity,C1_vukzero_gvisor,gvisor,on,hardened,runsc,1,contained,912.634,,probe
D1,D_network_egress,C1_vukzero_gvisor,gvisor,on,hardened,runsc,1,contained,876.381,,probe
D2,D_network_egress,C1_vukzero_gvisor,gvisor,on,hardened,runsc,1,contained,766.799,,probe
D3,D_network_egress,C1_vukzero_gvisor,gvisor,on,hardened,runsc,1,contained,922.913,,probe
E1,E_host_kernel_reach,C1_vukzero_gvisor,gvisor,on,hardened,runsc,1,contained,941.667,,probe
E2,E_host_kernel_reach,C1_vukzero_gvisor,gvisor,on,hardened,runsc,1,contained,924.705,,probe
E3,E_host_kernel_reach,C1_vukzero_gvisor,gvisor,on,hardened,runsc,1,contained,752.767,,probe
E4,E_host_kernel_reach,C1_vukzero_gvisor,gvisor,on,hardened,runsc,1,contained,994.028,,probe
E5,E_host_kernel_reach,C1_vukzero_gvisor,gvisor,on,hardened,runsc,1,contained,955.237,,probe
E6,E_host_kernel_reach,C1_vukzero_gvisor,gvisor,on,hardened,runsc,1,contained,782.892,,probe
E7,E_host_kernel_reach,C1_vukzero_gvisor,gvisor,on,hardened,runsc,1,contained,682.379,,probe
E8,E_host_kernel_reach,C1_vukzero_gvisor,gvisor,on,hardened,runsc,1,contained,824.996,,probe
E9,E_host_kernel_reach,C1_vukzero_gvisor,gvisor,on,hardened,runsc,1,contained,784.706,,probe
E10,E_host_kernel_reach,C1_vukzero_gvisor,gvisor,on,hardened,runsc,1,contained,778.010,,probe
E11,E_host_kernel_reach,C1_vukzero_gvisor,gvisor,on,hardened,runsc,1,contained,921.161,,probe
F1,F_rule_tampering,C1_vukzero_gvisor,gvisor,on,hardened,runsc,1,contained,1000.457,,probe
F2,F_rule_tampering,C1_vukzero_gvisor,gvisor,on,hardened,runsc,1,contained,944.242,,probe
A1,A_identity_key,C1_vukzero_gvisor,gvisor,on,hardened,runsc,2,contained,948.620,,probe
A2,A_identity_key,C1_vukzero_gvisor,gvisor,on,hardened,runsc,2,contained,1079.564,,probe
A3,A_identity_key,C1_vukzero_gvisor,gvisor,on,hardened,runsc,2,contained,998.578,,probe
B1,B_wallet_state,C1_vukzero_gvisor,gvisor,on,hardened,runsc,2,contained,971.084,,probe
B2,B_wallet_state,C1_vukzero_gvisor,gvisor,on,hardened,runsc,2,contained,985.791,,probe
C1,C_log_integrity,C1_vukzero_gvisor,gvisor,on,hardened,runsc,2,contained,950.242,,probe
C2,C_log_integrity,C1_vukzero_gvisor,gvisor,on,hardened,runsc,2,contained,944.034,,probe
C3,C_log_integrity,C1_vukzero_gvisor,gvisor,on,hardened,runsc,2,contained,960.569,,probe
D1,D_network_egress,C1_vukzero_gvisor,gvisor,on,hardened,runsc,2,contained,870.503,,probe
D2,D_network_egress,C1_vukzero_gvisor,gvisor,on,hardened,runsc,2,contained,796.080,,probe
D3,D_network_egress,C1_vukzero_gvisor,gvisor,on,hardened,runsc,2,contained,940.204,,probe
E1,E_host_kernel_reach,C1_vukzero_gvisor,gvisor,on,hardened,runsc,2,contained,887.862,,probe
E2,E_host_kernel_reach,C1_vukzero_gvisor,gvisor,on,hardened,runsc,2,contained,886.169,,probe
E3,E_host_kernel_reach,C1_vukzero_gvisor,gvisor,on,hardened,runsc,2,contained,688.192,,probe
E4,E_host_kernel_reach,C1_vukzero_gvisor,gvisor,on,hardened,runsc,2,contained,936.775,,probe
E5,E_host_kernel_reach,C1_vukzero_gvisor,gvisor,on,hardened,runsc,2,contained,904.693,,probe
E6,E_host_kernel_reach,C1_vukzero_gvisor,gvisor,on,hardened,runsc,2,contained,731.474,,probe
E7,E_host_kernel_reach,C1_vukzero_gvisor,gvisor,on,hardened,runsc,2,contained,743.120,,probe
E8,E_host_kernel_reach,C1_vukzero_gvisor,gvisor,on,hardened,runsc,2,contained,977.676,,probe
E9,E_host_kernel_reach,C1_vukzero_gvisor,gvisor,on,hardened,runsc,2,contained,722.266,,probe
E10,E_host_kernel_reach,C1_vukzero_gvisor,gvisor,on,hardened,runsc,2,contained,736.860,,probe
E11,E_host_kernel_reach,C1_vukzero_gvisor,gvisor,on,hardened,runsc,2,contained,832.035,,probe
F1,F_rule_tampering,C1_vukzero_gvisor,gvisor,on,hardened,runsc,2,contained,893.399,,probe
F2,F_rule_tampering,C1_vukzero_gvisor,gvisor,on,hardened,runsc,2,contained,946.951,,probe
A1,A_identity_key,C1_vukzero_gvisor,gvisor,on,hardened,runsc,3,contained,950.777,,probe
A2,A_identity_key,C1_vukzero_gvisor,gvisor,on,hardened,runsc,3,contained,968.748,,probe
A3,A_identity_key,C1_vukzero_gvisor,gvisor,on,hardened,runsc,3,contained,977.112,,probe
B1,B_wallet_state,C1_vukzero_gvisor,gvisor,on,hardened,runsc,3,contained,923.656,,probe
B2,B_wallet_state,C1_vukzero_gvisor,gvisor,on,hardened,runsc,3,contained,1031.296,,probe
C1,C_log_integrity,C1_vukzero_gvisor,gvisor,on,hardened,runsc,3,contained,1511.710,,probe
C2,C_log_integrity,C1_vukzero_gvisor,gvisor,on,hardened,runsc,3,contained,1010.975,,probe
C3,C_log_integrity,C1_vukzero_gvisor,gvisor,on,hardened,runsc,3,contained,995.007,,probe
D1,D_network_egress,C1_vukzero_gvisor,gvisor,on,hardened,runsc,3,contained,997.814,,probe
D2,D_network_egress,C1_vukzero_gvisor,gvisor,on,hardened,runsc,3,contained,1035.096,,probe
D3,D_network_egress,C1_vukzero_gvisor,gvisor,on,hardened,runsc,3,contained,1198.029,,probe
E1,E_host_kernel_reach,C1_vukzero_gvisor,gvisor,on,hardened,runsc,3,contained,1203.533,,probe
E2,E_host_kernel_reach,C1_vukzero_gvisor,gvisor,on,hardened,runsc,3,contained,978.745,,probe
E3,E_host_kernel_reach,C1_vukzero_gvisor,gvisor,on,hardened,runsc,3,contained,806.737,,probe
E4,E_host_kernel_reach,C1_vukzero_gvisor,gvisor,on,hardened,runsc,3,contained,1071.023,,probe
E5,E_host_kernel_reach,C1_vukzero_gvisor,gvisor,on,hardened,runsc,3,contained,949.360,,probe
E6,E_host_kernel_reach,C1_vukzero_gvisor,gvisor,on,hardened,runsc,3,contained,749.550,,probe
E7,E_host_kernel_reach,C1_vukzero_gvisor,gvisor,on,hardened,runsc,3,contained,795.450,,probe
E8,E_host_kernel_reach,C1_vukzero_gvisor,gvisor,on,hardened,runsc,3,contained,985.300,,probe
E9,E_host_kernel_reach,C1_vukzero_gvisor,gvisor,on,hardened,runsc,3,contained,741.800,,probe
E10,E_host_kernel_reach,C1_vukzero_gvisor,gvisor,on,hardened,runsc,3,contained,742.681,,probe
E11,E_host_kernel_reach,C1_vukzero_gvisor,gvisor,on,hardened,runsc,3,contained,809.118,,probe
F1,F_rule_tampering,C1_vukzero_gvisor,gvisor,on,hardened,runsc,3,contained,901.573,,probe
F2,F_rule_tampering,C1_vukzero_gvisor,gvisor,on,hardened,runsc,3,contained,948.619,,probe
A1,A_identity_key,C1_vukzero_gvisor,gvisor,on,hardened,runsc,4,contained,988.336,,probe
A2,A_identity_key,C1_vukzero_gvisor,gvisor,on,hardened,runsc,4,contained,873.565,,probe
A3,A_identity_key,C1_vukzero_gvisor,gvisor,on,hardened,runsc,4,contained,1007.077,,probe
B1,B_wallet_state,C1_vukzero_gvisor,gvisor,on,hardened,runsc,4,contained,1002.697,,probe
B2,B_wallet_state,C1_vukzero_gvisor,gvisor,on,hardened,runsc,4,contained,905.931,,probe
C1,C_log_integrity,C1_vukzero_gvisor,gvisor,on,hardened,runsc,4,contained,984.073,,probe
C2,C_log_integrity,C1_vukzero_gvisor,gvisor,on,hardened,runsc,4,contained,1026.128,,probe
C3,C_log_integrity,C1_vukzero_gvisor,gvisor,on,hardened,runsc,4,contained,866.250,,probe
D1,D_network_egress,C1_vukzero_gvisor,gvisor,on,hardened,runsc,4,contained,918.825,,probe
D2,D_network_egress,C1_vukzero_gvisor,gvisor,on,hardened,runsc,4,contained,817.007,,probe
D3,D_network_egress,C1_vukzero_gvisor,gvisor,on,hardened,runsc,4,contained,870.794,,probe
E1,E_host_kernel_reach,C1_vukzero_gvisor,gvisor,on,hardened,runsc,4,contained,987.291,,probe
E2,E_host_kernel_reach,C1_vukzero_gvisor,gvisor,on,hardened,runsc,4,contained,910.232,,probe
E3,E_host_kernel_reach,C1_vukzero_gvisor,gvisor,on,hardened,runsc,4,contained,731.100,,probe
E4,E_host_kernel_reach,C1_vukzero_gvisor,gvisor,on,hardened,runsc,4,contained,887.932,,probe
E5,E_host_kernel_reach,C1_vukzero_gvisor,gvisor,on,hardened,runsc,4,contained,920.939,,probe
E6,E_host_kernel_reach,C1_vukzero_gvisor,gvisor,on,hardened,runsc,4,contained,752.896,,probe
E7,E_host_kernel_reach,C1_vukzero_gvisor,gvisor,on,hardened,runsc,4,contained,707.312,,probe
E8,E_host_kernel_reach,C1_vukzero_gvisor,gvisor,on,hardened,runsc,4,contained,933.294,,probe
E9,E_host_kernel_reach,C1_vukzero_gvisor,gvisor,on,hardened,runsc,4,contained,762.764,,probe
E10,E_host_kernel_reach,C1_vukzero_gvisor,gvisor,on,hardened,runsc,4,contained,711.608,,probe
E11,E_host_kernel_reach,C1_vukzero_gvisor,gvisor,on,hardened,runsc,4,contained,961.715,,probe
F1,F_rule_tampering,C1_vukzero_gvisor,gvisor,on,hardened,runsc,4,contained,956.197,,probe
F2,F_rule_tampering,C1_vukzero_gvisor,gvisor,on,hardened,runsc,4,contained,942.168,,probe
A1,A_identity_key,C1_vukzero_gvisor,gvisor,on,hardened,runsc,5,contained,887.493,,probe
A2,A_identity_key,C1_vukzero_gvisor,gvisor,on,hardened,runsc,5,contained,978.245,,probe
A3,A_identity_key,C1_vukzero_gvisor,gvisor,on,hardened,runsc,5,contained,1096.245,,probe
B1,B_wallet_state,C1_vukzero_gvisor,gvisor,on,hardened,runsc,5,contained,947.134,,probe
B2,B_wallet_state,C1_vukzero_gvisor,gvisor,on,hardened,runsc,5,contained,930.323,,probe
C1,C_log_integrity,C1_vukzero_gvisor,gvisor,on,hardened,runsc,5,contained,897.462,,probe
C2,C_log_integrity,C1_vukzero_gvisor,gvisor,on,hardened,runsc,5,contained,955.950,,probe
C3,C_log_integrity,C1_vukzero_gvisor,gvisor,on,hardened,runsc,5,contained,963.472,,probe
D1,D_network_egress,C1_vukzero_gvisor,gvisor,on,hardened,runsc,5,contained,955.409,,probe
D2,D_network_egress,C1_vukzero_gvisor,gvisor,on,hardened,runsc,5,contained,936.428,,probe
D3,D_network_egress,C1_vukzero_gvisor,gvisor,on,hardened,runsc,5,contained,952.554,,probe
E1,E_host_kernel_reach,C1_vukzero_gvisor,gvisor,on,hardened,runsc,5,contained,931.121,,probe
E2,E_host_kernel_reach,C1_vukzero_gvisor,gvisor,on,hardened,runsc,5,contained,914.050,,probe
E3,E_host_kernel_reach,C1_vukzero_gvisor,gvisor,on,hardened,runsc,5,contained,721.855,,probe
E4,E_host_kernel_reach,C1_vukzero_gvisor,gvisor,on,hardened,runsc,5,contained,863.572,,probe
E5,E_host_kernel_reach,C1_vukzero_gvisor,gvisor,on,hardened,runsc,5,contained,911.286,,probe
E6,E_host_kernel_reach,C1_vukzero_gvisor,gvisor,on,hardened,runsc,5,contained,754.067,,probe
E7,E_host_kernel_reach,C1_vukzero_gvisor,gvisor,on,hardened,runsc,5,contained,802.965,,probe
E8,E_host_kernel_reach,C1_vukzero_gvisor,gvisor,on,hardened,runsc,5,contained,939.909,,probe
E9,E_host_kernel_reach,C1_vukzero_gvisor,gvisor,on,hardened,runsc,5,contained,739.384,,probe
E10,E_host_kernel_reach,C1_vukzero_gvisor,gvisor,on,hardened,runsc,5,contained,791.322,,probe
E11,E_host_kernel_reach,C1_vukzero_gvisor,gvisor,on,hardened,runsc,5,contained,902.723,,probe
F1,F_rule_tampering,C1_vukzero_gvisor,gvisor,on,hardened,runsc,5,contained,1024.654,,probe
F2,F_rule_tampering,C1_vukzero_gvisor,gvisor,on,hardened,runsc,5,contained,932.170,,probe
A1,A_identity_key,C1_vukzero_gvisor,gvisor,on,hardened,runsc,6,contained,1025.011,,probe
A2,A_identity_key,C1_vukzero_gvisor,gvisor,on,hardened,runsc,6,contained,1150.024,,probe
A3,A_identity_key,C1_vukzero_gvisor,gvisor,on,hardened,runsc,6,contained,1029.810,,probe
B1,B_wallet_state,C1_vukzero_gvisor,gvisor,on,hardened,runsc,6,contained,938.092,,probe
B2,B_wallet_state,C1_vukzero_gvisor,gvisor,on,hardened,runsc,6,contained,961.067,,probe
C1,C_log_integrity,C1_vukzero_gvisor,gvisor,on,hardened,runsc,6,contained,966.937,,probe
C2,C_log_integrity,C1_vukzero_gvisor,gvisor,on,hardened,runsc,6,contained,1040.073,,probe
C3,C_log_integrity,C1_vukzero_gvisor,gvisor,on,hardened,runsc,6,contained,1039.590,,probe
D1,D_network_egress,C1_vukzero_gvisor,gvisor,on,hardened,runsc,6,contained,935.606,,probe
D2,D_network_egress,C1_vukzero_gvisor,gvisor,on,hardened,runsc,6,contained,814.510,,probe
D3,D_network_egress,C1_vukzero_gvisor,gvisor,on,hardened,runsc,6,contained,880.032,,probe
E1,E_host_kernel_reach,C1_vukzero_gvisor,gvisor,on,hardened,runsc,6,contained,938.814,,probe
E2,E_host_kernel_reach,C1_vukzero_gvisor,gvisor,on,hardened,runsc,6,contained,858.292,,probe
E3,E_host_kernel_reach,C1_vukzero_gvisor,gvisor,on,hardened,runsc,6,contained,678.273,,probe
E4,E_host_kernel_reach,C1_vukzero_gvisor,gvisor,on,hardened,runsc,6,contained,860.496,,probe
E5,E_host_kernel_reach,C1_vukzero_gvisor,gvisor,on,hardened,runsc,6,contained,949.342,,probe
E6,E_host_kernel_reach,C1_vukzero_gvisor,gvisor,on,hardened,runsc,6,contained,748.824,,probe
E7,E_host_kernel_reach,C1_vukzero_gvisor,gvisor,on,hardened,runsc,6,contained,751.206,,probe
E8,E_host_kernel_reach,C1_vukzero_gvisor,gvisor,on,hardened,runsc,6,contained,853.963,,probe
E9,E_host_kernel_reach,C1_vukzero_gvisor,gvisor,on,hardened,runsc,6,contained,700.459,,probe
E10,E_host_kernel_reach,C1_vukzero_gvisor,gvisor,on,hardened,runsc,6,contained,670.697,,probe
E11,E_host_kernel_reach,C1_vukzero_gvisor,gvisor,on,hardened,runsc,6,contained,917.403,,probe
F1,F_rule_tampering,C1_vukzero_gvisor,gvisor,on,hardened,runsc,6,contained,880.205,,probe
F2,F_rule_tampering,C1_vukzero_gvisor,gvisor,on,hardened,runsc,6,contained,951.309,,probe
A1,A_identity_key,C1_vukzero_gvisor,gvisor,on,hardened,runsc,7,contained,934.263,,probe
A2,A_identity_key,C1_vukzero_gvisor,gvisor,on,hardened,runsc,7,contained,992.358,,probe
A3,A_identity_key,C1_vukzero_gvisor,gvisor,on,hardened,runsc,7,contained,960.567,,probe
B1,B_wallet_state,C1_vukzero_gvisor,gvisor,on,hardened,runsc,7,contained,869.024,,probe
B2,B_wallet_state,C1_vukzero_gvisor,gvisor,on,hardened,runsc,7,contained,899.058,,probe
C1,C_log_integrity,C1_vukzero_gvisor,gvisor,on,hardened,runsc,7,contained,946.290,,probe
C2,C_log_integrity,C1_vukzero_gvisor,gvisor,on,hardened,runsc,7,contained,920.558,,probe
C3,C_log_integrity,C1_vukzero_gvisor,gvisor,on,hardened,runsc,7,contained,985.232,,probe
D1,D_network_egress,C1_vukzero_gvisor,gvisor,on,hardened,runsc,7,contained,946.080,,probe
D2,D_network_egress,C1_vukzero_gvisor,gvisor,on,hardened,runsc,7,contained,800.094,,probe
D3,D_network_egress,C1_vukzero_gvisor,gvisor,on,hardened,runsc,7,contained,859.472,,probe
E1,E_host_kernel_reach,C1_vukzero_gvisor,gvisor,on,hardened,runsc,7,contained,860.829,,probe
E2,E_host_kernel_reach,C1_vukzero_gvisor,gvisor,on,hardened,runsc,7,contained,976.073,,probe
E3,E_host_kernel_reach,C1_vukzero_gvisor,gvisor,on,hardened,runsc,7,contained,712.061,,probe
E4,E_host_kernel_reach,C1_vukzero_gvisor,gvisor,on,hardened,runsc,7,contained,926.039,,probe
E5,E_host_kernel_reach,C1_vukzero_gvisor,gvisor,on,hardened,runsc,7,contained,902.829,,probe
E6,E_host_kernel_reach,C1_vukzero_gvisor,gvisor,on,hardened,runsc,7,contained,735.178,,probe
E7,E_host_kernel_reach,C1_vukzero_gvisor,gvisor,on,hardened,runsc,7,contained,716.493,,probe
E8,E_host_kernel_reach,C1_vukzero_gvisor,gvisor,on,hardened,runsc,7,contained,944.631,,probe
E9,E_host_kernel_reach,C1_vukzero_gvisor,gvisor,on,hardened,runsc,7,contained,701.407,,probe
E10,E_host_kernel_reach,C1_vukzero_gvisor,gvisor,on,hardened,runsc,7,contained,711.465,,probe
E11,E_host_kernel_reach,C1_vukzero_gvisor,gvisor,on,hardened,runsc,7,contained,797.426,,probe
F1,F_rule_tampering,C1_vukzero_gvisor,gvisor,on,hardened,runsc,7,contained,885.357,,probe
F2,F_rule_tampering,C1_vukzero_gvisor,gvisor,on,hardened,runsc,7,contained,908.735,,probe
A1,A_identity_key,C1_vukzero_gvisor,gvisor,on,hardened,runsc,8,contained,878.959,,probe
A2,A_identity_key,C1_vukzero_gvisor,gvisor,on,hardened,runsc,8,contained,940.763,,probe
A3,A_identity_key,C1_vukzero_gvisor,gvisor,on,hardened,runsc,8,contained,898.104,,probe
B1,B_wallet_state,C1_vukzero_gvisor,gvisor,on,hardened,runsc,8,contained,821.291,,probe
B2,B_wallet_state,C1_vukzero_gvisor,gvisor,on,hardened,runsc,8,contained,873.827,,probe
C1,C_log_integrity,C1_vukzero_gvisor,gvisor,on,hardened,runsc,8,contained,1035.882,,probe
C2,C_log_integrity,C1_vukzero_gvisor,gvisor,on,hardened,runsc,8,contained,925.790,,probe
C3,C_log_integrity,C1_vukzero_gvisor,gvisor,on,hardened,runsc,8,contained,923.797,,probe
D1,D_network_egress,C1_vukzero_gvisor,gvisor,on,hardened,runsc,8,contained,895.416,,probe
D2,D_network_egress,C1_vukzero_gvisor,gvisor,on,hardened,runsc,8,contained,878.699,,probe
D3,D_network_egress,C1_vukzero_gvisor,gvisor,on,hardened,runsc,8,contained,984.542,,probe
E1,E_host_kernel_reach,C1_vukzero_gvisor,gvisor,on,hardened,runsc,8,contained,961.323,,probe
E2,E_host_kernel_reach,C1_vukzero_gvisor,gvisor,on,hardened,runsc,8,contained,1165.617,,probe
E3,E_host_kernel_reach,C1_vukzero_gvisor,gvisor,on,hardened,runsc,8,contained,773.937,,probe
E4,E_host_kernel_reach,C1_vukzero_gvisor,gvisor,on,hardened,runsc,8,contained,952.548,,probe
E5,E_host_kernel_reach,C1_vukzero_gvisor,gvisor,on,hardened,runsc,8,contained,1016.014,,probe
E6,E_host_kernel_reach,C1_vukzero_gvisor,gvisor,on,hardened,runsc,8,contained,810.655,,probe
E7,E_host_kernel_reach,C1_vukzero_gvisor,gvisor,on,hardened,runsc,8,contained,717.988,,probe
E8,E_host_kernel_reach,C1_vukzero_gvisor,gvisor,on,hardened,runsc,8,contained,983.652,,probe
E9,E_host_kernel_reach,C1_vukzero_gvisor,gvisor,on,hardened,runsc,8,contained,935.906,,probe
E10,E_host_kernel_reach,C1_vukzero_gvisor,gvisor,on,hardened,runsc,8,contained,744.240,,probe
E11,E_host_kernel_reach,C1_vukzero_gvisor,gvisor,on,hardened,runsc,8,contained,858.961,,probe
F1,F_rule_tampering,C1_vukzero_gvisor,gvisor,on,hardened,runsc,8,contained,943.526,,probe
F2,F_rule_tampering,C1_vukzero_gvisor,gvisor,on,hardened,runsc,8,contained,893.744,,probe
A1,A_identity_key,C1_vukzero_gvisor,gvisor,on,hardened,runsc,9,contained,894.406,,probe
A2,A_identity_key,C1_vukzero_gvisor,gvisor,on,hardened,runsc,9,contained,965.513,,probe
A3,A_identity_key,C1_vukzero_gvisor,gvisor,on,hardened,runsc,9,contained,941.853,,probe
B1,B_wallet_state,C1_vukzero_gvisor,gvisor,on,hardened,runsc,9,contained,937.307,,probe
B2,B_wallet_state,C1_vukzero_gvisor,gvisor,on,hardened,runsc,9,contained,960.337,,probe
C1,C_log_integrity,C1_vukzero_gvisor,gvisor,on,hardened,runsc,9,contained,896.893,,probe
C2,C_log_integrity,C1_vukzero_gvisor,gvisor,on,hardened,runsc,9,contained,928.831,,probe
C3,C_log_integrity,C1_vukzero_gvisor,gvisor,on,hardened,runsc,9,contained,859.210,,probe
D1,D_network_egress,C1_vukzero_gvisor,gvisor,on,hardened,runsc,9,contained,876.165,,probe
D2,D_network_egress,C1_vukzero_gvisor,gvisor,on,hardened,runsc,9,contained,829.650,,probe
D3,D_network_egress,C1_vukzero_gvisor,gvisor,on,hardened,runsc,9,contained,917.905,,probe
E1,E_host_kernel_reach,C1_vukzero_gvisor,gvisor,on,hardened,runsc,9,contained,822.533,,probe
E2,E_host_kernel_reach,C1_vukzero_gvisor,gvisor,on,hardened,runsc,9,contained,1060.463,,probe
E3,E_host_kernel_reach,C1_vukzero_gvisor,gvisor,on,hardened,runsc,9,contained,723.031,,probe
E4,E_host_kernel_reach,C1_vukzero_gvisor,gvisor,on,hardened,runsc,9,contained,903.766,,probe
E5,E_host_kernel_reach,C1_vukzero_gvisor,gvisor,on,hardened,runsc,9,contained,903.929,,probe
E6,E_host_kernel_reach,C1_vukzero_gvisor,gvisor,on,hardened,runsc,9,contained,761.883,,probe
E7,E_host_kernel_reach,C1_vukzero_gvisor,gvisor,on,hardened,runsc,9,contained,692.203,,probe
E8,E_host_kernel_reach,C1_vukzero_gvisor,gvisor,on,hardened,runsc,9,contained,953.153,,probe
E9,E_host_kernel_reach,C1_vukzero_gvisor,gvisor,on,hardened,runsc,9,contained,816.508,,probe
E10,E_host_kernel_reach,C1_vukzero_gvisor,gvisor,on,hardened,runsc,9,contained,843.490,,probe
E11,E_host_kernel_reach,C1_vukzero_gvisor,gvisor,on,hardened,runsc,9,contained,880.689,,probe
F1,F_rule_tampering,C1_vukzero_gvisor,gvisor,on,hardened,runsc,9,contained,951.731,,probe
F2,F_rule_tampering,C1_vukzero_gvisor,gvisor,on,hardened,runsc,9,contained,852.235,,probe
A1,A_identity_key,C1_vukzero_gvisor,gvisor,on,hardened,runsc,10,contained,898.820,,probe
A2,A_identity_key,C1_vukzero_gvisor,gvisor,on,hardened,runsc,10,contained,1018.844,,probe
A3,A_identity_key,C1_vukzero_gvisor,gvisor,on,hardened,runsc,10,contained,1019.040,,probe
B1,B_wallet_state,C1_vukzero_gvisor,gvisor,on,hardened,runsc,10,contained,929.745,,probe
B2,B_wallet_state,C1_vukzero_gvisor,gvisor,on,hardened,runsc,10,contained,878.053,,probe
C1,C_log_integrity,C1_vukzero_gvisor,gvisor,on,hardened,runsc,10,contained,894.154,,probe
C2,C_log_integrity,C1_vukzero_gvisor,gvisor,on,hardened,runsc,10,contained,928.982,,probe
C3,C_log_integrity,C1_vukzero_gvisor,gvisor,on,hardened,runsc,10,contained,939.564,,probe
D1,D_network_egress,C1_vukzero_gvisor,gvisor,on,hardened,runsc,10,contained,813.096,,probe
D2,D_network_egress,C1_vukzero_gvisor,gvisor,on,hardened,runsc,10,contained,848.506,,probe
D3,D_network_egress,C1_vukzero_gvisor,gvisor,on,hardened,runsc,10,contained,866.210,,probe
E1,E_host_kernel_reach,C1_vukzero_gvisor,gvisor,on,hardened,runsc,10,contained,917.207,,probe
E2,E_host_kernel_reach,C1_vukzero_gvisor,gvisor,on,hardened,runsc,10,contained,889.361,,probe
E3,E_host_kernel_reach,C1_vukzero_gvisor,gvisor,on,hardened,runsc,10,contained,779.823,,probe
E4,E_host_kernel_reach,C1_vukzero_gvisor,gvisor,on,hardened,runsc,10,contained,900.163,,probe
E5,E_host_kernel_reach,C1_vukzero_gvisor,gvisor,on,hardened,runsc,10,contained,937.023,,probe
E6,E_host_kernel_reach,C1_vukzero_gvisor,gvisor,on,hardened,runsc,10,contained,766.340,,probe
E7,E_host_kernel_reach,C1_vukzero_gvisor,gvisor,on,hardened,runsc,10,contained,701.041,,probe
E8,E_host_kernel_reach,C1_vukzero_gvisor,gvisor,on,hardened,runsc,10,contained,849.304,,probe
E9,E_host_kernel_reach,C1_vukzero_gvisor,gvisor,on,hardened,runsc,10,contained,734.066,,probe
E10,E_host_kernel_reach,C1_vukzero_gvisor,gvisor,on,hardened,runsc,10,contained,724.345,,probe
E11,E_host_kernel_reach,C1_vukzero_gvisor,gvisor,on,hardened,runsc,10,contained,881.551,,probe
F1,F_rule_tampering,C1_vukzero_gvisor,gvisor,on,hardened,runsc,10,contained,975.336,,probe
F2,F_rule_tampering,C1_vukzero_gvisor,gvisor,on,hardened,runsc,10,contained,948.158,,probe
A1,A_identity_key,C1_vukzero_gvisor,gvisor,on,hardened,runsc,11,contained,924.251,,probe
A2,A_identity_key,C1_vukzero_gvisor,gvisor,on,hardened,runsc,11,contained,915.125,,probe
A3,A_identity_key,C1_vukzero_gvisor,gvisor,on,hardened,runsc,11,contained,891.334,,probe
B1,B_wallet_state,C1_vukzero_gvisor,gvisor,on,hardened,runsc,11,contained,926.684,,probe
B2,B_wallet_state,C1_vukzero_gvisor,gvisor,on,hardened,runsc,11,contained,941.351,,probe
C1,C_log_integrity,C1_vukzero_gvisor,gvisor,on,hardened,runsc,11,contained,1082.860,,probe
C2,C_log_integrity,C1_vukzero_gvisor,gvisor,on,hardened,runsc,11,contained,1098.033,,probe
C3,C_log_integrity,C1_vukzero_gvisor,gvisor,on,hardened,runsc,11,contained,1139.214,,probe
D1,D_network_egress,C1_vukzero_gvisor,gvisor,on,hardened,runsc,11,contained,1061.321,,probe
D2,D_network_egress,C1_vukzero_gvisor,gvisor,on,hardened,runsc,11,contained,906.450,,probe
D3,D_network_egress,C1_vukzero_gvisor,gvisor,on,hardened,runsc,11,contained,886.888,,probe
E1,E_host_kernel_reach,C1_vukzero_gvisor,gvisor,on,hardened,runsc,11,contained,1036.859,,probe
E2,E_host_kernel_reach,C1_vukzero_gvisor,gvisor,on,hardened,runsc,11,contained,998.447,,probe
E3,E_host_kernel_reach,C1_vukzero_gvisor,gvisor,on,hardened,runsc,11,contained,774.300,,probe
E4,E_host_kernel_reach,C1_vukzero_gvisor,gvisor,on,hardened,runsc,11,contained,1002.794,,probe
E5,E_host_kernel_reach,C1_vukzero_gvisor,gvisor,on,hardened,runsc,11,contained,1033.987,,probe
E6,E_host_kernel_reach,C1_vukzero_gvisor,gvisor,on,hardened,runsc,11,contained,776.350,,probe
E7,E_host_kernel_reach,C1_vukzero_gvisor,gvisor,on,hardened,runsc,11,contained,724.724,,probe
E8,E_host_kernel_reach,C1_vukzero_gvisor,gvisor,on,hardened,runsc,11,contained,960.811,,probe
E9,E_host_kernel_reach,C1_vukzero_gvisor,gvisor,on,hardened,runsc,11,contained,741.733,,probe
E10,E_host_kernel_reach,C1_vukzero_gvisor,gvisor,on,hardened,runsc,11,contained,677.474,,probe
E11,E_host_kernel_reach,C1_vukzero_gvisor,gvisor,on,hardened,runsc,11,contained,884.519,,probe
F1,F_rule_tampering,C1_vukzero_gvisor,gvisor,on,hardened,runsc,11,contained,908.458,,probe
F2,F_rule_tampering,C1_vukzero_gvisor,gvisor,on,hardened,runsc,11,contained,886.307,,probe
A1,A_identity_key,C1_vukzero_gvisor,gvisor,on,hardened,runsc,12,contained,922.872,,probe
A2,A_identity_key,C1_vukzero_gvisor,gvisor,on,hardened,runsc,12,contained,965.986,,probe
A3,A_identity_key,C1_vukzero_gvisor,gvisor,on,hardened,runsc,12,contained,951.392,,probe
B1,B_wallet_state,C1_vukzero_gvisor,gvisor,on,hardened,runsc,12,contained,954.246,,probe
B2,B_wallet_state,C1_vukzero_gvisor,gvisor,on,hardened,runsc,12,contained,847.140,,probe
C1,C_log_integrity,C1_vukzero_gvisor,gvisor,on,hardened,runsc,12,contained,944.662,,probe
C2,C_log_integrity,C1_vukzero_gvisor,gvisor,on,hardened,runsc,12,contained,880.033,,probe
C3,C_log_integrity,C1_vukzero_gvisor,gvisor,on,hardened,runsc,12,contained,920.217,,probe
D1,D_network_egress,C1_vukzero_gvisor,gvisor,on,hardened,runsc,12,contained,858.988,,probe
D2,D_network_egress,C1_vukzero_gvisor,gvisor,on,hardened,runsc,12,contained,821.179,,probe
D3,D_network_egress,C1_vukzero_gvisor,gvisor,on,hardened,runsc,12,contained,796.780,,probe
E1,E_host_kernel_reach,C1_vukzero_gvisor,gvisor,on,hardened,runsc,12,contained,918.203,,probe
E2,E_host_kernel_reach,C1_vukzero_gvisor,gvisor,on,hardened,runsc,12,contained,963.340,,probe
E3,E_host_kernel_reach,C1_vukzero_gvisor,gvisor,on,hardened,runsc,12,contained,688.911,,probe
E4,E_host_kernel_reach,C1_vukzero_gvisor,gvisor,on,hardened,runsc,12,contained,868.259,,probe
E5,E_host_kernel_reach,C1_vukzero_gvisor,gvisor,on,hardened,runsc,12,contained,966.849,,probe
E6,E_host_kernel_reach,C1_vukzero_gvisor,gvisor,on,hardened,runsc,12,contained,766.744,,probe
E7,E_host_kernel_reach,C1_vukzero_gvisor,gvisor,on,hardened,runsc,12,contained,702.342,,probe
E8,E_host_kernel_reach,C1_vukzero_gvisor,gvisor,on,hardened,runsc,12,contained,865.592,,probe
E9,E_host_kernel_reach,C1_vukzero_gvisor,gvisor,on,hardened,runsc,12,contained,769.465,,probe
E10,E_host_kernel_reach,C1_vukzero_gvisor,gvisor,on,hardened,runsc,12,contained,798.926,,probe
E11,E_host_kernel_reach,C1_vukzero_gvisor,gvisor,on,hardened,runsc,12,contained,859.531,,probe
F1,F_rule_tampering,C1_vukzero_gvisor,gvisor,on,hardened,runsc,12,contained,826.088,,probe
F2,F_rule_tampering,C1_vukzero_gvisor,gvisor,on,hardened,runsc,12,contained,868.298,,probe
A1,A_identity_key,C1_vukzero_gvisor,gvisor,on,hardened,runsc,13,contained,821.288,,probe
A2,A_identity_key,C1_vukzero_gvisor,gvisor,on,hardened,runsc,13,contained,968.889,,probe
A3,A_identity_key,C1_vukzero_gvisor,gvisor,on,hardened,runsc,13,contained,962.796,,probe
B1,B_wallet_state,C1_vukzero_gvisor,gvisor,on,hardened,runsc,13,contained,1007.891,,probe
B2,B_wallet_state,C1_vukzero_gvisor,gvisor,on,hardened,runsc,13,contained,1003.121,,probe
C1,C_log_integrity,C1_vukzero_gvisor,gvisor,on,hardened,runsc,13,contained,905.370,,probe
C2,C_log_integrity,C1_vukzero_gvisor,gvisor,on,hardened,runsc,13,contained,954.667,,probe
C3,C_log_integrity,C1_vukzero_gvisor,gvisor,on,hardened,runsc,13,contained,920.253,,probe
D1,D_network_egress,C1_vukzero_gvisor,gvisor,on,hardened,runsc,13,contained,906.810,,probe
D2,D_network_egress,C1_vukzero_gvisor,gvisor,on,hardened,runsc,13,contained,886.018,,probe
D3,D_network_egress,C1_vukzero_gvisor,gvisor,on,hardened,runsc,13,contained,864.039,,probe
E1,E_host_kernel_reach,C1_vukzero_gvisor,gvisor,on,hardened,runsc,13,contained,904.246,,probe
E2,E_host_kernel_reach,C1_vukzero_gvisor,gvisor,on,hardened,runsc,13,contained,910.395,,probe
E3,E_host_kernel_reach,C1_vukzero_gvisor,gvisor,on,hardened,runsc,13,contained,706.713,,probe
E4,E_host_kernel_reach,C1_vukzero_gvisor,gvisor,on,hardened,runsc,13,contained,852.970,,probe
E5,E_host_kernel_reach,C1_vukzero_gvisor,gvisor,on,hardened,runsc,13,contained,921.750,,probe
E6,E_host_kernel_reach,C1_vukzero_gvisor,gvisor,on,hardened,runsc,13,contained,735.045,,probe
E7,E_host_kernel_reach,C1_vukzero_gvisor,gvisor,on,hardened,runsc,13,contained,700.726,,probe
E8,E_host_kernel_reach,C1_vukzero_gvisor,gvisor,on,hardened,runsc,13,contained,851.048,,probe
E9,E_host_kernel_reach,C1_vukzero_gvisor,gvisor,on,hardened,runsc,13,contained,743.830,,probe
E10,E_host_kernel_reach,C1_vukzero_gvisor,gvisor,on,hardened,runsc,13,contained,747.021,,probe
E11,E_host_kernel_reach,C1_vukzero_gvisor,gvisor,on,hardened,runsc,13,contained,909.540,,probe
F1,F_rule_tampering,C1_vukzero_gvisor,gvisor,on,hardened,runsc,13,contained,1336.389,,probe
F2,F_rule_tampering,C1_vukzero_gvisor,gvisor,on,hardened,runsc,13,contained,942.204,,probe
A1,A_identity_key,C1_vukzero_gvisor,gvisor,on,hardened,runsc,14,contained,1003.700,,probe
A2,A_identity_key,C1_vukzero_gvisor,gvisor,on,hardened,runsc,14,contained,1010.948,,probe
A3,A_identity_key,C1_vukzero_gvisor,gvisor,on,hardened,runsc,14,contained,1050.104,,probe
B1,B_wallet_state,C1_vukzero_gvisor,gvisor,on,hardened,runsc,14,contained,995.317,,probe
B2,B_wallet_state,C1_vukzero_gvisor,gvisor,on,hardened,runsc,14,contained,1043.551,,probe
C1,C_log_integrity,C1_vukzero_gvisor,gvisor,on,hardened,runsc,14,contained,959.567,,probe
C2,C_log_integrity,C1_vukzero_gvisor,gvisor,on,hardened,runsc,14,contained,1264.706,,probe
C3,C_log_integrity,C1_vukzero_gvisor,gvisor,on,hardened,runsc,14,contained,1046.636,,probe
D1,D_network_egress,C1_vukzero_gvisor,gvisor,on,hardened,runsc,14,contained,1000.229,,probe
D2,D_network_egress,C1_vukzero_gvisor,gvisor,on,hardened,runsc,14,contained,910.691,,probe
D3,D_network_egress,C1_vukzero_gvisor,gvisor,on,hardened,runsc,14,contained,841.864,,probe
E1,E_host_kernel_reach,C1_vukzero_gvisor,gvisor,on,hardened,runsc,14,contained,934.933,,probe
E2,E_host_kernel_reach,C1_vukzero_gvisor,gvisor,on,hardened,runsc,14,contained,906.486,,probe
E3,E_host_kernel_reach,C1_vukzero_gvisor,gvisor,on,hardened,runsc,14,contained,719.070,,probe
E4,E_host_kernel_reach,C1_vukzero_gvisor,gvisor,on,hardened,runsc,14,contained,860.046,,probe
E5,E_host_kernel_reach,C1_vukzero_gvisor,gvisor,on,hardened,runsc,14,contained,841.844,,probe
E6,E_host_kernel_reach,C1_vukzero_gvisor,gvisor,on,hardened,runsc,14,contained,783.916,,probe
E7,E_host_kernel_reach,C1_vukzero_gvisor,gvisor,on,hardened,runsc,14,contained,762.104,,probe
E8,E_host_kernel_reach,C1_vukzero_gvisor,gvisor,on,hardened,runsc,14,contained,882.637,,probe
E9,E_host_kernel_reach,C1_vukzero_gvisor,gvisor,on,hardened,runsc,14,contained,689.830,,probe
E10,E_host_kernel_reach,C1_vukzero_gvisor,gvisor,on,hardened,runsc,14,contained,664.326,,probe
E11,E_host_kernel_reach,C1_vukzero_gvisor,gvisor,on,hardened,runsc,14,contained,771.749,,probe
F1,F_rule_tampering,C1_vukzero_gvisor,gvisor,on,hardened,runsc,14,contained,964.751,,probe
F2,F_rule_tampering,C1_vukzero_gvisor,gvisor,on,hardened,runsc,14,contained,888.263,,probe
A1,A_identity_key,C1_vukzero_gvisor,gvisor,on,hardened,runsc,15,contained,978.302,,probe
A2,A_identity_key,C1_vukzero_gvisor,gvisor,on,hardened,runsc,15,contained,992.722,,probe
A3,A_identity_key,C1_vukzero_gvisor,gvisor,on,hardened,runsc,15,contained,991.461,,probe
B1,B_wallet_state,C1_vukzero_gvisor,gvisor,on,hardened,runsc,15,contained,906.077,,probe
B2,B_wallet_state,C1_vukzero_gvisor,gvisor,on,hardened,runsc,15,contained,976.851,,probe
C1,C_log_integrity,C1_vukzero_gvisor,gvisor,on,hardened,runsc,15,contained,1011.948,,probe
C2,C_log_integrity,C1_vukzero_gvisor,gvisor,on,hardened,runsc,15,contained,906.996,,probe
C3,C_log_integrity,C1_vukzero_gvisor,gvisor,on,hardened,runsc,15,contained,1001.253,,probe
D1,D_network_egress,C1_vukzero_gvisor,gvisor,on,hardened,runsc,15,contained,890.198,,probe
D2,D_network_egress,C1_vukzero_gvisor,gvisor,on,hardened,runsc,15,contained,825.235,,probe
D3,D_network_egress,C1_vukzero_gvisor,gvisor,on,hardened,runsc,15,contained,852.078,,probe
E1,E_host_kernel_reach,C1_vukzero_gvisor,gvisor,on,hardened,runsc,15,contained,859.193,,probe
E2,E_host_kernel_reach,C1_vukzero_gvisor,gvisor,on,hardened,runsc,15,contained,885.201,,probe
E3,E_host_kernel_reach,C1_vukzero_gvisor,gvisor,on,hardened,runsc,15,contained,757.885,,probe
E4,E_host_kernel_reach,C1_vukzero_gvisor,gvisor,on,hardened,runsc,15,contained,906.626,,probe
E5,E_host_kernel_reach,C1_vukzero_gvisor,gvisor,on,hardened,runsc,15,contained,933.690,,probe
E6,E_host_kernel_reach,C1_vukzero_gvisor,gvisor,on,hardened,runsc,15,contained,731.227,,probe
E7,E_host_kernel_reach,C1_vukzero_gvisor,gvisor,on,hardened,runsc,15,contained,741.619,,probe
E8,E_host_kernel_reach,C1_vukzero_gvisor,gvisor,on,hardened,runsc,15,contained,874.189,,probe
E9,E_host_kernel_reach,C1_vukzero_gvisor,gvisor,on,hardened,runsc,15,contained,765.036,,probe
E10,E_host_kernel_reach,C1_vukzero_gvisor,gvisor,on,hardened,runsc,15,contained,719.332,,probe
E11,E_host_kernel_reach,C1_vukzero_gvisor,gvisor,on,hardened,runsc,15,contained,854.724,,probe
F1,F_rule_tampering,C1_vukzero_gvisor,gvisor,on,hardened,runsc,15,contained,872.932,,probe
F2,F_rule_tampering,C1_vukzero_gvisor,gvisor,on,hardened,runsc,15,contained,905.742,,probe
A1,A_identity_key,C1_vukzero_gvisor,gvisor,on,hardened,runsc,16,contained,909.930,,probe
A2,A_identity_key,C1_vukzero_gvisor,gvisor,on,hardened,runsc,16,contained,982.772,,probe
A3,A_identity_key,C1_vukzero_gvisor,gvisor,on,hardened,runsc,16,contained,961.874,,probe
B1,B_wallet_state,C1_vukzero_gvisor,gvisor,on,hardened,runsc,16,contained,934.358,,probe
B2,B_wallet_state,C1_vukzero_gvisor,gvisor,on,hardened,runsc,16,contained,901.357,,probe
C1,C_log_integrity,C1_vukzero_gvisor,gvisor,on,hardened,runsc,16,contained,941.794,,probe
C2,C_log_integrity,C1_vukzero_gvisor,gvisor,on,hardened,runsc,16,contained,974.221,,probe
C3,C_log_integrity,C1_vukzero_gvisor,gvisor,on,hardened,runsc,16,contained,959.304,,probe
D1,D_network_egress,C1_vukzero_gvisor,gvisor,on,hardened,runsc,16,contained,1014.431,,probe
D2,D_network_egress,C1_vukzero_gvisor,gvisor,on,hardened,runsc,16,contained,835.441,,probe
D3,D_network_egress,C1_vukzero_gvisor,gvisor,on,hardened,runsc,16,contained,931.793,,probe
E1,E_host_kernel_reach,C1_vukzero_gvisor,gvisor,on,hardened,runsc,16,contained,1043.372,,probe
E2,E_host_kernel_reach,C1_vukzero_gvisor,gvisor,on,hardened,runsc,16,contained,1170.917,,probe
E3,E_host_kernel_reach,C1_vukzero_gvisor,gvisor,on,hardened,runsc,16,contained,751.054,,probe
E4,E_host_kernel_reach,C1_vukzero_gvisor,gvisor,on,hardened,runsc,16,contained,1202.688,,probe
E5,E_host_kernel_reach,C1_vukzero_gvisor,gvisor,on,hardened,runsc,16,contained,1144.138,,probe
E6,E_host_kernel_reach,C1_vukzero_gvisor,gvisor,on,hardened,runsc,16,contained,1029.293,,probe
E7,E_host_kernel_reach,C1_vukzero_gvisor,gvisor,on,hardened,runsc,16,contained,838.692,,probe
E8,E_host_kernel_reach,C1_vukzero_gvisor,gvisor,on,hardened,runsc,16,contained,1000.654,,probe
E9,E_host_kernel_reach,C1_vukzero_gvisor,gvisor,on,hardened,runsc,16,contained,906.658,,probe
E10,E_host_kernel_reach,C1_vukzero_gvisor,gvisor,on,hardened,runsc,16,contained,877.828,,probe
E11,E_host_kernel_reach,C1_vukzero_gvisor,gvisor,on,hardened,runsc,16,contained,1200.923,,probe
F1,F_rule_tampering,C1_vukzero_gvisor,gvisor,on,hardened,runsc,16,contained,1139.151,,probe
F2,F_rule_tampering,C1_vukzero_gvisor,gvisor,on,hardened,runsc,16,contained,1043.940,,probe
A1,A_identity_key,C1_vukzero_gvisor,gvisor,on,hardened,runsc,17,contained,902.213,,probe
A2,A_identity_key,C1_vukzero_gvisor,gvisor,on,hardened,runsc,17,contained,983.517,,probe
A3,A_identity_key,C1_vukzero_gvisor,gvisor,on,hardened,runsc,17,contained,1024.246,,probe
B1,B_wallet_state,C1_vukzero_gvisor,gvisor,on,hardened,runsc,17,contained,925.348,,probe
B2,B_wallet_state,C1_vukzero_gvisor,gvisor,on,hardened,runsc,17,contained,915.245,,probe
C1,C_log_integrity,C1_vukzero_gvisor,gvisor,on,hardened,runsc,17,contained,918.333,,probe
C2,C_log_integrity,C1_vukzero_gvisor,gvisor,on,hardened,runsc,17,contained,1070.227,,probe
C3,C_log_integrity,C1_vukzero_gvisor,gvisor,on,hardened,runsc,17,contained,963.498,,probe
D1,D_network_egress,C1_vukzero_gvisor,gvisor,on,hardened,runsc,17,contained,915.506,,probe
D2,D_network_egress,C1_vukzero_gvisor,gvisor,on,hardened,runsc,17,contained,778.396,,probe
D3,D_network_egress,C1_vukzero_gvisor,gvisor,on,hardened,runsc,17,contained,860.375,,probe
E1,E_host_kernel_reach,C1_vukzero_gvisor,gvisor,on,hardened,runsc,17,contained,1010.463,,probe
E2,E_host_kernel_reach,C1_vukzero_gvisor,gvisor,on,hardened,runsc,17,contained,1024.737,,probe
E3,E_host_kernel_reach,C1_vukzero_gvisor,gvisor,on,hardened,runsc,17,contained,797.404,,probe
E4,E_host_kernel_reach,C1_vukzero_gvisor,gvisor,on,hardened,runsc,17,contained,916.204,,probe
E5,E_host_kernel_reach,C1_vukzero_gvisor,gvisor,on,hardened,runsc,17,contained,977.098,,probe
E6,E_host_kernel_reach,C1_vukzero_gvisor,gvisor,on,hardened,runsc,17,contained,750.192,,probe
E7,E_host_kernel_reach,C1_vukzero_gvisor,gvisor,on,hardened,runsc,17,contained,777.827,,probe
E8,E_host_kernel_reach,C1_vukzero_gvisor,gvisor,on,hardened,runsc,17,contained,920.114,,probe
E9,E_host_kernel_reach,C1_vukzero_gvisor,gvisor,on,hardened,runsc,17,contained,761.023,,probe
E10,E_host_kernel_reach,C1_vukzero_gvisor,gvisor,on,hardened,runsc,17,contained,782.029,,probe
E11,E_host_kernel_reach,C1_vukzero_gvisor,gvisor,on,hardened,runsc,17,contained,845.071,,probe
F1,F_rule_tampering,C1_vukzero_gvisor,gvisor,on,hardened,runsc,17,contained,887.662,,probe
F2,F_rule_tampering,C1_vukzero_gvisor,gvisor,on,hardened,runsc,17,contained,933.980,,probe
A1,A_identity_key,C1_vukzero_gvisor,gvisor,on,hardened,runsc,18,contained,952.056,,probe
A2,A_identity_key,C1_vukzero_gvisor,gvisor,on,hardened,runsc,18,contained,1005.328,,probe
A3,A_identity_key,C1_vukzero_gvisor,gvisor,on,hardened,runsc,18,contained,1003.421,,probe
B1,B_wallet_state,C1_vukzero_gvisor,gvisor,on,hardened,runsc,18,contained,958.871,,probe
B2,B_wallet_state,C1_vukzero_gvisor,gvisor,on,hardened,runsc,18,contained,984.480,,probe
C1,C_log_integrity,C1_vukzero_gvisor,gvisor,on,hardened,runsc,18,contained,965.601,,probe
C2,C_log_integrity,C1_vukzero_gvisor,gvisor,on,hardened,runsc,18,contained,926.258,,probe
C3,C_log_integrity,C1_vukzero_gvisor,gvisor,on,hardened,runsc,18,contained,957.989,,probe
D1,D_network_egress,C1_vukzero_gvisor,gvisor,on,hardened,runsc,18,contained,955.458,,probe
D2,D_network_egress,C1_vukzero_gvisor,gvisor,on,hardened,runsc,18,contained,760.484,,probe
D3,D_network_egress,C1_vukzero_gvisor,gvisor,on,hardened,runsc,18,contained,902.993,,probe
E1,E_host_kernel_reach,C1_vukzero_gvisor,gvisor,on,hardened,runsc,18,contained,962.766,,probe
E2,E_host_kernel_reach,C1_vukzero_gvisor,gvisor,on,hardened,runsc,18,contained,947.323,,probe
E3,E_host_kernel_reach,C1_vukzero_gvisor,gvisor,on,hardened,runsc,18,contained,774.061,,probe
E4,E_host_kernel_reach,C1_vukzero_gvisor,gvisor,on,hardened,runsc,18,contained,915.467,,probe
E5,E_host_kernel_reach,C1_vukzero_gvisor,gvisor,on,hardened,runsc,18,contained,927.589,,probe
E6,E_host_kernel_reach,C1_vukzero_gvisor,gvisor,on,hardened,runsc,18,contained,787.876,,probe
E7,E_host_kernel_reach,C1_vukzero_gvisor,gvisor,on,hardened,runsc,18,contained,746.222,,probe
E8,E_host_kernel_reach,C1_vukzero_gvisor,gvisor,on,hardened,runsc,18,contained,875.736,,probe
E9,E_host_kernel_reach,C1_vukzero_gvisor,gvisor,on,hardened,runsc,18,contained,757.225,,probe
E10,E_host_kernel_reach,C1_vukzero_gvisor,gvisor,on,hardened,runsc,18,contained,750.504,,probe
E11,E_host_kernel_reach,C1_vukzero_gvisor,gvisor,on,hardened,runsc,18,contained,886.497,,probe
F1,F_rule_tampering,C1_vukzero_gvisor,gvisor,on,hardened,runsc,18,contained,945.406,,probe
F2,F_rule_tampering,C1_vukzero_gvisor,gvisor,on,hardened,runsc,18,contained,995.001,,probe
A1,A_identity_key,C1_vukzero_gvisor,gvisor,on,hardened,runsc,19,contained,937.183,,probe
A2,A_identity_key,C1_vukzero_gvisor,gvisor,on,hardened,runsc,19,contained,1042.667,,probe
A3,A_identity_key,C1_vukzero_gvisor,gvisor,on,hardened,runsc,19,contained,1125.118,,probe
B1,B_wallet_state,C1_vukzero_gvisor,gvisor,on,hardened,runsc,19,contained,975.326,,probe
B2,B_wallet_state,C1_vukzero_gvisor,gvisor,on,hardened,runsc,19,contained,996.793,,probe
C1,C_log_integrity,C1_vukzero_gvisor,gvisor,on,hardened,runsc,19,contained,1011.715,,probe
C2,C_log_integrity,C1_vukzero_gvisor,gvisor,on,hardened,runsc,19,contained,1091.717,,probe
C3,C_log_integrity,C1_vukzero_gvisor,gvisor,on,hardened,runsc,19,contained,1132.154,,probe
D1,D_network_egress,C1_vukzero_gvisor,gvisor,on,hardened,runsc,19,contained,1018.225,,probe
D2,D_network_egress,C1_vukzero_gvisor,gvisor,on,hardened,runsc,19,contained,1036.675,,probe
D3,D_network_egress,C1_vukzero_gvisor,gvisor,on,hardened,runsc,19,contained,1008.756,,probe
E1,E_host_kernel_reach,C1_vukzero_gvisor,gvisor,on,hardened,runsc,19,contained,1109.848,,probe
E2,E_host_kernel_reach,C1_vukzero_gvisor,gvisor,on,hardened,runsc,19,contained,971.610,,probe
E3,E_host_kernel_reach,C1_vukzero_gvisor,gvisor,on,hardened,runsc,19,contained,797.423,,probe
E4,E_host_kernel_reach,C1_vukzero_gvisor,gvisor,on,hardened,runsc,19,contained,977.913,,probe
E5,E_host_kernel_reach,C1_vukzero_gvisor,gvisor,on,hardened,runsc,19,contained,1068.360,,probe
E6,E_host_kernel_reach,C1_vukzero_gvisor,gvisor,on,hardened,runsc,19,contained,725.302,,probe
E7,E_host_kernel_reach,C1_vukzero_gvisor,gvisor,on,hardened,runsc,19,contained,789.328,,probe
E8,E_host_kernel_reach,C1_vukzero_gvisor,gvisor,on,hardened,runsc,19,contained,919.976,,probe
E9,E_host_kernel_reach,C1_vukzero_gvisor,gvisor,on,hardened,runsc,19,contained,693.419,,probe
E10,E_host_kernel_reach,C1_vukzero_gvisor,gvisor,on,hardened,runsc,19,contained,744.240,,probe
E11,E_host_kernel_reach,C1_vukzero_gvisor,gvisor,on,hardened,runsc,19,contained,832.209,,probe
F1,F_rule_tampering,C1_vukzero_gvisor,gvisor,on,hardened,runsc,19,contained,1077.891,,probe
F2,F_rule_tampering,C1_vukzero_gvisor,gvisor,on,hardened,runsc,19,contained,1009.163,,probe
A1,A_identity_key,C1_vukzero_gvisor,gvisor,on,hardened,runsc,20,contained,930.386,,probe
A2,A_identity_key,C1_vukzero_gvisor,gvisor,on,hardened,runsc,20,contained,969.128,,probe
A3,A_identity_key,C1_vukzero_gvisor,gvisor,on,hardened,runsc,20,contained,944.554,,probe
B1,B_wallet_state,C1_vukzero_gvisor,gvisor,on,hardened,runsc,20,contained,944.910,,probe
B2,B_wallet_state,C1_vukzero_gvisor,gvisor,on,hardened,runsc,20,contained,899.587,,probe
C1,C_log_integrity,C1_vukzero_gvisor,gvisor,on,hardened,runsc,20,contained,890.956,,probe
C2,C_log_integrity,C1_vukzero_gvisor,gvisor,on,hardened,runsc,20,contained,911.043,,probe
C3,C_log_integrity,C1_vukzero_gvisor,gvisor,on,hardened,runsc,20,contained,939.779,,probe
D1,D_network_egress,C1_vukzero_gvisor,gvisor,on,hardened,runsc,20,contained,959.233,,probe
D2,D_network_egress,C1_vukzero_gvisor,gvisor,on,hardened,runsc,20,contained,915.975,,probe
D3,D_network_egress,C1_vukzero_gvisor,gvisor,on,hardened,runsc,20,contained,927.039,,probe
E1,E_host_kernel_reach,C1_vukzero_gvisor,gvisor,on,hardened,runsc,20,contained,851.765,,probe
E2,E_host_kernel_reach,C1_vukzero_gvisor,gvisor,on,hardened,runsc,20,contained,975.694,,probe
E3,E_host_kernel_reach,C1_vukzero_gvisor,gvisor,on,hardened,runsc,20,contained,747.127,,probe
E4,E_host_kernel_reach,C1_vukzero_gvisor,gvisor,on,hardened,runsc,20,contained,878.536,,probe
E5,E_host_kernel_reach,C1_vukzero_gvisor,gvisor,on,hardened,runsc,20,contained,932.164,,probe
E6,E_host_kernel_reach,C1_vukzero_gvisor,gvisor,on,hardened,runsc,20,contained,727.934,,probe
E7,E_host_kernel_reach,C1_vukzero_gvisor,gvisor,on,hardened,runsc,20,contained,761.266,,probe
E8,E_host_kernel_reach,C1_vukzero_gvisor,gvisor,on,hardened,runsc,20,contained,856.449,,probe
E9,E_host_kernel_reach,C1_vukzero_gvisor,gvisor,on,hardened,runsc,20,contained,734.563,,probe
E10,E_host_kernel_reach,C1_vukzero_gvisor,gvisor,on,hardened,runsc,20,contained,683.729,,probe
E11,E_host_kernel_reach,C1_vukzero_gvisor,gvisor,on,hardened,runsc,20,contained,878.977,,probe
F1,F_rule_tampering,C1_vukzero_gvisor,gvisor,on,hardened,runsc,20,contained,952.587,,probe
F2,F_rule_tampering,C1_vukzero_gvisor,gvisor,on,hardened,runsc,20,contained,882.776,,probe
L1,L_legitimate,C1_vukzero_gvisor,gvisor,on,hardened,runsc,1,succeeded,920.665,,legitimate
L2,L_legitimate,C1_vukzero_gvisor,gvisor,on,hardened,runsc,1,succeeded,1.648,,legitimate
L3,L_legitimate,C1_vukzero_gvisor,gvisor,on,hardened,runsc,1,succeeded,0.045,,legitimate
L4,L_legitimate,C1_vukzero_gvisor,gvisor,on,hardened,runsc,1,succeeded,868.320,,legitimate
